eval	
hasop	
eval	15
hasop	15
eval	0
hasop	0
eval	0.5
hasop	0.5
eval	.5
hasop	.5
eval	12.5+8
hasop	12.5+8
eval	2+3*4
hasop	2+3*4
eval	2*3+4
hasop	2*3+4
eval	100-30-20
hasop	100-30-20
eval	6×7
hasop	6×7
eval	84÷2
hasop	84÷2
eval	5÷0
hasop	5÷0
eval	0÷0
hasop	0÷0
eval	15+
hasop	15+
eval	15+8-
hasop	15+8-
eval	+5
hasop	+5
eval	÷
hasop	÷
eval	×3
hasop	×3
eval	1.2.3
hasop	1.2.3
eval	999999999×999999999
hasop	999999999×999999999
eval	0.1+0.2
hasop	0.1+0.2
eval	10÷3
hasop	10÷3
eval	1-2-3-4
hasop	1-2-3-4
eval	2×3÷4
hasop	2×3÷4
eval	100÷7
hasop	100÷7
eval	1+2×3-4÷2
hasop	1+2×3-4÷2
eval	.
hasop	.
eval	..
hasop	..
eval	5..5
hasop	5..5
eval	1+
hasop	1+
eval	-
hasop	-
eval	6+159.0+61.09
hasop	6+159.0+61.09
eval	9
hasop	9
eval	603.4÷8.82+935.9+378×97
hasop	603.4÷8.82+935.9+378×97
eval	3.87×749
hasop	3.87×749
eval	625.60
hasop	625.60
eval	955
hasop	955
eval	97.4÷104÷65.52+03-366
hasop	97.4÷104÷65.52+03-366
eval	2×6×656-2.0
hasop	2×6×656-2.0
eval	244.85×8+86÷7
hasop	244.85×8+86÷7
eval	1
hasop	1
eval	1+0+90.9÷4
hasop	1+0+90.9÷4
eval	71.77÷12.47-038+414-38
hasop	71.77÷12.47-038+414-38
eval	39-6-8+4-957
hasop	39-6-8+4-957
eval	13.35-99÷511
hasop	13.35-99÷511
eval	26×6
hasop	26×6
eval	222.29
hasop	222.29
eval	52-0+263-4.9×86
hasop	52-0+263-4.9×86
eval	579
hasop	579
eval	82+29.2-91×888+033.8
hasop	82+29.2-91×888+033.8
eval	017-478÷384-26.51
hasop	017-478÷384-26.51
eval	13+5.7
hasop	13+5.7
eval	167.2÷656.15
hasop	167.2÷656.15
eval	87
hasop	87
eval	58
hasop	58
eval	1-1.2×6×28÷514.6
hasop	1-1.2×6×28÷514.6
eval	01
hasop	01
eval	314
hasop	314
eval	5÷92.1-02.48-78
hasop	5÷92.1-02.48-78
eval	04.8-737.78÷433
hasop	04.8-737.78÷433
eval	50+4
hasop	50+4
eval	6
hasop	6
eval	340-70.85-4.0
hasop	340-70.85-4.0
eval	17.3+4-90
hasop	17.3+4-90
eval	31-965÷4
hasop	31-965÷4
eval	8-890
hasop	8-890
eval	310.16÷008÷07+817.4-337
hasop	310.16÷008÷07+817.4-337
eval	7×9-9.49-7.13
hasop	7×9-9.49-7.13
eval	84÷8.7+71÷63
hasop	84÷8.7+71÷63
eval	9.52×5.60
hasop	9.52×5.60
eval	7÷26
hasop	7÷26
eval	5.61-044÷91
hasop	5.61-044÷91
eval	04.23×85.60÷831.79-470
hasop	04.23×85.60÷831.79-470
eval	2×44×34÷2+8
hasop	2×44×34÷2+8
eval	375÷28.2×153-6
hasop	375÷28.2×153-6
eval	6.7×528-4÷76+0
hasop	6.7×528-4÷76+0
eval	701÷31.8+718+3
hasop	701÷31.8+718+3
eval	424
hasop	424
eval	111-43+8÷53
hasop	111-43+8÷53
eval	306×0.14
hasop	306×0.14
eval	653×656.81
hasop	653×656.81
eval	34-7.19
hasop	34-7.19
eval	237+260.6+026×112
hasop	237+260.6+026×112
eval	870÷57.1
hasop	870÷57.1
eval	5+365×10
hasop	5+365×10
eval	87.70÷6.7
hasop	87.70÷6.7
eval	4.9
hasop	4.9
eval	45+54.0-7
hasop	45+54.0-7
eval	46-20×293×59.6
hasop	46-20×293×59.6
eval	6.7×6
hasop	6.7×6
eval	91.77
hasop	91.77
eval	2-814.54
hasop	2-814.54
eval	7.3-93÷38
hasop	7.3-93÷38
eval	701.7
hasop	701.7
eval	4.3-5-94
hasop	4.3-5-94
eval	9
hasop	9
eval	0-3+305
hasop	0-3+305
eval	9-7+16
hasop	9-7+16
eval	812×44
hasop	812×44
eval	95
hasop	95
eval	36
hasop	36
eval	6÷1
hasop	6÷1
eval	22.6+958.42-1
hasop	22.6+958.42-1
eval	20÷09
hasop	20÷09
eval	9-396-29.82÷12.0
hasop	9-396-29.82÷12.0
eval	051÷464÷57-0÷37
hasop	051÷464÷57-0÷37
eval	7+5+88+215
hasop	7+5+88+215
eval	0÷201+2÷23.94-94
hasop	0÷201+2÷23.94-94
eval	4÷9.5×3.4×24.5
hasop	4÷9.5×3.4×24.5
eval	891.54÷92+32+84
hasop	891.54÷92+32+84
eval	500.96÷502+0.41×369-5
hasop	500.96÷502+0.41×369-5
eval	2.2÷1×40.99÷873.0
hasop	2.2÷1×40.99÷873.0
eval	062.1
hasop	062.1
eval	832
hasop	832
eval	869.14+780÷717.4-015×048
hasop	869.14+780÷717.4-015×048
eval	43.2×3×6-87+6
hasop	43.2×3×6-87+6
eval	436+220.9
hasop	436+220.9
eval	20.0+019
hasop	20.0+019
eval	161.1+1
hasop	161.1+1
eval	12.4×64.40×98
hasop	12.4×64.40×98
eval	060+70-194.8
hasop	060+70-194.8
eval	00+27
hasop	00+27
eval	92.3÷1+81×6+05.68
hasop	92.3÷1+81×6+05.68
eval	6-28+95÷852×325
hasop	6-28+95÷852×325
eval	344-235
hasop	344-235
eval	3-12+6.4
hasop	3-12+6.4
eval	43.4-70.38×02.03
hasop	43.4-70.38×02.03
eval	996-217×163-67
hasop	996-217×163-67
eval	82×6+4-385.83÷058
hasop	82×6+4-385.83÷058
eval	2+950.60+6×413
hasop	2+950.60+6×413
eval	367.1-83-67-53.46
hasop	367.1-83-67-53.46
eval	04×77
hasop	04×77
eval	524
hasop	524
eval	9
hasop	9
eval	590-4.9
hasop	590-4.9
eval	2×3
hasop	2×3
eval	9+843-171×32+72
hasop	9+843-171×32+72
eval	28+5
hasop	28+5
eval	47÷125+9.18÷20.25+557
hasop	47÷125+9.18÷20.25+557
eval	4÷80×76×537×5
hasop	4÷80×76×537×5
eval	106÷906
hasop	106÷906
eval	3
hasop	3
eval	088-913.21-6+24
hasop	088-913.21-6+24
eval	26.6+98.6÷10
hasop	26.6+98.6÷10
eval	276+732÷0+3-04
hasop	276+732÷0+3-04
eval	20-148
hasop	20-148
eval	400.9+44-90÷22
hasop	400.9+44-90÷22
eval	26
hasop	26
eval	95.9×029÷6÷374
hasop	95.9×029÷6÷374
eval	46.4-248÷81
hasop	46.4-248÷81
eval	33+673+78.13÷848
hasop	33+673+78.13÷848
eval	333.4×956-0÷15+5
hasop	333.4×956-0÷15+5
eval	89.3÷934×17
hasop	89.3÷934×17
eval	4×2+0÷19+145
hasop	4×2+0÷19+145
eval	862
hasop	862
eval	33.50+4
hasop	33.50+4
eval	1.3×971×61÷7.0
hasop	1.3×971×61÷7.0
eval	302-9-16+55
hasop	302-9-16+55
eval	5.0-782-66.4×24
hasop	5.0-782-66.4×24
eval	71.3÷14×43
hasop	71.3÷14×43
eval	46
hasop	46
eval	420
hasop	420
eval	82×5÷4-8-9.9
hasop	82×5÷4-8-9.9
eval	23.9×0.08×47.72×2
hasop	23.9×0.08×47.72×2
eval	2+87+5
hasop	2+87+5
eval	690.7÷088.1-221
hasop	690.7÷088.1-221
eval	0.4+978.15+204.98×1.8-2
hasop	0.4+978.15+204.98×1.8-2
eval	620÷699÷5-69
hasop	620÷699÷5-69
eval	80-536+18.63
hasop	80-536+18.63
eval	032÷00.94+141÷0.52+9
hasop	032÷00.94+141÷0.52+9
eval	17-18.69×31×99.38×84
hasop	17-18.69×31×99.38×84
eval	03-869×3×44
hasop	03-869×3×44
eval	00.9×08
hasop	00.9×08
eval	18.6×523×174-10
hasop	18.6×523×174-10
eval	176-49÷74×68÷507
hasop	176-49÷74×68÷507
eval	8-96+59
hasop	8-96+59
eval	6+0.48×968
hasop	6+0.48×968
eval	75.70+316÷892÷67
hasop	75.70+316÷892÷67
eval	81.51×214÷284-362.5+600
hasop	81.51×214÷284-362.5+600
eval	4+003.88-369.8+1.79÷0
hasop	4+003.88-369.8+1.79÷0
eval	23-4+37+3+09.0
hasop	23-4+37+3+09.0
eval	250÷69.13
hasop	250÷69.13
eval	936÷3.5÷0×85.56
hasop	936÷3.5÷0×85.56
eval	6
hasop	6
eval	363×6.5-2.82
hasop	363×6.5-2.82
eval	73.36÷934-7×795÷832
hasop	73.36÷934-7×795÷832
eval	818
hasop	818
eval	9.6+235.1×431+4.45
hasop	9.6+235.1×431+4.45
eval	24.56+736+4.0÷9.4
hasop	24.56+736+4.0÷9.4
eval	08-397
hasop	08-397
eval	95+409+1.35
hasop	95+409+1.35
eval	69
hasop	69
eval	156×878.6-30
hasop	156×878.6-30
eval	28.8×0.61-422÷733.25×2
hasop	28.8×0.61-422÷733.25×2
eval	18-297
hasop	18-297
eval	1+73.43+471.79×28.7
hasop	1+73.43+471.79×28.7
eval	5×7÷8×4
hasop	5×7÷8×4
eval	312+24-4
hasop	312+24-4
eval	25×8×0.03
hasop	25×8×0.03
eval	72+3.61+73.00÷4.8
hasop	72+3.61+73.00÷4.8
eval	17.2÷07×371÷82
hasop	17.2÷07×371÷82
eval	105×965-58+3÷129
hasop	105×965-58+3÷129
eval	58.64+2-134-473-918
hasop	58.64+2-134-473-918
eval	6÷8+817÷239+5
hasop	6÷8+817÷239+5
eval	30
hasop	30
eval	937.6
hasop	937.6
eval	391
hasop	391
eval	5×041.70×5
hasop	5×041.70×5
eval	0-53+710+22×629
hasop	0-53+710+22×629
eval	470.7÷0.72÷39×83-903.75
hasop	470.7÷0.72÷39×83-903.75
eval	65×753.90-246.59-081÷915
hasop	65×753.90-246.59-081÷915
eval	1×583
hasop	1×583
eval	650×85-22.67÷429.44×3
hasop	650×85-22.67÷429.44×3
eval	249
hasop	249
eval	61×4+4.3+73
hasop	61×4+4.3+73
eval	133-011×203.5
hasop	133-011×203.5
eval	5
hasop	5
eval	769
hasop	769
eval	0+9÷647
hasop	0+9÷647
eval	95.21
hasop	95.21
eval	3.5
hasop	3.5
eval	58-995.70×878.24
hasop	58-995.70×878.24
eval	715.6
hasop	715.6
eval	9.8
hasop	9.8
eval	8×522-053÷5÷35
hasop	8×522-053÷5÷35
eval	0.50
hasop	0.50
eval	666-4.33
hasop	666-4.33
eval	5×73-42
hasop	5×73-42
eval	5.2×997.3×7.4
hasop	5.2×997.3×7.4
eval	2
hasop	2
eval	4.12
hasop	4.12
eval	616÷09.0-939+005.1
hasop	616÷09.0-939+005.1
eval	8-8.8×15-142.10
hasop	8-8.8×15-142.10
eval	068×5
hasop	068×5
eval	485×65÷6÷0.96
hasop	485×65÷6÷0.96
eval	1.0÷857
hasop	1.0÷857
eval	90÷598-651
hasop	90÷598-651
eval	95.9×75÷321×382-227.5
hasop	95.9×75÷321×382-227.5
eval	61×15×14÷177
hasop	61×15×14÷177
eval	202-585
hasop	202-585
eval	8.09-84×4
hasop	8.09-84×4
eval	713.95
hasop	713.95
eval	765.66
hasop	765.66
eval	53-395.5+7÷01÷66
hasop	53-395.5+7÷01÷66
eval	7-033
hasop	7-033
eval	485
hasop	485
eval	1.9+7.9÷3÷8
hasop	1.9+7.9÷3÷8
eval	260-53+8.15÷48
hasop	260-53+8.15÷48
eval	044.68×32.77-53+508.04
hasop	044.68×32.77-53+508.04
eval	43÷73
hasop	43÷73
eval	6
hasop	6
eval	2
hasop	2
eval	720
hasop	720
eval	273×8-381-0×762
hasop	273×8-381-0×762
eval	2×9
hasop	2×9
eval	244-3+62-813-56.13
hasop	244-3+62-813-56.13
eval	147÷3×981.43×9+32
hasop	147÷3×981.43×9+32
eval	5
hasop	5
eval	5-4÷8.9÷00.6
hasop	5-4÷8.9÷00.6
eval	95.5-150
hasop	95.5-150
eval	24.1-48×32+453.2
hasop	24.1-48×32+453.2
eval	883+0
hasop	883+0
eval	3.2×6+91.3-803.10-245.92
hasop	3.2×6+91.3-803.10-245.92
eval	66.2
hasop	66.2
eval	225-3+7.19+0÷5
hasop	225-3+7.19+0÷5
eval	724×7-68.1×3.83
hasop	724×7-68.1×3.83
eval	066×61.96×4+7
hasop	066×61.96×4+7
eval	72-5÷045.27÷831.6-45
hasop	72-5÷045.27÷831.6-45
eval	3÷75-6
hasop	3÷75-6
eval	1
hasop	1
eval	451÷4+957.54÷077
hasop	451÷4+957.54÷077
eval	1
hasop	1
eval	82÷5+23+29
hasop	82÷5+23+29
eval	348.16÷545.08×3
hasop	348.16÷545.08×3
eval	4
hasop	4
eval	409.52×73
hasop	409.52×73
eval	14×74.86-02.86+65
hasop	14×74.86-02.86+65
eval	414+8×95.1+614.1
hasop	414+8×95.1+614.1
eval	56×22÷423+18.9
hasop	56×22÷423+18.9
eval	39-3-140÷26
hasop	39-3-140÷26
eval	199×334.5+811
hasop	199×334.5+811
eval	0-48.98+8
hasop	0-48.98+8
eval	34
hasop	34
eval	89.4+2.65+419.89
hasop	89.4+2.65+419.89
eval	0×417÷97.1÷4
hasop	0×417÷97.1÷4
eval	807
hasop	807
eval	38×090.6
hasop	38×090.6
eval	848
hasop	848
eval	554.5÷7
hasop	554.5÷7
eval	2÷15÷1
hasop	2÷15÷1
eval	635.3×662÷2.9
hasop	635.3×662÷2.9
eval	00+03+59÷30.61+237
hasop	00+03+59÷30.61+237
eval	719+26-779.96+330-031
hasop	719+26-779.96+330-031
eval	0÷3
hasop	0÷3
eval	964.07
hasop	964.07
eval	122
hasop	122
eval	851÷1
hasop	851÷1
eval	188+089.08-2÷1-619
hasop	188+089.08-2÷1-619
eval	511+5.42÷953.0+938÷931
hasop	511+5.42÷953.0+938÷931
eval	026
hasop	026
eval	9
hasop	9
eval	24×5-27×30
hasop	24×5-27×30
eval	38
hasop	38
eval	3+210×55.7
hasop	3+210×55.7
eval	8.6+334
hasop	8.6+334
eval	461
hasop	461
eval	792×35.1
hasop	792×35.1
eval	499.9+641.8
hasop	499.9+641.8
eval	5.7
hasop	5.7
eval	472×66-17-6-3
hasop	472×66-17-6-3
eval	90+2×420.0
hasop	90+2×420.0
eval	19+4.5×225×52
hasop	19+4.5×225×52
eval	2.03
hasop	2.03
eval	6-740.53
hasop	6-740.53
eval	7+7÷6.23
hasop	7+7÷6.23
eval	01.57÷5+373÷0
hasop	01.57÷5+373÷0
eval	3×1.77-7+4×1
hasop	3×1.77-7+4×1
eval	42+708÷925.05-309
hasop	42+708÷925.05-309
eval	30.3
hasop	30.3
eval	593÷2.31÷87
hasop	593÷2.31÷87
eval	337.43×6.09
hasop	337.43×6.09
eval	3+9÷88
hasop	3+9÷88
eval	38.22-502.1
hasop	38.22-502.1
eval	64-4÷0+4.2÷8
hasop	64-4÷0+4.2÷8
eval	891÷895-19
hasop	891÷895-19
eval	24÷84+097.07÷27-13
hasop	24÷84+097.07÷27-13
eval	3×75.3×0÷617
hasop	3×75.3×0÷617
eval	855÷27-51
hasop	855÷27-51
eval	339-44.9÷903
hasop	339-44.9÷903
eval	684.2+302.30+1-7×46
hasop	684.2+302.30+1-7×46
eval	01.11+425÷3
hasop	01.11+425÷3
eval	2÷40.7+9.73+796.9-7.86
hasop	2÷40.7+9.73+796.9-7.86
eval	500.3×7-4×2.54÷84.14
hasop	500.3×7-4×2.54÷84.14
eval	83.7
hasop	83.7
eval	5.78
hasop	5.78
eval	1÷71.7×65
hasop	1÷71.7×65
eval	017.20-7+15
hasop	017.20-7+15
eval	6
hasop	6
eval	4
hasop	4
eval	115.23-65
hasop	115.23-65
eval	81.73-476
hasop	81.73-476
eval	371×0.29
hasop	371×0.29
eval	25÷0×4
hasop	25÷0×4
eval	35
hasop	35
eval	45÷41+693
hasop	45÷41+693
eval	224.66
hasop	224.66
eval	3×052-808
hasop	3×052-808
eval	73×1.00-19.3
hasop	73×1.00-19.3
eval	647×975×591+76.3
hasop	647×975×591+76.3
eval	85+907
hasop	85+907
eval	2+8.13+5÷6
hasop	2+8.13+5÷6
eval	35
hasop	35
eval	278+296-0
hasop	278+296-0
eval	9+8.8÷8.7+29×6.01
hasop	9+8.8÷8.7+29×6.01
eval	23
hasop	23
eval	239.9+793.80
hasop	239.9+793.80
eval	7+625-563-6
hasop	7+625-563-6
eval	42÷2.18×6÷774
hasop	42÷2.18×6÷774
eval	98.3+61
hasop	98.3+61
eval	655÷279+758
hasop	655÷279+758
eval	94.2×659-28-12
hasop	94.2×659-28-12
eval	577
hasop	577
eval	058×715.05÷5
hasop	058×715.05÷5
eval	4×26.3+224.6×1+6
hasop	4×26.3+224.6×1+6
eval	766.9
hasop	766.9
eval	01.0+21
hasop	01.0+21
eval	3
hasop	3
eval	16÷73
hasop	16÷73
eval	222
hasop	222
eval	078+89.09×682
hasop	078+89.09×682
eval	272-088×39÷79-63.9
hasop	272-088×39÷79-63.9
eval	558.29
hasop	558.29
eval	41+6÷98+9+41
hasop	41+6÷98+9+41
eval	41×0×1×38
hasop	41×0×1×38
eval	94×71.4+825÷4+70.3
hasop	94×71.4+825÷4+70.3
eval	714-1×22-34.3
hasop	714-1×22-34.3
eval	416÷1
hasop	416÷1
eval	06.78-28×22÷49
hasop	06.78-28×22÷49
eval	95.5÷2×69×5.4÷595
hasop	95.5÷2×69×5.4÷595
eval	253×39.3
hasop	253×39.3
eval	3+1+9+06.59+659
hasop	3+1+9+06.59+659
eval	9.3+1.66
hasop	9.3+1.66
eval	9
hasop	9
eval	4÷00÷862×255.2
hasop	4÷00÷862×255.2
eval	2.2×991
hasop	2.2×991
eval	80-23+5.7÷57
hasop	80-23+5.7÷57
eval	078.9-1.15
hasop	078.9-1.15
eval	41
hasop	41
eval	2.51÷9.2+80+386.6
hasop	2.51÷9.2+80+386.6
eval	713+361.8×53.30
hasop	713+361.8×53.30
eval	61.0-16÷31÷741
hasop	61.0-16÷31÷741
eval	2.20-011-3×25
hasop	2.20-011-3×25
eval	7+1÷2
hasop	7+1÷2
eval	116.0-5.95÷983
hasop	116.0-5.95÷983
eval	52-482
hasop	52-482
eval	92.41÷87.84×04-754
hasop	92.41÷87.84×04-754
eval	33
hasop	33
eval	450.5×06×5+271
hasop	450.5×06×5+271
eval	02÷46.2-40
hasop	02÷46.2-40
eval	02÷32
hasop	02÷32
eval	114÷406÷5.52
hasop	114÷406÷5.52
eval	330
hasop	330
eval	341.3÷951.89+713.65+1÷6.6
hasop	341.3÷951.89+713.65+1÷6.6
eval	844
hasop	844
eval	00÷9÷621÷4
hasop	00÷9÷621÷4
eval	011-06
hasop	011-06
eval	58-8+48.55×19
hasop	58-8+48.55×19
eval	5×5+26.36
hasop	5×5+26.36
eval	3
hasop	3
eval	64.25+6.60÷738.2×829
hasop	64.25+6.60÷738.2×829
eval	48÷912.38-759.77-1.9-12
hasop	48÷912.38-759.77-1.9-12
eval	0-17-5×025+9
hasop	0-17-5×025+9
eval	4
hasop	4
eval	137×004.8÷926
hasop	137×004.8÷926
eval	73-48.60-3×85
hasop	73-48.60-3×85
eval	563.62
hasop	563.62
eval	6÷333+45÷69-60
hasop	6÷333+45÷69-60
eval	28-241÷66.2
hasop	28-241÷66.2
eval	8×6-2-7
hasop	8×6-2-7
eval	87+7.8
hasop	87+7.8
eval	4-255.2×4+9
hasop	4-255.2×4+9
eval	3.41
hasop	3.41
eval	24.35-613+17
hasop	24.35-613+17
eval	3
hasop	3
eval	68×19÷698
hasop	68×19÷698
eval	26÷0÷388+560.23
hasop	26÷0÷388+560.23
eval	4-6×6×935.1
hasop	4-6×6×935.1
eval	4-1+05
hasop	4-1+05
eval	86+747÷6÷5÷88.9
hasop	86+747÷6÷5÷88.9
eval	743.94
hasop	743.94
eval	9÷4-8.0
hasop	9÷4-8.0
keys	÷,9,÷,2,3,3,-,9,clear,0
keys	-,+,4,back,2,0,0,4,clear,7,2,2,eq
keys	clear,2,4,9
keys	×,÷,8,7,.,1,3,eq,×,9,1,3,3,×
keys	6,8
keys	back,9,5,×,0,9,÷,.,9,eq,8
keys	clear,2,3,clear,back,.,7,+,3,.,clear
keys	clear,9,9,+,7,×,clear,8,7,×,÷,8,6,4
keys	4,eq,0,2,8,5,+,8,6
keys	÷,5,3,9,3,5,back
keys	clear,×,1,6,-,-,×,6,+,eq,9
keys	-,clear,-,6,-,4,clear
keys	.,eq,÷,1,2,7,2,eq,5,+,8,÷,back
keys	9,+,5,eq,5,5
keys	4,clear
keys	back,.,3,clear
keys	4,eq,7
keys	.,9,9,2,8,6,-,0,×,7,-,÷,0,÷
keys	-,0,3,7,-,8,7,0,3,÷,×,clear,2,7
keys	9,6,1,+,1,3,0,back
keys	4,-,4,eq,÷,8,+,-,5
keys	2,.,×,6
keys	9,.,1,clear,+,clear,3,1,.,8,8,8,×
keys	clear,÷,÷,÷,÷,.,3,5,3,7,4,6,4
keys	back,.,6,.
keys	÷,back,1,5,1,5,÷,2,2,÷,0,0
keys	×,clear,2,×,7,4,1,×
keys	.,9,back,×
keys	1,clear,0,.,1,×,6
keys	.,0,0,3
keys	1,×,back,back,+,3,-,.,0,-,8,×,2,back
keys	clear,-,3,back,3,-,3,back,×
keys	clear,0,3,back,9,1,×,8,0,back,7,+,÷
keys	3,9,1,.,9,eq,7
keys	-,0,×,÷,eq,4,back,9,eq,1,9,0,4,.
keys	1,7,0,5,8,7,-,7,clear,.,4,3
keys	÷,clear,-,+
keys	÷,5,eq
keys	9,+,0,clear,8,back,1,3,5,0,-,eq,2
keys	.,2,4,-,4,9
keys	1,3,÷,clear,4,back,3,6,4
keys	9,7,0,1,8,3,5,÷,clear,.,4,5,.
keys	-,4,÷,8,8,eq,5,4,+,4,7,0
keys	3,6,9,0,9,.,3,9,÷,eq,5
keys	3,2,+,-,5,5,6,2
keys	0,2,-,2,4,7,÷,1,×,÷,3,0,-
keys	6,7,×,+,÷,eq
keys	4,-,2,9,×,9
keys	3,6,×,.,÷
keys	6,back,9,-,2
keys	÷,2
keys	÷,×,8,back,8,-,3,7,clear,5
keys	×,6,0,back,-,.,-,3,eq
keys	2,-,4,9,×,clear,4,9,.,÷,÷
keys	back,4,5,8,clear
keys	0,×,0,8,eq,back,+,6,×,0,÷,×,6,2
keys	7,9
keys	6,×,+,÷,×,+,-
keys	7,2
keys	clear,3,÷,×,+
keys	×,5,7,clear,eq,×,.,8,-,.
keys	÷,1,back,clear,6,1,5,1
keys	9,2,6,7,back,9
keys	eq,×,eq,2,1,2,5,6
keys	2,-,4,clear,9,+,2,4,eq,.,×,7
keys	1,2
keys	.,1,-,8,+,÷,7,8
keys	÷,5,5
keys	÷,+,4,-,eq,2,6,9,+,8,eq,7,3,eq
keys	-,7,.,0,0,÷
keys	×,+,9,back,7,7,9,6,+,eq,back,+
keys	-,2,0,0,eq,-,.,back,6,×,eq,6,back,1
keys	6,.,back,0,8,9,4,÷
keys	6,9,eq,back,5,6,9,-,.,0,3,9,+
keys	6,4,5,×,9,3,+,4,3,9,8,clear
keys	8,÷,9,eq,.,8,0
keys	.,7,.,6
keys	×,8,.,0,9,9,0,clear,8,4,6,+,3
keys	+,.,3,clear,5,×,8,2,÷,back,9
keys	clear,clear,1,.,×,8
keys	5,back,back,.,4,7,8,3,7
keys	7,1,6,clear
keys	4,eq,back,+
keys	back,+,1,6,7,×,clear,back,6,1,.,1,2,8
keys	3,back,4,clear,clear,5
keys	3,clear,4,-,4,9,6,.,back,2,back,.,-
keys	+,0,back,back
keys	6,eq,clear,3
keys	÷,7,3,.,4,3,6,eq,.,+,2,×
keys	eq,1
keys	-,÷,back,8,.
keys	eq,0,6,back,5
keys	6,+
keys	×,6,2,2,clear,1,4,0,clear,back,÷
keys	8,8,0,×,8,clear,1,8,4,÷
keys	6,7,4,0
keys	8,4,back,×,+,0,×,×,1,clear,3
keys	1,-,4,back,back,5,4,clear
keys	4,clear,×,8,8,2,7
keys	÷,+
keys	3,clear,eq,clear,5,clear,6,4,0,2
keys	7,.,7,3,1,×
keys	1,2,back
keys	6,×,9,6,4,eq,÷,back
keys	1,+,eq
keys	6,.,3,6,÷,3,3,.,clear,clear,eq,4,1,8
keys	0,back,×,1,4,.,×,×,2,×
keys	eq,clear,+,clear
keys	4,×,8,+,9,2,÷
keys	.
keys	3,-,back,÷,5,3,+,1,7,0,4,1
keys	9,÷,.,1,7,7,÷,8,back,÷,-,3
keys	5,+,3,+
keys	÷,4,1,×,6,2,÷,back,4,3
keys	0,×,×,7,clear,3,7,÷,.,6,.,2
keys	5,clear,.,2,.,0,3,8
keys	5,clear,.,1,÷,3,.
keys	6,5,9,eq,4,clear,8,8,8
keys	4,9,8,÷,6,5,6,÷
keys	6,.,5
keys	9,-,back,-,4,+,1
keys	8,5,clear,.,6,-,8
keys	4,4,+,÷,clear,clear,6,4,5,.,eq,8,0,×
keys	2,8,2
keys	3,9,eq,back
keys	7,9,8,+,1,3
keys	1,0,5,8,clear,2,×,6,7,back
keys	.,÷,1,9,8,3,-,+,eq
keys	3,6,.,9,8
keys	2,7,1,2,-
keys	5,×,.,8,7,5
keys	clear,clear,9,5,3,eq,5,0,7,+,clear,clear,back,4
keys	×,÷,5,1,+,2,0,.,4
keys	1
keys	5,4,9,9,3,clear,5,×,4,eq,9,.,5
keys	÷,5,÷
keys	5,4,9,-,4,eq,.
keys	7,-,+,2,clear,.,÷,3,eq
keys	3,8,3,4,.,.,×,0,eq
keys	3,5
keys	×,8,.,1,4,8,3,+,+,.,4,÷
keys	1,.,9,.,clear,3,.,1
keys	clear,-,+,eq,eq,+
keys	8,4,2,9,2,6,×,1
keys	clear
keys	eq,eq,5,×,eq
keys	2,4,7,3,4,÷,0,7,1
keys	0,7,4,-
keys	4,5,clear,-,back,8,0,7,.
keys	eq,back,1,+,×
keys	÷,4,clear
keys	0,back,eq,eq,4,0
keys	back,-,+,0,back,1
keys	back,2
keys	-,.
keys	8,÷,2,÷
keys	eq,÷,9,clear,eq,+,back,6,×
keys	×,3
keys	+,4,eq,×,6,7,7,7,7
keys	0,-,8,9,1,0
keys	×,9,eq,-,9,5,back,÷,÷
keys	9,-,1,3,÷,.,5,clear,0,back,5,7,8,+
keys	3,.,0,+,+,-,3,.,.,.,9,4
keys	0,2,÷
keys	.,7,clear,3,0,+,6,×,eq
keys	.,8,eq,0,2
keys	8,eq,+,2,eq,-,8,0,+
keys	0,9,8,0,+,1,1
keys	eq,clear,÷,3
keys	.,2,eq,8,+,3,4,2,÷,÷
keys	7,5,eq,8,clear,.,back,8,×,eq,6,2,0
keys	eq,1,4,÷,.,5,×,×,9
keys	6,0,2,eq,4,4,8
keys	5,0,0,+,.,0,1,×
keys	7,7,3,÷,6
keys	7,3
keys	7,3,÷,3
keys	×,.,back,5,-,back
keys	5,.,-,÷,5,eq,3,3,÷,eq,back,3
keys	7,+
keys	4,2,×,back,back,-,4,×,back,5,÷,9,eq,3
keys	eq,5,.,+,7,7,7,÷,-,clear
keys	×,eq,4,6,7,+,.,2
keys	9,3
keys	5,÷,÷,0,-,2,1,clear
keys	6,0,clear,4,6,+,×
keys	6,+,6,eq,8,6
keys	0,7,.,clear,1,1,9,0,3,0,-,clear,×
keys	÷,+,0,÷,4,1,5,÷,.,8,eq,÷
keys	9
keys	+,0,2,2,÷,0
keys	×,3,back,2,3,8,0,-,2
keys	eq,clear,7,-,7,3,.,0,clear,×,5,clear,0,2
keys	7,7,5
keys	.,-,1,+,×,4
keys	back,6,9,clear,0,6,.,×,6
keys	÷,7,9,1,.,-,7,×,-,2,2,3
keys	9,eq
keys	back,1
keys	2,1,6,1,4,clear,7,×,-,7,8,+,4,.
keys	÷,5,÷,8,clear,÷,1,9,6,eq,7
keys	9,eq,+,0,eq,4,2,3
keys	4,0,5,back
keys	0,eq,8
keys	-,6,back,0,8,7
keys	.,4,×,8,+,.,.,4,0,clear,9,back,0,7
keys	back,÷
keys	6,back,4,3,clear,÷,eq,3,0,.,5
keys	eq,6,-,clear,2,0,6,9,2,3
keys	÷,+,3
keys	-,8,6,8
keys	3,×,7,8,-,×,3
keys	clear,5,5,4,8,4,4
keys	6,back,eq,5,6,7,5,4,-
keys	back,+
keys	.,2,7,2,clear,0,0,3,2,3,+,7
keys	×,clear,.,+,-,×,eq,eq,5,eq
keys	1,9,6,6,5,-,÷,7,×,back,7,2
keys	×,×,8,9,×,8,back,1
keys	back,+,clear,0,back,5,eq,9
keys	3,back,back,2,2
keys	÷,÷,+
keys	clear,8,clear,.,-,4,÷,0
keys	eq,2,+,9,4,+,.,.,×,back,0
keys	4,6,+
keys	-,.,-,4
keys	÷,clear,1,7,.,1,4,eq,2,9
keys	×,back,9,-,clear,+
keys	8,clear,7,7
keys	8,5,back,eq,3,6,back,2
keys	clear,8,2,3,3,+,back
keys	7,back,2,back,+,8,4,back,4,1,5,6,back,4
keys	back,8,÷,0
keys	-,8
keys	7,clear,9,3,9,1,8,5,7,4,clear,÷
keys	back,0,4
keys	eq,+,9,9
keys	1,.,÷,2,7,-,8,÷,4,8,3,4,7,clear
keys	÷,5,3,.
keys	.,clear,-,5,5,4,8,-
keys	back
keys	2,2
keys	5,7,3,7,7,1,.
keys	2,-
keys	+,3,1,clear,4,eq,clear,3,back
keys	÷,.,2,.,2,3,-,3,.,1
keys	8,eq,1,.
keys	+,3,back,7,back,3,6,6,4,0,4,0,0,2
keys	8,8,6
keys	3,3,.,7,eq,0,5,6,×,clear,clear,1,3,3
keys	5,1,2,3
keys	8,-,eq,-,+
keys	1,7,2,÷,1,+,×,÷
keys	-,×,5,1,.,back,0,4,0,clear
keys	.,eq,back,÷,2
keys	3,8,4,clear,0
keys	7,-,back,7,+,.,8,4,9
keys	+,7,9,2,0,0,9,.,÷,8,9
keys	-,+,7
keys	2,÷,3,3,6,clear,8,1,9,back,back,eq,×
keys	0,clear,+,9,1,÷,1,back
keys	0,.,+,6,2,0,clear
keys	back,+,7,5,2,-,0,+,-
keys	3,clear,1,1,-,÷,clear,0,4,1
keys	3,2,eq,5,6,2
keys	÷,×,.,4,5
keys	+,0,3,2,eq,÷,3,.,5,.,4,÷,1,6
keys	3,2,eq
keys	+,back,2,.,5,eq,4
keys	eq,.,8,9,7,÷,8,×
keys	eq,7,5,5,9
keys	+,-,2,8,back,1,8,9
keys	2,3
keys	4,.,1,×,back,6,clear,5
keys	back,4
keys	9,9,3,clear,÷,back,4,-,eq,0,+
keys	1,8,clear,2,+,5,back
keys	7,9,÷,3,5,8,9,eq,7,8,0,×,+,+
keys	2,8,back,×,eq,clear,÷,2,1
keys	2,4,eq,1,back,8
keys	7,1,.,0,.,8,clear,6,3,3,+,9,2,eq
keys	3,÷,7,+,8,1,7,2,6
keys	×,9,+,clear,+,eq,.
keys	0,eq,2,back
keys	6,+
keys	back,0,6,6,1,.,eq,clear,clear
keys	4,+,4
keys	6,eq,÷,eq,5,.
keys	.,back
keys	6,9,back,eq,1,1,1,÷,.,2,5,+,-,+
keys	2,eq,6,÷,eq,÷,eq,8,clear,back,4,6,4,clear
keys	2,-,×,1,1,×,4,1,eq
keys	8,clear,×
keys	÷,×
keys	×,.,-,clear,8,1,clear,6,4,eq,+,6
keys	+,1,+,+,5,9,×,6,.,eq,eq,3
keys	back,×,.,9,7
keys	eq,+,×,×,2,9,3,back
keys	+,5,5
keys	.,7,7,7,5,÷,4,8,2,2,back
keys	eq,÷,2,+,back,+,3
keys	2,2,-,2,+,9,+,clear,8,0,6
keys	4,2,clear,7,+,÷,5,×,0,4,6,+,9,8
keys	.,×,4,×,4,eq,back,8,6,3
keys	×,9,8,1,2
keys	4,eq,.,1
keys	4,back
keys	6,-,5,clear,9,6,1,7,6
keys	4,1,clear,2,eq,back,+,3,clear,back,.
keys	eq,1,×,clear,eq,1,-
keys	+,1,9,5,-,1,eq,6,eq,1,4,5
keys	clear,0,-,0,5,7,3,eq,×,clear
keys	0,×,back
keys	1,6,back,2,6,3,-,2,÷,7,1,÷,5,-
keys	back,2,×,9,÷,1,-,+,clear,eq,7,8
keys	1,3,4,.,clear,0,back,÷
keys	9,×,eq,6,1,0,7
keys	3,clear,4,2,1,7,2,4
keys	×,0,eq,+,clear,3
keys	×,÷,5,×,5,3,÷,2,eq
keys	+,+,3,2,clear,eq,5,+
keys	÷,6,back,4,back,5,6,.,clear,7,÷,×
keys	back,-,0,×,-
keys	back,×,back,+
keys	back,0,6,+,9,eq,9,5,6,2,2,6,+,4
keys	2,clear,4,1,8,clear,.,5,9,6,÷,eq,7,3
keys	clear,0
keys	2,eq,÷,9,eq,5,clear,5,×,5,2
keys	4,2,clear,×,1,9,÷,clear,eq,0,clear,8
keys	-,8
keys	2,clear,4,5,back,5,0,.
keys	+,eq,1,4,6,2,1,1,5,6,8,0
keys	3,6,+,.,2,clear,back,4,+,÷,3,back
keys	clear,2,5,back,2,7,clear,5,5,6,.,3,7
keys	6,.,0,.,2,+,+,2,+,9,clear,+
keys	7,-,8,4,7,9,0,4,eq,8,2
keys	0,back,clear,back,eq,2
keys	4,8,8,back,6,5,7,÷,+
keys	0,8,8,eq,0,3,clear,back,back,9,clear,eq
keys	÷,2,5,back,4,9,8,3,-,0
keys	8,7
keys	eq
keys	6,÷,-,.,5,clear,-,back,clear,clear,eq
keys	8,back,5,.
keys	8,2,clear,5,clear,0,÷,9,×,6,+,÷
keys	2
keys	8,÷,4,1,9
keys	×,4,8,clear,×,+,clear,÷,eq,+,0,3,2
keys	8
keys	3,2,7,eq,6,.,clear
keys	1,2
keys	7,.,7,4,.,÷,5,4,2,7
keys	2,0,eq,1,3,÷,4,8
keys	4,+,.,eq,1,eq,-,clear,8,9,9,×
keys	.,3,5,clear,3,9,+,+,2,3,back,8,-,.
keys	4,eq,÷,9,9,8,5,3
keys	0,7,4,+,0,eq,.,9,9
keys	2,7,6,clear,0,8,back,4
keys	3,clear,.,2,4,3,3,1,back,7,9,3,-,2
keys	1,3,+,7,4,1,3,×
keys	4,9,back,7,-,back,6,-,5,1,.
keys	clear,6,back,eq,eq,8,8,6,clear,6
keys	0,-,clear,4,6,clear,clear,1
keys	clear,÷,0,clear,0,1,×,3
keys	8,×,.,9,+,6,back,9,÷,7,9,+
keys	clear,.,5,9,-,clear,3,.,4
keys	×,÷,+,+,÷,×,-,clear
keys	+,5,+,4,0,1,6,.,.,5,back,back,4
keys	×,7,7,.,0,.,8,0,6,9,8,7
keys	-,4,0,0,eq,7,1,2,9,×,4,2
keys	7,5,5,7,7,2,1,eq,2,6,6,5,1
keys	2,9,4,2,5,4,2,-,9,3,0,eq,9
keys	.,1,1,3,eq,4,clear,6,-,8,6,3,4
keys	1,÷,8
keys	eq,0,6
keys	1,back,+,÷,0
keys	+,clear,4
keys	×,clear,÷,back,1,6,eq,back,×,6,.
keys	-,0,7,9,6,÷,7,clear,4,2,clear,6,3
keys	-,÷,5,back,2,+,3,0,5,-,9,4,eq
keys	4,4,4,6,2,8,8,back,9,-
keys	9,1
keys	.
keys	2,9,×,2,2,clear,3,eq,.
keys	6,4,5,7,×,4,+,eq,5
keys	×,0,2,×,1,0,3
keys	5,3,9
keys	clear,.,clear,7,0,clear,3,6,6,-
keys	2
keys	back,+,1,5,2,2,eq,eq,0,-
keys	7,eq
keys	+,8,0,÷,8,×,9,clear,eq
keys	1,-,2,×,4,3,-
keys	clear,8,-,0,-,1,6,7,7,0,6,5,9,+
keys	3,0,2,3,+,2,÷,0,1,6,.,.
keys	0,2,0
keys	-,clear,×,5,+,6,8,5,.
keys	÷,×,÷,3,7,2,8,5,back,+,eq,back,÷
keys	7,0,9,6,1,-,.,8
keys	eq,4,clear,+,×,clear,4
