utf8?	
utf8?	61622c63
utf8?	e697a5e69c9f
utf8?	c8d5c6da
utf8?	80
utf8?	c1
utf8?	f5
utf8?	ff
utf8?	e697
decide	
decide	efbbbfe697a5e69c9f
decide	c8d5c6da
gbk	c8d5c6da
gbk	bdf0b6ee
gbk	80
gbk	ffff
gbk	c82c78
gbk	c83078
gbk	61c8
gbk	
utf8	e697a5e69c9f
utf8	
bill	efbbbfe697a5e69c9f
bill	c8d5c6da
bill	e697a5e69c9f
bill	
gbk	fd7b
bill	fdc1c12c
gbk	0adf
decide	0a80
decide	e0fff4f4
utf8?	22fe
bill	fd817ffddfeffe
bill	81407f7b
gbk	f53ff0ef7bef80f0
bill	ef7b7e
decide	7e81fd
bill	c2df80fe
utf8	efbbbfe58d88e9a5ad2033352e3530
gbk	403fc1
decide	408080f4a020e0a0
utf8	0dff
utf8	cad5c8eb
gbk	e697a5e69c9f
gbk	7f407b
utf8?	7b41
bill	e58d88e9a5ad2033352e3530
bill	fe7f00a00d3f7fe0
bill	bdf0b6ee
decide	2c7f7e
utf8	efbbbfe98791e9a29d
utf8?	efbbbfe5beaee4bfa1e694afe4bb98
utf8	f409efefef
utf8	dfefc2e0efdf09
decide	e58d88e9a5ad2033352e3530
bill	e98791e9a29d
gbk	41ffffc27b80
bill	800df5
bill	c2df
utf8	e5beaee4bfa1e694afe4bb98
bill	d6a7b3f6
decide	612c622c63
bill	40ef22f03f
utf8	d6a7b8b6b1a6
decide	df7ef4f0
decide	8181c2
utf8	e58d88e9a5ad2033352e3530
gbk	3ff0f42c
utf8	40f4ff2c80df20
decide	e697a5e69c9f
gbk	402c
utf8?	7e40f5
utf8?	7fdf
utf8	fe09
utf8?	0aff
gbk	22a0
decide	c2fd7b81f4df
utf8?	7be0df3f
utf8?	c2c2fe
bill	c1
bill	612c622c63
utf8	612c622c63
gbk	d6a7b8b6b1a6
gbk	002281c1ef
utf8	d6a7b3f6
gbk	efbbbf612c622c63
bill	e0c1df7b7b41
utf8	bdf0b6ee
decide	e98791e9a29d
utf8?	ef223ff47f
utf8?	d6a7b8b6b1a6
bill	efef002cc140fe
utf8?	efbbbfe98791e9a29d
bill	f42c0a
decide	d6a7b3f6
utf8?	d6a7b3f6
utf8	f0e0c10aff
gbk	cad5c8eb
bill	09
decide	f5207ef0
bill	00f022fff53fe0
bill	efdf40a0
utf8?	7f80c17bdf7e09c1
decide	bdf0b6ee
bill	f4
bill	81
decide	fff0ff
utf8	df20c1ef2c202c
decide	0020807ffe
utf8	ef3f7f3f407ffd
gbk	417fef
gbk	7f097fc1f0
bill	a040
utf8?	7b7f7f7b800a3f
utf8	f40dc109f5fd
bill	20fe208080ff0d
gbk	817f2ce0207f
bill	fdf40dff09c2
gbk	fe7b7ec1a0
bill	fe3f0ddff4
bill	fd8000e020
gbk	20ff3f41
decide	41f081c100f40a
bill	2009ff00f07fc2fe
gbk	e98791e9a29d
decide	200a0dff
decide	efbbbfe5beaee4bfa1e694afe4bb98
decide	d6a7b8b6b1a6
bill	cad5c8eb
utf8	09
gbk	e58d88e9a5ad2033352e3530
gbk	efe022fe09
gbk	612c622c63
gbk	ff22412c3f
utf8	200d803f3f
decide	0df50920c1
utf8	c27e09f57f
utf8	4109a07bfd41f4
decide	e5beaee4bfa1e694afe4bb98
decide	2c207f00
gbk	2cfe40
decide	2c0af0
utf8?	612c622c63
utf8?	e5beaee4bfa1e694afe4bb98
decide	f4a0f0c17f41
utf8	fe
decide	2cf4f5
utf8?	bdf0b6ee
utf8	092c202c202c80e0
gbk	e5beaee4bfa1e694afe4bb98
bill	417b09f4817e3f
utf8?	df41e07f7fdf000a
gbk	d6a7b3f6
utf8	81e00dc2
bill	2cdf00203f2c80ef
bill	7b2cef
gbk	a0
utf8	2c0940
bill	f522
decide	3f4000e020
utf8	fdf5df80efff
decide	df
gbk	8040c27e09000009
utf8	c8d5c6da
utf8?	80812c7f
utf8?	f00080fd
gbk	0afec17b
utf8?	e58d88e9a5ad2033352e3530
bill	ffc1ff
gbk	7b3f41
decide	7f208140004000
bill	f0
decide	0a81e0df41f4df7f
decide	e0fffda0a07bc17f
decide	40
decide	c2c12c7bfe223f
decide	fd81fd7ef03f7efe
gbk	fd0a20efc181
utf8?	f0f5f020fd7e
utf8	413fe0
decide	cad5c8eb
bill	e040a02cfff041
gbk	fef0
bill	efbbbfe5beaee4bfa1e694afe4bb98
utf8	e98791e9a29d
utf8?	ff80efff7edf
bill	a0224109
utf8?	ef7f7f0aa0
utf8?	2220df7e3fdf
gbk	7e0080fd4120
utf8	7bc1fffef00dc1
gbk	81f5
utf8	22ffef40ff80
bill	2cf0e0002c
gbk	2c8141c27f81efff
decide	fd
utf8?	e98791e9a29d
utf8	0d0a81c2c1df0a3f
bill	f5
decide	7f
bill	e5beaee4bfa1e694afe4bb98
decide	f4c17b7ea00a
gbk	817b3fdf227eff
decide	0af0ef
utf8?	3f80c1ff
gbk	3fffc222c2
decide	c220efef81
bill	c1c28122
decide	c12222
utf8?	f0a0fff022
utf8	e0
utf8	df4141
bill	7ba0c240a02c41
utf8?	81412cfdf5813f
utf8?	4141
utf8?	cad5c8eb
gbk	40df4141e009
utf8	0df57f09ef0adf
utf8	f5fd
decide	7edf7e
utf8?	0afef0effefe
utf8	2cf04120df00
bill	e00d094180f0
utf8	df81f4fe
utf8	2ceffda0
gbk	e041ef22c20a81
decide	41ef4120
utf8?	f07b22f5
bill	f4ef4122
utf8?	efe0c2
gbk	efbbbfe5beaee4bfa1e694afe4bb98
gbk	7b0da00df4
utf8?	df
decide	a0fea0f0
utf8	7e0080c1ff
utf8	20220d410adfdf
gbk	407b2cdf22
utf8	00004081
gbk	22c1
decide	efbbbfe58d88e9a5ad2033352e3530
utf8?	20dfef4141
utf8?	0aa0f43ffd
utf8?	efbbbf612c622c63
utf8	c17f
bill	df414140
utf8?	c22240df
decide	f020
bill	0df440ffdf2cfe
gbk	0922c1f0
bill	7e7b09
utf8?	40c1f00afdf0
decide	0000f5817ea07f3f
bill	ef
gbk	8022
decide	00dfc2a0
bill	2c2c2c0de081
decide	22
utf8	2cfdc27f3f
decide	c20d7be0
utf8?	f0
utf8	2cf509
utf8?	80400a
gbk	ef407eefe04122
decide	c20a00a0c1a0fdf0
gbk	207b41
utf8?	f5fd00fd410d
bill	0a
utf8	7ffdc2fef5c23f
utf8	7b7e20
utf8	c28080400def
utf8	81228041c1dfa0
gbk	20
gbk	09f5f041e00aefdf
utf8?	40fd22f40d
bill	a0224040002c
bill	f581fe20fdc180
decide	8022f5
utf8?	203f7f2c80403f7b
gbk	8181a020df7fdf7e
decide	7fdf7e
gbk	c1e0c2
gbk	efdffe0d7b0af4
utf8	efbbbfe5beaee4bfa1e694afe4bb98
utf8?	3ffd207f3f40
bill	2280
decide	7ff5dfdfc18181
decide	09df3fefdf
utf8?	7bff
bill	41
utf8	7efd0d
gbk	4181
decide	df007ba022df7ff5
gbk	e0ef00
bill	d6a7b8b6b1a6
decide	c23fffa07b800a
utf8	7e
gbk	fe
gbk	20fe3f0de0
bill	0d007beff5ff
decide	09c2f4f0227b
gbk	efa00a0a2c7b81f4
gbk	e0e00dfec2
bill	efbbbfe98791e9a29d
gbk	c22c0a
bill	00f4e00dfda0
utf8	0afd807e0d7f
utf8?	efbbbfe58d88e9a5ad2033352e3530
utf8	c209fd80f0
decide	7bc2007f09c2e0
decide	3ff0
utf8?	f0fffe09f541
decide	efbbbfe98791e9a29d
bill	7ee009df
decide	80
gbk	c1222c800a7b00ff
bill	2000c17e80f47e
utf8	c2
bill	41f5403f0040
gbk	dff5e081c109
decide	2cf5a0ff0d
utf8?	f42c3f0a3f
utf8	09ff41a0
utf8?	3f3f2280
decide	7b41f50a81df2ce0
gbk	efdffd09df
utf8?	c100c1efef3f
decide	e0203ff52081efa0
gbk	a07ea0
decide	81c280e0f4c27edf
utf8?	f00900df80df09df
gbk	e0f481c1f00a7e7e
gbk	4081e00d
decide	f03ff4a0ff
utf8	000df4f081
utf8?	f52c09220aefe0
bill	fe
gbk	f00041fd0a
utf8	7e817e7e0a80c1df
gbk	ff813f7f7e
utf8?	20ff2c
bill	f02c2c7b2c
decide	2c7e
utf8	2c7b20effe7e
decide	f4204140
decide	f54140fd7f
utf8?	41df41808000fd
bill	df2cf5f400ef
bill	81407e
utf8?	40ef7f7e
decide	df227ec22040
utf8	8040f4810ac17f7e
bill	c23f40a07e22800a
utf8?	fefffe
decide	0d097f2cfdfff0
utf8	7f8081fe
decide	7bef0d092009
decide	fdf522227f223fa0
utf8?	c1097bc2ef80df2c
utf8?	407ea0
gbk	09c2df20
decide	f5e00020
utf8?	2080207ff0f57b7e
gbk	80f4
utf8?	0922ef2cc241
gbk	09
utf8	3f20220a7ef081
gbk	413ffd7eeff5e0
utf8	40f0ef09
utf8?	ff0a7e81c240ff
utf8	0dfff5fd00
gbk	0d20223f
utf8?	dfffc2
gbk	7e2c7ba0
utf8?	09ff8180fe2c2ce0
utf8	80e0
utf8?	80207f002c3f20c2
utf8	22f5ff0941df
utf8	f4e0207fc181
decide	0d
gbk	efa0f08141
utf8?	8181ef0df4e00080
gbk	227f
decide	ffc220
decide	effda0f4
utf8	c20a3f7e804022c2
utf8?	f481
utf8	0d2ce0a009df
decide	f52c
utf8	a0e08140ff20
gbk	f4f440e0
gbk	00ff
decide	c2
utf8?	22407f
utf8	00fe2241f4
gbk	effe09ff
utf8?	0a0a0d
gbk	2cffdf2c7e
decide	a0f509223f4122e0
decide	ef
bill	7ef40a
utf8	f440a0ff7b2041
gbk	7b09fd80a020a0
decide	e0c200fd0a20f00a
bill	f541f07efd
decide	c27e
decide	f5f0c27fa000c2
utf8	effdf52c
gbk	800def7b4100
utf8	ff81
utf8?	a0e00de0e0f0
utf8	4041227b
utf8?	f52041
bill	2200f40d2241
utf8	41c240097ef0a0
decide	fe
utf8?	7f0affdfa03ff0c1
bill	2c8009ef00fef041
decide	f47e7b7b20
bill	0a22e03f
gbk	c1fef041e0
utf8?	7e4041
decide	41f08180f409c2f4
bill	c2
gbk	df802cdf7e7b
bill	fd
decide	4181407ffe20ffa0
gbk	f07b3fc2
bill	00
bill	a0c1fd800d
utf8	7ec10080f4e0f041
decide	fe002022f07ff00d
bill	fe7e
bill	c27edfef80a0
utf8	ff
gbk	7b807b4181f422
utf8?	7e4180df7ffee0f4
decide	c241
bill	7e7ea0097ff0efef
utf8	f0ef
utf8?	7b
bill	f4f4f0
utf8?	ef2281fe40
gbk	7bf581
bill	a02c81fd
bill	efbbbfe58d88e9a5ad2033352e3530
utf8	00
gbk	e0202c7b2c2081
bill	40f0
decide	c2f0000a00c1
utf8	3f
decide	0ac141fefd0a41ff
bill	2c407b0981fdfd
bill	fda0
utf8	41e0e0f50d0af4
utf8	f4207f
bill	80fd
utf8	fdc2
utf8	f52cdfef0a80c1
decide	ef7e80ef
utf8	803ff422f4
bill	efbbbf612c622c63
utf8?	0da0c2c141dfe0
utf8	ef20ef0ac2
decide	0d3f20
decide	2cf0
gbk	efbbbfe58d88e9a5ad2033352e3530
decide	f43f7fff2c40
utf8?	f52240
decide	f4f4e040ff7b
utf8?	20417b80ef0a3f09
utf8?	fe
gbk	0d00fe2241
gbk	7bf47e81f541ff22
bill	fff580e0f520f07e
bill	f409f4817b
decide	3fe0
utf8	0ac1c20dff
decide	fd3f3fe02c
bill	22
gbk	e0fe
utf8	ef8000ef80
utf8	41f5e0
gbk	e07fff
utf8?	7edfdffd0afd0d0d
utf8	41c1203ffd
gbk	3f0aef
decide	2280f581
utf8	7fe00a3fc12c
bill	f03ffef4e03f
utf8?	0ae07bfe
decide	000ac22c20a00a
utf8?	c140df7e22
decide	222c0aff7e
gbk	410a3f2c00f52c
gbk	412c2c2c
utf8?	812cdfa0c2c120e0
utf8	e07efd40
utf8	f0
gbk	20f08181c1207b
utf8?	e0
utf8?	f4dffe7f7e
utf8	c1fe
decide	7f3f407b0a7f7fc1
utf8?	f47fc2c2f0f50d
bill	7fa0
decide	3ffdf4ff
utf8?	7ff02c222020df
bill	f0202c
bill	fe81807ff5227e
gbk	e00af4a0802c
utf8	8020
utf8	09e07fa04100f07f
utf8	ffc27ff0fe
decide	7b2ca022
bill	ff00a0fdff7b
gbk	c209f022
bill	0980f422ef207f
utf8?	41f00d00eff02c
utf8?	40ff00c1ff8140
gbk	f57bf4a0
decide	ef0a
gbk	e0400a
gbk	2081
decide	e03f20fefe200a
bill	3f7ff47f3f81
utf8	ff807e2022f040
bill	fe0981ef0d
decide	0ddfa0c10d7e22
utf8?	a0df80
decide	7f4120fe09
gbk	f4097ef57e0d41
decide	3f09a0c2c1
utf8	090dff
bill	e0802cff
decide	f4e00de0f4097e
gbk	7b
utf8?	7b09
gbk	fe7ff0
utf8	22
bill	f5800af4f07b4041
gbk	0adff54181
gbk	f0f009
utf8	20a080f03f
utf8	fda0800adf
bill	00ff
utf8	e0c2fd410a410a09
utf8	7bf5ef
bill	0dfd7fff22e0f0
decide	f40d7e
gbk	80f4e0c22c
utf8	3f7e
bill	f5a0e0e0
utf8	20
decide	c2f0ff
utf8	f5df
utf8	81
decide	220af4f4fde0df
utf8?	407b40
utf8	efbbbfe697a5e69c9f
utf8?	efbbbfe697a5e69c9f
utf8?	f02ce03f0940
utf8?	40093f
utf8?	c1fe
utf8	0aff7b
gbk	007f
utf8?	dffedff5
bill	ef3f807ef0
bill	09ef
bill	41e0df40c2fda0f0
decide	fd0040
bill	a0f0
decide	e0e0e00d
gbk	fe7b0ddf0a7f2c41
bill	7fa080ffffc1ef
bill	3ff0fe
bill	fff54120
gbk	c120
utf8	df7e09f43f410d7f
gbk	c17e4041f0
utf8	f5800d7bf4c1
utf8	f4fda03f
decide	3f
bill	ff
decide	22c2412c
decide	7b7e22ff0aa0df
decide	800080a0
decide	0afd
bill	222cc23f22
utf8	2022f5fd09f0
bill	0d0df5097ff4
bill	22df0da0c13f
bill	a020f4
utf8?	227f09
bill	41fde000c1
utf8	417fc1f4
decide	20a0222240
utf8?	2cf5
decide	fd3f0d
utf8	220d
gbk	81ff7f7e7e
utf8	7ff5effd41f0f5
bill	eff43fdfc140
utf8	7b0adfdf09effe
decide	81e07fff2c4022
utf8	004081
utf8?	4041a0f441a0f0fd
utf8	7f
utf8?	3f
utf8	f50922c10aef
utf8?	40c1
utf8	ff40e0f020
gbk	f50a404109
bill	fdf40d2c
utf8	81f5eff02c2c
bill	09c2fdc2f5ff7fc1
utf8?	f4c27e
bill	c100
bill	f4007bf5
utf8?	2020
utf8	407ff0
decide	ef227e7ffea0
decide	22a00adfa0
bill	09ef220a7f2222
gbk	c122413f80fd0020
bill	400a40fff57ef4
utf8	df2ca040ff09
decide	a0fde07fc1
bill	fff541e0
decide	f5e0c2fdef
bill	f4207ee0
utf8	f009f0e0f40dff
gbk	2c7befa0
decide	7b7b
gbk	2c0000
utf8	e00d
bill	0a2c20ffe00a
gbk	df0900f0007b00
utf8	a009e081e081
gbk	f4fe0a
utf8	fd
gbk	22
bill	3f22404120df80
bill	ff22a0effef00a
gbk	c2fda00d40
utf8?	ffe0090d7f
decide	c27bfe41
gbk	fdfd40fdfefe
utf8?	41df0aeffd81
utf8?	dff581
utf8?	eff47e7f8020
utf8	ef00ef2280fea0f0
utf8?	00fd40a08140407f
bill	f5efc1092c
gbk	0a
utf8	223fdfc23fc2
utf8?	f43fa0f5df20
decide	0a3fc2f5fd7e
utf8	f07e7eff412c2c
utf8?	3f817f00fd00df
gbk	7b0041
utf8	f5
gbk	20f0e00009ffdff0
bill	22feeff5
utf8	ffe0fe227b
utf8?	ef417f
utf8	a00d8100
utf8?	c200f0c24000e00d
utf8?	8141dff0e0817bc1
gbk	7bfe817f
gbk	a00d0a
utf8?	3f0af4c1
decide	a041e0407b7b
gbk	2c22e0
bill	7e7e7e097e7e410a
decide	7e7fa07f7f
bill	7f400a222c
utf8	20dff5f47beffd7b
gbk	f47b
utf8	7efeef20
gbk	fe0d
utf8	f5f00ddf81fe
bill	dfe022a07f7e20
utf8	3f0d7bfd
bill	f5effdf4fd00
bill	2240
utf8	207f
utf8	f4
utf8?	f5208022f4c1
decide	f481403f40a0403f
utf8?	df223f224080
gbk	20eff000e03f40e0
utf8?	200afff53f7b
bill	7ba0e0fdef0a2240
gbk	2cc241df80ef2cef
bill	a080fd41
gbk	a07fef
utf8	f52020
utf8	22c280207b40
decide	a081
bill	a0c2efef7e20
gbk	ff207f22
utf8	7ff0
utf8?	0da0a0f4ff2cf541
bill	e022f4
gbk	7ef420ffc2f0fdf0
utf8?	fe81df0d
utf8?	0aa0ff00eff5c1
bill	a0effe203f41
decide	41
decide	c2fdfe
decide	f4fe0a2cc1
utf8	0af07f0d
bill	7f
utf8?	dff420fe417e
bill	dfe0400920
utf8	40fee020c17f3f3f
utf8	dff57fa0c27f
utf8?	0a0d804000ff7edf
utf8?	22efe0
utf8	7b7e
utf8?	7ba07e7f
gbk	092c0ac1
gbk	0aa0
decide	7e20ef2c7fff
bill	2c0dc20df02ca0
bill	400af041fd0a227f
gbk	20df2c09df0a
utf8	0a
utf8?	2c7edf
utf8	f0f022df807e
bill	f5e041
utf8?	80fd
utf8	f0402c0a3fc181
utf8	effda0e07bf4c1
bill	0aff
bill	e081f0802020
decide	fdf481f00deff0
bill	3f7e7f0de0c141e0
bill	7ff5f441
gbk	fe0adf412081
bill	40df
gbk	3f
decide	a0c1f5207ef4ef
utf8	a0f0dfff810d2c
utf8?	220a2041dfa009
gbk	40ff0d402222
gbk	3f22fef4fd
utf8	c222
utf8?	0009a0c1f022df
utf8?	ffff0a
utf8?	fe2009a0effe
utf8?	7f3fe0fee0f50d
gbk	fef5220d807fc1fe
utf8	ffdf2020a00af0
utf8?	7ffd7f81f0
gbk	df002c7f2cfe00
bill	2200c27fef
utf8?	dfeffd097fe0c1
utf8?	7e7fc18140c2fd0a
utf8	f4223fef
gbk	0dfd2c
decide	3fc13f3f0d00
bill	a0ff
gbk	efbbbfe697a5e69c9f
gbk	efa0c1f5c2
utf8	dfdf
decide	0dfdfdc23f3f81df
utf8?	7ff4
utf8	7b0a2ca0f50aff80
utf8	407edf40c2227b
gbk	fd
gbk	a080fe
utf8?	80f53f00
utf8	ffa0f5
gbk	c2
gbk	22ef7bdff5
gbk	413f207fc2ffdf
bill	f00a4122a0ef40
decide	a00980417ec24020
utf8?	c2fe22
gbk	41
gbk	dffdf0
bill	7e
bill	8040c1
gbk	e0007f3fc20a
gbk	f0f42c0a
decide	20ffa0
bill	f53f09efff0a7e
utf8?	ef
decide	f53ffe7f
utf8	f47bc2
utf8	81c17e7b
gbk	0a093f7ea0
utf8	41c27f00202c7f
decide	3ffe7f
bill	4140
utf8?	f540810d7f2cf57e
gbk	00c1ef81ef
utf8	c12241fe09
utf8?	7e7ff03ffdc1
decide	f009
gbk	f409227e2c
utf8	09f4c1092cf57f
bill	0a0020
decide	f5fd81
decide	0dfffffdc220
gbk	7fefc2fd22df40fd
decide	effde0
bill	a07f2280a0
utf8	fd7ee07ef0
utf8	e0e0dffe
decide	0a0d81fef4fd
decide	c27e7b
utf8	fd20c181
utf8	fdfd
bill	81c1f03f2240
bill	0adfef2c207bef
decide	a0c1
utf8	00a0
utf8?	f5fdfd
decide	0a3f
gbk	dff4c2c2
decide	09fd2ce0
utf8	efbbbf612c622c63
gbk	fec1c209
gbk	81400941c2
utf8	df3f81c1f080
utf8	09c10a22ff7f7b
gbk	fe00c1
utf8?	80f40a2c20ff407b
bill	ff20dfdf
gbk	c2c100eff57f00
gbk	2c
bill	417b003f
utf8	7e2ce0c22c2cdf
bill	f040ef2c
decide	413fa02c
gbk	f42c3ff4
utf8	2cfffd
bill	81f5c12c81
utf8?	7b417bff
utf8	c27f80c1
bill	20c27eef
gbk	c222f009
gbk	e020
utf8?	fd80202c
gbk	40
bill	7f0dfd
gbk	810d
bill	0a7eef81fdfef5ef
utf8?	81e0f4ef4100
utf8	0a22fd
utf8	c241e040
bill	ffdfc2
gbk	a07b00ff
utf8	7f0a7be07e00a081
decide	7b0a
utf8?	3f41
decide	df7bf4
utf8?	0981
decide	092ca07e40
decide	fec27bdff07fff
bill	c1400a7edf22
gbk	80093f22c181c1a0
utf8	7bfe7e00e0
gbk	7b090a0aa0e0
utf8?	eff02c7f
decide	407bc2810981c2
gbk	7ec27f
bill	00df40fe7f7f41fe
decide	7b00
utf8	7b0980
decide	7b
utf8	00c17ef5
utf8?	f07f8120ff
utf8	f07f0d
decide	0940e0403f202c
utf8	f0a040fe0a097b
utf8	df400d
bill	fda0fee0
utf8?	0dfd81
decide	224140a0
decide	22f40af4a0
bill	09f441f4
bill	7b80
utf8	c241e0f009
utf8	7ec2
bill	ffc2fe7b22dfff
decide	df22ffef
utf8?	0d80e0
bill	2281
utf8?	fdfefef5
bill	3f7f09
gbk	81f4f00081
bill	ef41a0
gbk	20c1207fc140
utf8	80c10081f081c2
utf8	2281e07b
bill	ef7fc10d002280
utf8?	c1efc2f00d4022
decide	00
decide	efff7f20a0ef80
utf8	dffd7e0a
gbk	f0a081c1a0814041
bill	fd207f0a0dff0a7b
bill	c1e0007ffe00
utf8?	c2f40a41f040
utf8?	7b8080
utf8?	fde0fe7bf5
bill	fef5
utf8	dfa0c1c22c
gbk	3fa0e07ee0fe
utf8	7b410af57b
decide	fefd2c
gbk	0a7fc1f5
utf8?	7edf
bill	0ae0fff4407e8120
decide	22c1220a3f7f
bill	eff580
utf8	0dfe
bill	f4c1f5fda0
gbk	dfefef
utf8?	41
utf8?	40f4ef
gbk	c122f4fea080
gbk	e0f5c200fe22f5f4
bill	4181
gbk	2c3f3fef81
gbk	2c0a81ef22
decide	ff
bill	a0a00df5c22c2240
gbk	fd0af409fddf22
utf8	22c200effe8180
utf8?	f581df7b
utf8?	df41097bf5
decide	c2fd0a22df
bill	ef808100fdffe009
bill	fdfd7e22ff007bf4
utf8	c2df8040
gbk	2081c2df41
bill	0d0df0effd7b
decide	c181
gbk	8009813fdffd20
gbk	ff
gbk	0a40
utf8	0d7e
utf8	fe22c10a00
bill	f0802ca07e
gbk	3f7b
utf8	41a0
utf8	f40a80f4417ef0c2
bill	e0a0810aff7e
gbk	f07bc240e0
bill	0d80
decide	41c1c2
decide	7f00e0
gbk	094141ff
utf8	df2081
utf8?	0d
gbk	3f0af5
gbk	c22200f53f3ff5c1
bill	810a09
utf8?	097b3f417bf0eff5
bill	0d0afffd2c81
gbk	0d
utf8?	ffc2
utf8	e0a0
utf8	20f422
utf8?	eff4812c
bill	220d2c7fc1
utf8?	c2f541
utf8	7ff4
bill	3f7e7b2cf0ef
utf8	0a41
utf8	41093fa07ff0
decide	22fe
bill	a009f4f4fe
utf8	0009f440efdffd
utf8	f0f4fec2097e7ff4
gbk	ffa020ff
decide	7b7fc2fd
decide	7e41df810d0a2c40
gbk	81
utf8?	a0
gbk	803fa0fdc17e7ef4
bill	fe0a0aa009f480
decide	7fe00a2c22
utf8	2cdffe0d3fc2
decide	ff4100fef03ffde0
utf8	80c1ef7b7bdf3fc1
utf8	41e0
utf8	e0fedf
gbk	80fec27ec1
decide	3f00e0c20d
bill	f0fde08041fd
utf8	f03fa0a0e07bef2c
gbk	81407e407b09
bill	f00d7f3ff57fff09
utf8?	7bf5c220df20
gbk	df
bill	817f22f07bf5fd
gbk	417f41f03f0df4c2
decide	3f807ffedf
utf8?	81fe
decide	40c2817e80
gbk	f5f07ffd
decide	f47f3fc209f5
utf8	f0097f09e0
utf8?	2c
bill	ff41
bill	df200a09
bill	c1c2e0
bill	0080c2000d0ac2a0
utf8	fde0efdf
gbk	0d0a7bfe0900f0f0
utf8	090d7bef7ef0ff0d
gbk	fe20eff00d7fef
gbk	fff0f0
utf8?	fda0000a0afd7e40
utf8	c23f203ffd
bill	2c8000f5ff80c2f5
decide	0940
gbk	22f5207bf47be00a
decide	e0fdeff4fe
decide	df41f5f0f500
bill	7b00c2
bill	417bc12c
utf8	dfef7efe20
gbk	e07bf4403f
utf8?	81
bill	0a81ef
utf8?	2081df0d09ff7e
utf8	e00a00
utf8?	ffa0813f7ef0
utf8	41fff4
utf8	20c24022
gbk	4122
gbk	402c817e
bill	41000d7be020ffc1
decide	efef0dfff4
decide	2c
decide	22df
bill	8120df2220e080
utf8?	0afeffa02cf40941
bill	7edffd
gbk	802020fef009
bill	0d22c2c10d40803f
gbk	4081812cc17f
utf8	417b
gbk	f5c1
gbk	0a0d0040f53f3f
utf8?	a0004141
utf8	000a40f0
bill	f50a7b20f02c0a
utf8?	417e2040
bill	f42041c17f2000ef
utf8?	007f7b8120202c
utf8?	2c227f
bill	f43fe0000d
gbk	09ff7e0ac27f2c
gbk	f07e
decide	a00dfffea0
utf8	7b
bill	0ac240
bill	7ef5f0
utf8	feff7f8009ff
utf8?	0deff5c2c2f5
utf8?	09f040ff812cff
decide	c1e0fef5
utf8	0df4
gbk	e0c2c2e0f5fd
utf8?	ffe0
gbk	f4a000
utf8?	dfc17f000aeffe
bill	f5c12c7e3f22
gbk	df7e
decide	408122f481ef80fe
gbk	fd0d
utf8?	7ba0807befef
decide	80df80f0c10aa0fd
bill	7ba0f541
utf8?	3fef3f
utf8?	0def
utf8	200af5ef7bef7e7e
decide	ff7f81f5df
gbk	8080c27fff40
utf8?	fd0d00c27e20a0
decide	fe0dfe22c23f
bill	81df81c10900
decide	0d8109
utf8?	dfe0f4e0f0a0
gbk	effffd7ec12022
bill	ffef097e
gbk	7eefff
gbk	e0c1f52c
bill	2022
gbk	fd80f4dff5fdfd
utf8	810afdefc1ef3f
gbk	4120e07e2c7b207b
gbk	2c20f00a
gbk	c2407f41
utf8	3f22412241c2
bill	fdfde0f5403f2c
utf8	f0f400
utf8	fe20e07e
utf8	7f09efa081fe3f80
gbk	f5fe
utf8	f5c1
decide	0def80
utf8	807be0
utf8?	dfc10081f48141
utf8	7bf5
utf8?	c2c1a022
decide	dffe81f0
decide	c27fc23ffe2c
bill	40c1a0228180
gbk	c2ff7f09
bill	7ec240ffa07f0d
utf8?	7bc141f020df
bill	e0dfc1c2feef
utf8	7ba0003f0dfef43f
gbk	2081f5
bill	df
decide	e0c2fec2
gbk	7fef
bill	a009ef
bill	818109
decide	807e7b40df
bill	4041ef
gbk	41402200
utf8?	f509c181
bill	ff2220fffe
utf8	817e
utf8?	400a817e8141c1
utf8?	f04080
decide	3f812c
utf8?	81812c7bdfc1
decide	df00fd22
bill	dfc20dff80817f
bill	22fde0220d09f5
decide	00a03fff
gbk	4100a07bf420
utf8?	2209
decide	a0f4a00d40
decide	00814100f5e0f5fd
utf8	ff22c1207e22
bill	e0ef
decide	7fc27b4181
bill	41f0f07f2c
gbk	2c410ac27b00ff81
utf8?	2022f57f7fff
utf8	8120dff50ae0
utf8	3f40
decide	0a22
bill	f500f4
utf8?	40eff4802cfd
utf8	c1ff3f7bdf003f0a
utf8?	f4
bill	40
gbk	813f7b
gbk	effd
gbk	dffef5002c0a0020
gbk	40f53f3fc2f00a81
utf8	ef7b0d81
utf8?	0d2c0dc1c17edf
utf8?	0d20
bill	e0220af5ef803f
decide	efbbbf612c622c63
bill	412cefdf
bill	f5a022e00981fe
bill	ffe02281a0
decide	007b3f22097f
utf8?	41410981092c
decide	ff7b80fd0da041
decide	0d0941dff57ffdc2
bill	f4400dfea022fd22
bill	efc2ef
decide	f42c7bff40
bill	a0
utf8	800dc27ba0f4
decide	0d227bc17bc1
decide	097b097f2cf0
utf8	f0227e3f
gbk	094140ffc100fef4
utf8?	a0fd7f207e2cef
decide	3f7ff0df0d804122
utf8	09f0
gbk	efbbbfe98791e9a29d
utf8	0a3f
bill	0a40817b7f
gbk	c1ffc27f22f540c1
bill	a07f2c207ef4f4
utf8	f48141c181fe
bill	fffd407b7f7f
utf8?	eff009208009fd00
bill	0a09dfef7f81f4df
gbk	ff090a20f5
decide	c1002c2081
gbk	df0d
bill	ff0d2240
decide	813f
decide	7edff4e0ff7ec2e0
utf8	7b0980c1f57f
decide	4100
decide	20
decide	f500fe00fe
utf8	80e07bfe
utf8	7e81f440
utf8	7ef0eff4
decide	090940
bill	22ef7f4181
gbk	22007f80
decide	3f09e0
decide	0dfe
decide	80e0
gbk	c1c20d
decide	20f0e009f0
gbk	fd2cf40adf2c80fd
bill	7f22
utf8?	fe7bdfc2efc100f4
bill	222240ff8122
gbk	00207ea0207f00e0
bill	0d
utf8	4141f54181e0
bill	004181
utf8?	ff7bfd0d7b22
bill	093f0920097e
utf8?	f441a0df0a
utf8	2cfde0c2
decide	c27f220df5
utf8	a0fd0af4
utf8	f57b7f
gbk	a0dff43f09a0
bill	414141
gbk	2081efef22c2dfe0
utf8?	22ff000def
gbk	00a041
gbk	f47b7eff40fef4fd
bill	20e0
utf8?	effd0a81c109
utf8	092c
gbk	fef5fff42cdf2cff
utf8	0af4
utf8	fef08022e0
bill	812cfdf47f
bill	f00d7b
gbk	200a003fc2
utf8	09f4fd
gbk	2c0af0f4fdf57e40
utf8	ffff8041fe41a0
decide	fefefe2c3f
bill	3fc181
utf8?	f0c1e041c1ef81
gbk	ff8120c10d22fd
utf8?	e0eff48180f0227f
utf8?	80fe0a097b000000
utf8	dfffdf7bfd7e8022
decide	00407b40
utf8?	dfffc2fec27f80fe
bill	fff022ff
utf8	c2412cdf
gbk	7e2c7f7b2cdf80
decide	3f007b0d4181a080
bill	002c09f5e0200a0a
decide	a000c2
decide	e02cf0
gbk	fe81feff0da0
utf8	c2203fef003f
decide	7b227e0a
utf8	818120ef2c
utf8?	7be0
utf8	a0
gbk	7be0
bill	f4fdf5fe3f0a
bill	ff40e07b7e407f7b
gbk	c2a0ff41a0feef
decide	ff3f
utf8?	ef2c
utf8?	f400df09fe0a09
utf8	81ef817f
bill	7f2cf4fec1fd003f
bill	7b
utf8?	efdfe0fd
gbk	40f50ddf0a0afdf5
utf8	41dfef7b2c3f
utf8?	fd7bc1
decide	f5f080
bill	f0c200c10afd
utf8	804181
utf8?	fddf
utf8	f07bf42c7f4141
bill	81dfff004081
utf8?	41e0df
utf8?	7e09
utf8	7eef2c
bill	feef
utf8	41800dc2
utf8	f4ef
utf8	7eef400d
bill	f0dfc220c17e20
utf8	0a7f208109c222
utf8?	c10af0
gbk	002c22813f
decide	7f0d
decide	f0dfc281c20d
decide	fe200ac1
utf8	3ff40dfff4f47b
decide	f0c2df40
utf8?	c1ff7f00412009
gbk	fd0d41f5f52c
bill	41c2f4f5fef4
utf8?	0dc1df7b40fdfe22
gbk	09df7ffd7bfef4
decide	81
bill	0df4
gbk	40f5fd
bill	c2efdf22ef20e0
utf8	2c
gbk	400ac2817b2c00
gbk	2220
utf8?	ff7b
utf8	4000228122df
utf8	41fd
utf8?	e0c27b41222009
bill	fda02c3f4020c2f4
gbk	0dff40dfef
utf8	0dfee041df
gbk	7b20
utf8	f04000fd
bill	a040a07f
utf8?	09
bill	e00d7f3f0df0
gbk	c20df0a0e0810a0d
utf8?	fd3f3f0000
utf8?	f4a0fe7f
decide	0020c10dc1a02c41
bill	400d
utf8?	7fc20deffff4effd
gbk	0a0dc2e0
utf8	df7e0aa0fd7f
gbk	fdf4407b7f
utf8	80
decide	7e3ff03fa00d
utf8?	7f81
utf8	ffff00fdef20c1
gbk	7bfd3f0a7b
gbk	df80e080c1807e
utf8	22200afe41fe
decide	7f09
bill	c2e081fe00
bill	0d0000f5
utf8	3f0de07bfe
bill	f00a09
bill	efdf
bill	e041
utf8?	00
utf8	7e2c7f7f
utf8?	ffa0ef20
decide	7fc20d
gbk	0ac181e0fde081
bill	df40
gbk	2080
utf8	a0c2c20d3f7b2cf4
utf8	41c1fd2c
bill	c1800a3f
gbk	0a003f09fd0df0
gbk	7f7ef4008100fefe
gbk	200081090940a0
utf8?	fefef02c
utf8	80f520
bill	7b8109fd
utf8	fef57ee0f020
utf8	4041c2f5f481efdf
bill	f4f40d4180df800a
bill	09fd4140c10af441
utf8?	22c1f520fe0dff
utf8?	f580a03f7efd
decide	7e41407ee020
utf8	dff4c17e
gbk	0dff7b
decide	f47f
utf8	c1f0dffec27b2c
utf8	40fd41f5a0f4
decide	e0c10d
bill	200a3f0a
gbk	4100f5fdeffdc1
bill	fd2241f4fd0a
gbk	0040a0
gbk	0d7fff2200f5f0
decide	fedf007e41c1fe
gbk	403ffe3ff47f
bill	80ff81
bill	3fdf
utf8?	0d2009c10a7e7f
gbk	0022e07b207fff2c
gbk	090a7fa0
gbk	dffe7feff5a0e0f5
bill	7b20ff
bill	c13fc1
utf8?	df7eff
utf8?	f50a20ff
utf8	e00ddfef7e
gbk	c17b
gbk	0080ef
utf8	0900f52200
gbk	f4
gbk	81f4ef
utf8	fffefd407fdfc1
bill	7ffdc20a7f
gbk	00f581ef7ee0
utf8?	f5fdfe412041007b
bill	c17b7bc181c1a03f
bill	09c24140092c7b
bill	c2ef
utf8?	7f
decide	40e07b
gbk	2cdfefa00dc1c1
gbk	0d7e
bill	40fdefc17ef52cef
decide	a00009818120
bill	c1df
bill	f07f817b
utf8	40
gbk	7e
utf8?	7bdff4e040
bill	e0fe41f58140
gbk	20e00a223fc2
gbk	dff5
bill	f47b0a7e2c7edf
utf8?	22f4
utf8	f520
gbk	e0802240fefd
gbk	402c7e4180
gbk	e0a0
bill	7b0941
utf8	0d4181a041412cf4
bill	00ffff
utf8	c10d20
bill	09007e
gbk	00
utf8?	20
utf8	e07b8080
utf8?	8000227b
utf8	f0f4c27f0a
utf8	7b7b81f0c12c
decide	092c40417b2c7e22
bill	f041c281003fc280
bill	f5fef08100
decide	fd3fc10afd09c1
utf8	0d7ee0ef
utf8?	0a7f7bfd
decide	a00aefffc2
bill	a0ef4022f43f81f0
utf8	c1c1c1f5c180c1fe
gbk	fd7e22092c20c181
bill	2c222c
utf8	feef
decide	f4fd813ff541
decide	7f09c20af47f20
utf8?	e080f4
utf8?	0a3fc27fe0813f20
utf8	f02cc2
utf8	3ff00d2cfd
utf8?	fd40c109
utf8	0df441
gbk	09e0fe0afd20efa0
utf8	09c2222cf5
gbk	f522fe000a
decide	c2fd22f50dffdf
bill	8009ff0d
bill	0df0203f
utf8?	8041fee07e0d09
gbk	c2eff400
utf8	7e09eff4ef093f
utf8?	0df0
utf8	c181222c
gbk	ef7bdf20fd
bill	2cdf0981
utf8?	0d81c141
utf8	fde00a4009
gbk	c2e0
gbk	0ac209410a7ef5fd
utf8?	0d2020c222c13f0d
gbk	df0af080f4
gbk	f00d81ff0a
gbk	fd207b0a80c1
utf8?	ffc27e0a
bill	22a07e
decide	7f0941f0
utf8	7e0d
bill	0dfd22f500fe
utf8	8181c1
decide	effe0d09a0ff0a80
decide	2200f4
decide	7e40
utf8	7b09
gbk	efef09
utf8	ef7e
bill	fff4efc20d00f4
decide	00fe22f5c181
bill	df2080c2
decide	41f0007e0a
utf8	7e3f8120f4e0fefd
utf8?	ff0981c23f7f81a0
decide	f4802c
utf8?	7e3f81e040
bill	c12c80c1
decide	df407ec2
bill	7ee040000d22a0
decide	e0df41ef407f
utf8?	000040413fffc1
decide	7e
decide	e03fef22
bill	7bf5fec140fd
utf8?	40f5fefd7e
bill	817e09fd00f480
gbk	3fff20220d
utf8?	4081f5df8041dfa0
utf8	40f5c1c2
utf8?	0a3ff4
bill	2cfef0f4
bill	2c7e2c7f090a40f5
decide	f0f52cdf
bill	df3f
decide	f0fe
utf8?	2c2220ef7e
gbk	ef40fefd202cf440
decide	007e7f40c222c1
utf8?	2c41e07f81
utf8	fe80f4e000
gbk	7f09c1ff007b40ef
utf8?	227f7e817f22
decide	e0ffc1
gbk	3f0020e00df57bff
gbk	80ef2cfd817e7f
decide	0d0d0d
decide	09
utf8?	0a
decide	e0df0def0a003ff5
utf8?	ff2c0ae03f81
bill	2c20fda0
decide	812cfdf42009
utf8	c2200d3f3ff5f0df
utf8?	fea0
bill	3ffe3ff57e40
decide	ff8000ff7ec17f
gbk	fe8022e0
utf8	fd0a0a
utf8?	a0c2410d3f
decide	f5f57b2ca02281fd
utf8	fdfeffdf2c3f4120
decide	097f7f2c22f4
decide	80e07ea0f57ec23f
utf8?	ffef402c7f00407e
bill	7eefdffd3f40220d
utf8	a0000a7b80c122
bill	7fc1
gbk	df7f0d410d807b7b
utf8	0a200a
decide	20f500f5df
gbk	7b00a0f5f422f400
bill	7bff0a81202c20
utf8?	810d
bill	2cc2fdef7eff
gbk	e00a800d803ffe
utf8	f42c7b7ea03f81ff
bill	813f
utf8?	41f57bc2
utf8	0a7b09
utf8?	090de081203f003f
bill	000afec1fea040
utf8	8120
gbk	c1f581092c2c7f
gbk	81f5fd
bill	7bffe00aef000a
decide	f400800022a0
bill	80
utf8	ef207ef40d7f
gbk	dfe0
utf8	20fefd0a80c2007b
utf8?	a081f5dfc23f
decide	c222ff22
utf8	f5c10a
utf8?	df3f2c00fd
bill	7efd81fd
gbk	20ff207b
utf8?	40e00940
utf8?	2c7e40
gbk	7bfe7fc1
utf8	c20dfe7e090d0d
gbk	410aa0002c
bill	df80fdf0c2
utf8	0ac2
decide	3ff420
decide	00f5fd
utf8?	2c3f2c2cef7eef09
utf8?	c2220041a0
gbk	7fff0af5
utf8	e0f42cf441c14141
gbk	818081c1a0
gbk	00df
utf8?	f009df
utf8	7b7b0a
bill	ffefa0
decide	f5fdc222
utf8?	7eef0a2c40f0f0ef
utf8	00efa0
utf8?	0a81
gbk	f0fd404040f5
gbk	00ff0d7ec27ef50a
utf8	a0df817b
bill	ef7e
decide	c1fe093f222c7f7b
utf8?	c1dfc1
gbk	7f22ef
gbk	0980fde00de020
utf8	3f0a
bill	0da0fec22c
bill	fe41
decide	f54181207fdf20ef
bill	e02c7b0d
utf8	c17b0a7b2c
bill	3f0ac2
utf8?	404140f0ef
decide	ef41ff2ce00a4080
bill	fd0d7ea020204140
gbk	ff2222a0
gbk	20f57f
gbk	fd41
bill	2cc240c2
utf8	fe0aa0c281
utf8	000aa0fe00400af0
utf8?	7f7e098181efa0c2
bill	09404180
gbk	7f000defe02c0020
gbk	c1e0fd81ff
utf8	f42c7bc2f5a0ef3f
bill	f4ff7f
gbk	4080
utf8?	3f80813f
gbk	0ac1fd
bill	40fec1
bill	80f0ef810a20c2
gbk	3f0a80e0
decide	227b3f4100
utf8?	09a009fd
utf8?	7e
bill	f0f022
gbk	f580f5df7b
gbk	c10d
bill	f581
bill	f5fdf080fddfdf0d
decide	e0a0df
bill	f0ef
utf8?	f4c1c1ff
gbk	c2fdf0c100dff422
decide	0dfd41090a
utf8	c1
decide	802240c240f5fd41
decide	c20d41a0f0e0c1
decide	0adfa0a00aefffe0
bill	000d80
utf8?	c1fd7b00c141ef
gbk	7f7b0ac2fd2c41e0
decide	fec2ef0a
gbk	7e0dc100f53f80fd
utf8?	202c20
utf8?	0d22ef
bill	09097b40df7b22
bill	f5c2a0fdf0
gbk	fe090d80a0fe
utf8?	7be041ef40c2fe
bill	80f422a022
utf8	41f5ff09f520
utf8	803f7ff5
bill	3ff0feff7f80
utf8	412cc2e07ec1f4
utf8	fefe7b20f5
utf8?	c17f4000
utf8?	81dfc2
bill	fdf03ff0
bill	f400007b7fff09
gbk	ef22
gbk	f480f4dff43f
utf8?	c1ef40fd0d3f2c81
utf8	f5fef4fe400aefe0
utf8?	0df5a00a41f0
decide	0af0
bill	fd7fc1e0f58022
utf8	7ef0e00a0a
utf8?	a00a81
utf8?	fef4c1fd41
utf8?	c20af5fe3f41400d
bill	7bdf3f40417b3f
bill	2c41807f3fdfc2f5
gbk	7b207f
utf8?	2c807bc1fe
decide	3f403fffe0ffc1
decide	c2df7fe080f4f0
decide	e0a020
gbk	0a8081df0afd
utf8	227efe22c2
utf8	f58181
bill	22df007e402c0d
gbk	7e7eff8080
utf8?	4000
gbk	7ffef07b7f8041df
utf8	413fef20f020
gbk	3f7bc1f47f7ec22c
utf8?	f02080
utf8	0a7ff5
utf8?	df400041c209df7f
gbk	3fe0
utf8	092200007f
utf8?	f509c10da07f
bill	fe80ffe0
utf8?	f48140ef22812c
gbk	fe40f4
gbk	f00da0
utf8	e080
utf8?	227f00f07e41
decide	7b0041f4
bill	407f
bill	200a
gbk	a0c2a0c1a0
gbk	e0fd41
bill	80ffc1a00d7e
gbk	efa0200d7b0d
utf8	2cf4a0
utf8	0aef40ff
decide	007bf0df7b
bill	7fef7e7f407ec10d
gbk	f0c220f4
utf8	7e40f0
utf8	20ffc2fefd2040
bill	fd004100ff7b
bill	22fe09
bill	7be081c13fa009e0
utf8	81f5
bill	dffeef0adf2240c2
decide	fd7ef50a7efec2e0
utf8	00ff81
decide	8180
utf8	22207bfd
gbk	fd0dfddf
utf8?	ffc1417be041
decide	0d22f0eff5
bill	e02080fe
gbk	a041a03f222c
bill	df0a2c80
bill	f47e2cfe
bill	7bfdc2
gbk	22c1dffe
decide	fd2280003fc109
gbk	0a7b3f7ef07e0adf
utf8?	c2
utf8?	e000e0e0fedf09df
decide	7ec2ef00
gbk	7fa07fc2fef4ef0a
utf8	0ac1fd7b00df
gbk	fd7bc1e022ef
utf8	ef22407b22402c
bill	0a22fef47fefdf
utf8?	e07b228081fe
bill	80a0ff
utf8?	0ddf802cfde0e00a
gbk	41c2c2c2f4df09
decide	200a
gbk	df7bf0ffe02ce0f5
bill	a041417b
gbk	a0a0ff203fa0
bill	207e22
utf8?	80ef2220
utf8?	802ce0ef2000
gbk	412280
utf8?	22c17b80a0
decide	81f500
utf8?	f4f581ff80
utf8	2c2cdfe00af47f
gbk	fd2c00fdc27ec109
bill	418120c22c807f
utf8?	41807e007f41
gbk	0a4081f400
bill	a07e7b207f0dfefe
utf8?	3f41f52c
bill	20
gbk	f48081f0
decide	7efdfe220aef2c
decide	dfe009ef207e0a
utf8?	fdf4
utf8?	df0d2ca00d4040e0
gbk	f0ffff
utf8?	c120
bill	3ffd4141df
utf8?	407f
gbk	fedf0a0040a022
decide	7ff07b
utf8	f4df812020c1
decide	f4
bill	f5fee0f0fe3fc2f5
decide	223f09
gbk	f041fde07e
bill	e07b20
utf8	fefffd
bill	22efe0fd7e3ff4ef
gbk	41c220fe2c
decide	7b7ef500
utf8?	09f4df09413f22
bill	7e80
utf8?	7e3f09
gbk	0d00f0fdef7fff7f
decide	407ffe
gbk	f07f000041
utf8	09f5c2f441
utf8	ff09
gbk	7e400d7b098122fe
bill	a00a7e413f2000
utf8?	80007e7b09a0
bill	40c1
utf8	81fe
utf8	41ff2c
utf8	a040227f0941
utf8?	41fdfe227ec1fd
bill	2c7ffe200a0909
utf8?	f5227be0a0
decide	e0fd81fe09
utf8	fe807ffdf57b7f
bill	09fdfd000aa0
gbk	df097f
decide	c181f0f00900fe
gbk	fee03f
gbk	c1c2ffa07b
gbk	09003fff20
gbk	c100410a0dfef5
bill	3f4100c241
utf8	f522200afe
utf8	fdf5
bill	7f22df20c1f4
bill	fd00f040fff5
utf8	c2400df00df0f5fe
utf8?	3ffd2240
decide	400a0920
utf8	00ff41df
bill	7f090a3fe0f581
decide	fedfa081df
decide	0a000ac10d7b
utf8	800020ef7f
bill	3f7b0d7ef0f5
utf8?	efc2c2e000e0ff
bill	f57ef40a
utf8	0dc10dfe
bill	8181c28120
bill	f5090d0d22fd0df5
decide	00c220fe00
utf8	7f00f4df7f7ff000
decide	80f441
decide	80f47effdf41f5
gbk	2c7ef5000a
utf8?	ff09407ff0fd81
gbk	20c17fe0c2a009ef
gbk	3f2c3fc27edf407b
decide	22e0f0
utf8?	c27e7b0a40ffff
gbk	20fec2efdffedfe0
utf8	7fef40
utf8?	81f5f4fe
bill	7f81
decide	81c2800022f0fe
utf8	f0df
decide	c27f7ee00a800a
utf8?	a0fea00dfd
gbk	2022
utf8?	e07fdf0aa0f0
utf8?	807efdc20d81fd
utf8?	ff200d
decide	40efdffff0
utf8	8140220def40f5
bill	80f522efff20
decide	41f4
bill	7f00ef
utf8?	20c27efe417e0d
decide	f0
decide	fe09
bill	22df
utf8?	81a0
bill	fe7bf0
utf8	097e
bill	090affa0
utf8?	e07b22fe
bill	c2df80
decide	c1ef
gbk	f5dff02c0000
utf8?	81eff5410d09
bill	fda0c200f5
utf8?	2cef
gbk	ef0a3ffd3f22fe
utf8?	40
utf8	fd20
gbk	fd817b
utf8?	2080f000
utf8	09402281e0
gbk	09f02ca0
decide	f47b
utf8	20df
decide	20f4f52cdf7b
utf8?	ef2c8122207f41
decide	81f0f540
utf8?	e041e00a
bill	0a090081fe2c
utf8?	fe810d09223f
utf8	80f57edfdf3ff0
bill	2c812c41e0df40fe
bill	fd2022
utf8	407f418140c1c1
gbk	20227b80f0ff3f
bill	f0c2c1dfc17ffffe
decide	0df40d
gbk	200020f4df2241c1
utf8?	800d41
utf8	3f7ffe
utf8?	0aef80f4df7ee0
utf8?	0af4c1df41fd09
gbk	a0fd22c181
decide	7efde022e03fc1
bill	41e0c17efffd80
bill	c1f509fe00e0f0
decide	a0fedf
utf8?	2281c1f02cf5a0
bill	effd20c2c2
decide	c2a07bf0c2f02c
utf8	7e7b7b0adff4
gbk	0a20
utf8	22ff817b0d41dfc2
utf8?	e0c10a7e7e0d80fe
decide	7f41c20aef
gbk	a0412c008120ff81
decide	204081f4c28100ef
utf8	fec241ef41c17b
decide	fefd7ec17b00fd2c
decide	ff7e81fe
bill	0df5df
utf8?	7f7b0a0df00ac1
gbk	00ef7b09c2
utf8	a0efff40
utf8?	7e0d2cfe
utf8?	09ef41e0c209ef7e
bill	0a81a00a
utf8?	00dfffef
decide	fdef
decide	4109a0f04041c20a
decide	7f3f097e
gbk	dfdfc1003fa000
bill	7f2009f5c20dc2
utf8?	4009f0ef22
decide	20df3f0a0a
gbk	f07b0081fd41
bill	81f43f7e81f0
gbk	ffe040007bf041ff
utf8	ff7e
utf8?	efff80a00afe
bill	c22cf07b
bill	7ffdf4
decide	2ca07ffe
bill	ef40c2227ba0
utf8	7e7ee022c1
utf8	f0c1ff00
gbk	fffedf2240097f
decide	7bf47ba0817bff7f
decide	3f2cc2f40a
decide	2c2cf0
decide	c13fa0
utf8?	2c407b
bill	7b2c
gbk	0afef00d0dff
utf8	3ffe2c
gbk	f0
gbk	22c20d0a7b224020
decide	0ae0fda022a0dfdf
gbk	7f00effef4
bill	003f
utf8?	ef3f202cc1
bill	7b09fe8181
utf8	40f5
utf8?	41224100
utf8	ff412c
decide	092081097ec1ff
bill	df3f7e41f481
utf8?	fd
bill	7b3f0d0a412c
utf8	2ca000
bill	f5a0eff47e
utf8	0dc20d22f520
utf8?	c13f20413f
utf8	41e0a03ff4
utf8	09ef40817f7fef
decide	f4c10d3ffe2c
gbk	eff4
utf8?	f0403f80
utf8	ff00fe20c2
utf8	c120a0
gbk	4122ef092ce000
utf8	c2f020
bill	20000d80df0d
utf8?	c22cff417ee0
gbk	fe802cf081a0
bill	efdffd0d
utf8?	a0ff0afd7b00ff41
decide	7e8141e0fdf540fd
utf8	f509
utf8?	ffc2fe80fd
decide	e022c2fdf4fe
gbk	0df07e09f0
bill	ff22fef000df41fd
utf8	df80222241
gbk	41007f40fefe3f22
utf8	c1e02cf4
utf8?	7ff0ef810d22
gbk	80c240
gbk	2040a0412cfe0d
gbk	802cf581c2
bill	2c7bf481fd0d7e
utf8	f4f40d
utf8	223f2c800d0d
bill	3fc12022c280
bill	f0fd22
utf8	0d3f81403f093f
bill	ef40410df0
decide	0922fd
bill	f5dffec2
decide	3fdf7edf
gbk	7e0d
bill	c2c120
decide	802cf02c
bill	7e4140200d20
gbk	20c2f420ff
decide	4181c27fdf
gbk	a0f541f4810a00
gbk	df0de0
utf8	e03ff0df400df581
utf8?	0a00dfe0fd
gbk	fd00ff2ce0e04000
bill	0a407ffe
decide	fefd00414040e0
utf8?	3f0dfd
bill	0d2cf4097e
decide	00fe417f20a0ffdf
gbk	fe0a0d20c12c20e0
utf8	207fc2
utf8?	81f52240
gbk	097f3f40f4
decide	ffef
bill	2c2c0041f5f481df
gbk	224141c17b2c3f
gbk	ff20a0f0c14100
utf8	0a7f7f7e
bill	fd09800a7f
utf8	f0c17eff7bfe7b20
bill	e07e
bill	00df3ff03f40
bill	002c09ef7fc27e
gbk	f00081c1f0
bill	8009c2
decide	fe097b7bef41
utf8	41007e3f
utf8?	0d090d2c7bfe
bill	ef8100f409f0
gbk	2081807e41df3f
bill	0d4009e07f7b
utf8	e0c2c17f09df
utf8?	0a812c7edf7ef5fe
decide	df00e0f0e00d3f
bill	200d0d
bill	2cc2fff0ff
gbk	e0f0a0810980090d
bill	ef810ac27b3f
bill	09f47ffe3f3f000a
utf8	f50a207f
utf8?	81c2007f
decide	c109
gbk	e0f07bc122
utf8	e02c00f0
gbk	7b09df
utf8?	a0c10980f4ef
gbk	fdc1
utf8?	f0f4
utf8?	7ffe0dfea0
utf8?	ef2cdff07ea0f522
utf8?	7f7e7b3f
bill	40fef080df
decide	f5004000
utf8	202c7e20003ffee0
decide	c1fdc2ef220a
bill	3f41c12cf0
utf8	3ffe00
gbk	0d7f0def
utf8	f0c1
utf8?	ef0df4f4f5fe
bill	09ffc1ff
bill	092cfec2c1ff
utf8?	2c200d
utf8?	7b00ffc2fe7b
utf8	0af5f0f4ff
utf8	f5a081e000e0ef20
utf8	40ff092cef
bill	7b2c7b0a7f
decide	ef7b0920
utf8	c122812c3fffa0
utf8?	effe207bdf09
bill	4109a00afff4
utf8	dfdff5
utf8	efe07e227eeff0fe
gbk	20dfc27fc2e0
gbk	4100ff22
gbk	7ef0a03f81
decide	ffef3fdf0ac2403f
bill	fda0c2fdf4c20d81
decide	a000c2ffff2c80e0
gbk	a03f81df
bill	80c2f5
bill	09ef41
utf8	207bfd0a40f5dff0
bill	20f000
gbk	c23f7e3ff0f47e
bill	f0f5f5fdfd3fa0e0
gbk	3feff4
utf8	0dfdf5fe817b
utf8?	a0f440df0d0a22
utf8?	f5dfe03f2ca0c2
utf8?	e0ef
utf8?	20a0a081000d
gbk	40efc2f580c1c12c
gbk	40f07bf4
decide	e0f0400d
gbk	f020a00d09
gbk	000d8040207b0a7f
decide	3f00fe
decide	81f4a0097e0a80
gbk	80ff40df22df2c
gbk	ff3f4009c1f5fec1
utf8	803ff581
utf8?	f43ffdfd
utf8?	40f480e07ec13f09
gbk	e0dfc109dffe0d
decide	0000c2f0fd7eef0d
utf8	3f7f0980
decide	df40fd0dfdfefffd
utf8?	0af53f7e007f7be0
gbk	7b20dff47ef4
utf8	41228041dfa00dff
decide	e07e
gbk	f0df0d0a7fffff
decide	0d40
gbk	f07b
utf8	20f00a000dc10a0d
bill	4100
gbk	0a81
bill	e00a7e
gbk	f47ff5fe
utf8	7f817fe080fd
utf8	2cfe0d7f
utf8	fec23ffe207efe
utf8?	40fddf2cdfc120f4
utf8	81fd000d
utf8	3f7efdf5ff2c2c0a
bill	0df0feef80
gbk	40ef
gbk	fe40f40dc2
utf8?	22eff5
decide	0ae0c2fd7b
decide	0da0e03f7f
decide	0af481fd2c00f0ef
bill	c10d
utf8	fd80222c7b
utf8?	7b7bf480c2
decide	0ddf203fc20d7b
utf8?	22
utf8	2c40a0fef0f4f5
decide	41000d3f
utf8?	400a2c7f7bfda0c1
utf8?	2c09fd3f0a
gbk	7b004109ef
utf8	3f0922c2f4
gbk	20402081a0
utf8	3f00fe
bill	7f0d00f57efd7b
decide	fd41e00def41e0
utf8	dffff4
gbk	3f417e22
bill	e0
utf8?	09df
gbk	7f20df0deff57f
utf8?	c2fd
decide	fd00ef09a00da0
gbk	a000097e
decide	0dff7ff57e0a4022
decide	f0f00dc22c80
gbk	2cdf40
gbk	df7b40fdef0ac1
utf8	097b20fe8009
utf8	80c2
bill	00a0a041813f22
decide	f0222c
utf8	ef2c7e2c2c22
utf8?	fff0df
decide	fef50022
gbk	40df207bdfa00d
utf8	203ffd
gbk	a009
utf8	e03f20ef20
gbk	0d09fee04081f020
decide	7e7bef00ff41df
bill	c1fddf7e00f08081
utf8	7fefa02ceffef57b
decide	fffe40207edf4120
utf8?	40810d3ff4
gbk	f509812c3f
bill	e0810000f0203ffe
decide	e07ff4f422ef80fd
gbk	09fef0417e7ffd
bill	a0fff5dfa00d7b
bill	0020fef5
gbk	c2fe41f420f43f
utf8?	fd0d41f02c
utf8	df7fe02c
utf8?	40df2009810d7e7e
bill	dff441f0f47f22c1
utf8	f0df0a09fec1
gbk	412222a00dfd
gbk	c2c1e04109
bill	f00a000d80f4
utf8?	7e41df40c2c1
utf8	0d
utf8?	7bc27f400af4
decide	4040a020
bill	f52022fdf47f
utf8?	4180c2df
utf8	2009
gbk	fef0f5f0
bill	0040c2ff41ef40
bill	a0f04122fe4180f5
gbk	ffff2c0009c2
utf8?	4180092cf5
utf8?	200a4080fe
utf8	3ff400fddf22a009
utf8?	2c402c
decide	7b20
utf8	7e81a0
gbk	0de0dfeff4
bill	2040fe220d0a
decide	ff0920
utf8	0df07ec1df0aa00d
bill	0000fd0a3f7bfd
gbk	3f2281c1df0a3f
gbk	80817bf54041
bill	f4f5fff0f5
decide	e0f4
utf8	e0dfdf0000f5
utf8?	3f7b22f4f0fe
gbk	403f
decide	7e2c400a22c2e0
bill	ef7bfec2ff2cdf
gbk	22c2e07e0d
decide	c13f
decide	417ffe7e09e0f0
gbk	7ec2
decide	7b0a80f4
utf8?	fdc2a0f57f
gbk	f022a00000e000ff
decide	2c7f227e09
utf8	f5df7e8041
decide	7e0d7e810d3f
utf8?	8120
decide	7ec1f57eefc1
gbk	f07b41
bill	f02c7fff2c
gbk	c1
utf8?	81ff3fe0
utf8	20fdfec2fe41df
gbk	f480f440f4e0
decide	3f00
utf8	f0a0407e
utf8?	f0a0c10a
decide	c2e0
decide	4109c20d40ef
utf8	fe00df7e20
bill	7f81fef0807b22
utf8?	f540407bf4400922
bill	c27ff03feffd0df4
decide	7f22
decide	f5ff
bill	802081a0
utf8	0981817ff47f
utf8?	0aef0afd0a20c1
utf8	200def4020e0ff
utf8	c10ddf
utf8?	0a20e0
gbk	41f44141
utf8?	20fd7bfd812c
decide	fd00223f40
bill	f42ce02c0d
bill	f00df0
utf8?	2281
gbk	00097e00
decide	81c1
gbk	7edf81f0800a
decide	8080a0ef41f5f4
bill	f52cfd
bill	2280a0
decide	81df40220d7f09
gbk	3ff52c20df
decide	a040
utf8?	22c2
utf8?	4122
decide	e0f5007f20
utf8	41f4ef0a
bill	fe7e00ef0a7e3f
utf8	0a003f0a40fe0d
decide	20a07e
bill	097ef5f0df41c2
bill	09c2c2c241dfc2
gbk	09e020
bill	41f4fff0c1f50941
bill	7f090dc1e0007e
bill	fdc200
bill	81c2f02cf5f0dfa0
decide	c220402cdffd
gbk	fefe80e0a0200af5
bill	4100ef7edf
bill	df7b80f0e07b
utf8	a0efef8120dff5
bill	7bfdff7ffe
utf8?	a0fff400f57fa000
gbk	3ff4
utf8?	fffd7fc1effe41e0
utf8?	0d2cfd7f
utf8	c24100002c203f
bill	7eefe0fe22c2fe
decide	0d097e41
decide	0af5f0a0c28100
gbk	7efe
decide	40c1f0f0e0414020
gbk	df7f
utf8?	dffef4ff
utf8?	40dff5a0
gbk	40410aefa041df
bill	404040c20a40f0
utf8?	fd41ff00
bill	09f5df41
utf8	41f40a
gbk	0d7e7fc1fe
gbk	0d40
utf8	fef509c17e7e
utf8?	2c7bf5222c7fff09
utf8?	40c222fe00
utf8?	0a41c2
utf8?	4122f5fe80
bill	df400ac1
utf8	09c1ef0940
utf8	22c2ef0dfffe0940
utf8	410a80c1
bill	3fa0
utf8?	e0f5f00afe09e0
bill	41fdf0
decide	2c7ff4fd22e0
bill	e07e2281
bill	c14041e022c2
gbk	fffd0a097f2c8120
decide	f47ff00a
utf8	e0ef2cfd207e81
decide	0dfd0a20a0f0
gbk	f5ff0dc27ff4
gbk	ef
bill	09fd7bfe4009ff
bill	ff2cf4800d00
decide	200a09a022fefd7e
decide	2081
bill	a02cff20f0
utf8?	2c7ba03f2c80
utf8	22fdf5a0f541
bill	3fa041fe2209c220
utf8	fe20fff52222
bill	7ff50d0a
decide	3f09
utf8	00a000227ff4
gbk	40813ffedf0a
utf8	3f00
decide	f44080
gbk	7feff0227f41f5e0
bill	c28080400a81
decide	f0093fc1c1fd
utf8	80a0f02c
utf8	dfc240fedff4
decide	7ea0402022
bill	81807ffe7e7f8181
bill	41c140ffe0ff812c
utf8	c1e07bdf
decide	7e7e3fa0
decide	0d0d092200400d
bill	7bf0df404120
utf8	0de0817f7effff
utf8?	2041e0a0
bill	f42cf4a0efc27e
utf8	df2080
utf8	417efe
bill	40c1f5fff009403f
utf8	8141
utf8	3f7ea07b0900
decide	09a0413f
bill	7fff807f7f7f80
utf8?	fef4
decide	0922
utf8?	eff0
utf8?	f57efe0dfda07e20
bill	ff410d22fe2c
utf8	f4fe7bf0ffe0ef
gbk	df2c22f081
decide	ff22fd80f420
utf8	fedf812c
decide	7bf040
utf8?	fde022
utf8	f4f40a81c280
gbk	fdf5
utf8	0d0941fdefdf
gbk	0a7e2c
utf8?	0d00fd
gbk	7e7b
bill	ff8109410de0fd
decide	7ea0c1ff0a20
utf8?	7e7b807b
bill	223fdf40
utf8?	0de081a0c2
gbk	00200022ff2c
utf8?	ff7f41fd
bill	400a
decide	7b22
utf8?	8041
utf8?	f5002cf42c7ffe3f
gbk	81ef2281f4
utf8?	f5c1
gbk	413f81fd
decide	fffea0fee07f3f
bill	f47ff020e0
bill	f07ffe2240fdff
bill	fe81002c0d0dc17f
decide	7e7e227b
utf8?	dfdffe0940
decide	fffff5f5c2c1
utf8	df41c2c12c007b22
utf8	40ffff0a80f0fe41
decide	3fef7ffd0981
decide	df22f40009810df0
utf8?	8100f440ef81e0
utf8	df
decide	c23ffe00094041e0
gbk	f4fec17e22c2
utf8?	e0a08180
utf8	7fdffef0
decide	2009c1f52c
utf8	7ea000e0
utf8	094041fe
decide	7fc2ef8181ef0a3f
bill	09c1f47f00fd
decide	c1a0f4e0
decide	fdef4081fd2c7fdf
utf8?	fedff5417b
utf8?	22400d007e2080e0
decide	a009ef00df2c00
decide	80097e093f22ef
bill	e0f00041df200a0a
decide	c122c1f57b7ec180
bill	fd200dfeeff5
bill	a0e0e000f4
gbk	407ec17ee0c2ef
utf8?	a0002c
gbk	7e22dfefeff0
decide	c10af5f0
utf8	e0227f0d
gbk	fd002009
bill	22417b003f
decide	002c227efd41c2
bill	a081
decide	410d
utf8?	40ef3ffee0
utf8	2200e022fd7f2c
gbk	81fe2c
utf8	7bf009ff81df0a
bill	0aa00def
utf8	3f2ce0a000
gbk	0922ef
utf8?	0a20c20af57f09
utf8	407f
utf8	7e0dc1c14181
bill	a009
utf8?	0afff5417e80
utf8	e07e7e0a00
decide	0d7b81
gbk	ff2cf5f0f00dc1
utf8	7eef203f8109f4
utf8?	008109
bill	2220
utf8?	7b2009f4
utf8?	000da00a41f53ffe
bill	e0e0ff207ec27b7e
gbk	e0fe7fc20a
bill	7f7f0d
bill	2000c1402c
decide	0d00
bill	f42c400ae0
bill	00e07b40
bill	2c3ffd40c1c1
utf8	3f40e0f52c7e20ef
bill	e0feff410af4097f
decide	f4c13f81c1a07b7f
utf8	0defff2220fe
utf8	c1f5
utf8	f43fa07f0a7b
utf8	80fd81ef7f
bill	00f5f0
utf8?	dfeff440
bill	efe0fe2c
decide	e0fe20
bill	df41
bill	7e09f5
gbk	7b0d0041fee0ff
gbk	3f817f
utf8?	40097f41c2ff
utf8	40220d
gbk	ff7e7f402c2c
utf8?	7b7eef
utf8?	fe40
gbk	fdff3f0d407b
gbk	dfef0000208022
gbk	3f3fc222ff
bill	7e2000
bill	2022a0c2effe412c
decide	22ef2c7fff
gbk	a0c2ef80c1fdc1
bill	df410dfd
utf8?	090081a02c
gbk	400def7f0d4141
decide	0dff7bf0c280
decide	207f81eff4
utf8	4180df00
decide	812281c2dfe000ef
decide	effd2cc10a7edf7b
gbk	0a00
utf8?	fedf
decide	efa020f47e
gbk	7fff
decide	7e0a3f20
gbk	e0f5c2227b400a
utf8	7ec1400af541
bill	0d20402c7f09
bill	41f5
decide	c1
utf8	2c7e0a7e00
utf8?	f47bf4
utf8?	ff3f81f0402c2c
decide	f5223f413f
bill	fdf5f4fe
bill	f5efc13ff4fd3f
gbk	e0f52c81f0097b
bill	20ef
gbk	8020
utf8	407eef3f09200d
gbk	804140f5
utf8?	0adf
decide	007f81007f
bill	c1df7b7b22f4
utf8	7ff00a7e22ef8080
decide	7ff409fd
decide	f4c200
utf8	22df000a
bill	f4fe09f42c7b09
bill	2009f5f4ef0981f4
decide	c1ffa0df
utf8?	0aff0a7ffe
decide	a00df4
utf8?	7f2cc1
decide	2200ef
bill	0020df7bfd20
bill	7b0a2c
gbk	dffd7f
utf8	a00022
utf8?	fec2407eef0000
decide	810909f5c20040
utf8	0a40ff7b
gbk	80c2407bf5ef8120
gbk	f00da041fffdef
utf8?	df2c40fe3f
bill	fe40c2f03f
utf8	0a20
utf8	c18181
bill	200d
utf8?	80fd808109
utf8	0af0002cffdf
utf8?	2280a041
utf8	0980f5e081
bill	fd7ff0ff4041
utf8?	81f0f4ff207bc2a0
