range	本月^2026^7^16
range	this month^2026^7^16
range	上月^2026^7^16
range	last month^2026^7^16
range	本周^2026^7^16
range	this week^2026^7^16
range	上周^2026^7^16
range	last week^2026^7^16
range	今天^2026^7^16
range	today^2026^7^16
range	昨天^2026^7^16
range	yesterday^2026^7^16
range	2024-01^2026^7^16
range	2024-02^2026^7^16
range	2025-02^2026^7^16
range	2024-12^2026^7^16
range	2026-01^2026^7^16
range	0001-01^2026^7^16
range	9999-12^2026^7^16
range	2024-00^2026^7^16
range	2024-13^2026^7^16
range	2024-99^2026^7^16
range	2024-01-15^2026^7^16
range	2024-02-29^2026^7^16
range	2025-02-29^2026^7^16
range	2024-01-32^2026^7^16
range	2024-00-00^2026^7^16
range	2024-13-15^2026^7^16
range	2024-00-15^2026^7^16
range	2024-99-15^2026^7^16
range	2024-01-00^2026^7^16
range	2024-01-99^2026^7^16
range	2024-13-15~2024-01-31^2026^7^16
range	2024-01-01~2024-13-15^2026^7^16
range	0001-01-15^2026^7^16
range	0099-06-30^2026^7^16
range	2024-01-01~2024-01-31^2026^7^16
range	2024-01-01 ~ 2024-01-31^2026^7^16
range	2024-01-01-2024-01-31^2026^7^16
range	2024-12-31~2024-01-01^2026^7^16
range	2024-01-01~2024-01-01^2026^7^16
range	1月^2026^7^16
range	12月^2026^7^16
range	0月^2026^7^16
range	13月^2026^7^16
range	9月^2026^7^16
range	99月^2026^7^16
range	^2026^7^16
range	 ^2026^7^16
range	肯德基^2026^7^16
range	2024^2026^7^16
range	24-01^2026^7^16
range	2024-1^2026^7^16
range	next week^2026^7^16
range	本月 ^2026^7^16
range	 今天^2026^7^16
range	2024-01-15T00:00:00^2026^7^16
range	2024/01/15^2026^7^16
range	本月^2026^7^17
range	this month^2026^7^17
range	上月^2026^7^17
range	last month^2026^7^17
range	本周^2026^7^17
range	this week^2026^7^17
range	上周^2026^7^17
range	last week^2026^7^17
range	今天^2026^7^17
range	today^2026^7^17
range	昨天^2026^7^17
range	yesterday^2026^7^17
range	2024-01^2026^7^17
range	2024-02^2026^7^17
range	2025-02^2026^7^17
range	2024-12^2026^7^17
range	2026-01^2026^7^17
range	0001-01^2026^7^17
range	9999-12^2026^7^17
range	2024-00^2026^7^17
range	2024-13^2026^7^17
range	2024-99^2026^7^17
range	2024-01-15^2026^7^17
range	2024-02-29^2026^7^17
range	2025-02-29^2026^7^17
range	2024-01-32^2026^7^17
range	2024-00-00^2026^7^17
range	2024-13-15^2026^7^17
range	2024-00-15^2026^7^17
range	2024-99-15^2026^7^17
range	2024-01-00^2026^7^17
range	2024-01-99^2026^7^17
range	2024-13-15~2024-01-31^2026^7^17
range	2024-01-01~2024-13-15^2026^7^17
range	0001-01-15^2026^7^17
range	0099-06-30^2026^7^17
range	2024-01-01~2024-01-31^2026^7^17
range	2024-01-01 ~ 2024-01-31^2026^7^17
range	2024-01-01-2024-01-31^2026^7^17
range	2024-12-31~2024-01-01^2026^7^17
range	2024-01-01~2024-01-01^2026^7^17
range	1月^2026^7^17
range	12月^2026^7^17
range	0月^2026^7^17
range	13月^2026^7^17
range	9月^2026^7^17
range	99月^2026^7^17
range	^2026^7^17
range	 ^2026^7^17
range	肯德基^2026^7^17
range	2024^2026^7^17
range	24-01^2026^7^17
range	2024-1^2026^7^17
range	next week^2026^7^17
range	本月 ^2026^7^17
range	 今天^2026^7^17
range	2024-01-15T00:00:00^2026^7^17
range	2024/01/15^2026^7^17
range	本月^2026^7^18
range	this month^2026^7^18
range	上月^2026^7^18
range	last month^2026^7^18
range	本周^2026^7^18
range	this week^2026^7^18
range	上周^2026^7^18
range	last week^2026^7^18
range	今天^2026^7^18
range	today^2026^7^18
range	昨天^2026^7^18
range	yesterday^2026^7^18
range	2024-01^2026^7^18
range	2024-02^2026^7^18
range	2025-02^2026^7^18
range	2024-12^2026^7^18
range	2026-01^2026^7^18
range	0001-01^2026^7^18
range	9999-12^2026^7^18
range	2024-00^2026^7^18
range	2024-13^2026^7^18
range	2024-99^2026^7^18
range	2024-01-15^2026^7^18
range	2024-02-29^2026^7^18
range	2025-02-29^2026^7^18
range	2024-01-32^2026^7^18
range	2024-00-00^2026^7^18
range	2024-13-15^2026^7^18
range	2024-00-15^2026^7^18
range	2024-99-15^2026^7^18
range	2024-01-00^2026^7^18
range	2024-01-99^2026^7^18
range	2024-13-15~2024-01-31^2026^7^18
range	2024-01-01~2024-13-15^2026^7^18
range	0001-01-15^2026^7^18
range	0099-06-30^2026^7^18
range	2024-01-01~2024-01-31^2026^7^18
range	2024-01-01 ~ 2024-01-31^2026^7^18
range	2024-01-01-2024-01-31^2026^7^18
range	2024-12-31~2024-01-01^2026^7^18
range	2024-01-01~2024-01-01^2026^7^18
range	1月^2026^7^18
range	12月^2026^7^18
range	0月^2026^7^18
range	13月^2026^7^18
range	9月^2026^7^18
range	99月^2026^7^18
range	^2026^7^18
range	 ^2026^7^18
range	肯德基^2026^7^18
range	2024^2026^7^18
range	24-01^2026^7^18
range	2024-1^2026^7^18
range	next week^2026^7^18
range	本月 ^2026^7^18
range	 今天^2026^7^18
range	2024-01-15T00:00:00^2026^7^18
range	2024/01/15^2026^7^18
range	本月^2026^7^19
range	this month^2026^7^19
range	上月^2026^7^19
range	last month^2026^7^19
range	本周^2026^7^19
range	this week^2026^7^19
range	上周^2026^7^19
range	last week^2026^7^19
range	今天^2026^7^19
range	today^2026^7^19
range	昨天^2026^7^19
range	yesterday^2026^7^19
range	2024-01^2026^7^19
range	2024-02^2026^7^19
range	2025-02^2026^7^19
range	2024-12^2026^7^19
range	2026-01^2026^7^19
range	0001-01^2026^7^19
range	9999-12^2026^7^19
range	2024-00^2026^7^19
range	2024-13^2026^7^19
range	2024-99^2026^7^19
range	2024-01-15^2026^7^19
range	2024-02-29^2026^7^19
range	2025-02-29^2026^7^19
range	2024-01-32^2026^7^19
range	2024-00-00^2026^7^19
range	2024-13-15^2026^7^19
range	2024-00-15^2026^7^19
range	2024-99-15^2026^7^19
range	2024-01-00^2026^7^19
range	2024-01-99^2026^7^19
range	2024-13-15~2024-01-31^2026^7^19
range	2024-01-01~2024-13-15^2026^7^19
range	0001-01-15^2026^7^19
range	0099-06-30^2026^7^19
range	2024-01-01~2024-01-31^2026^7^19
range	2024-01-01 ~ 2024-01-31^2026^7^19
range	2024-01-01-2024-01-31^2026^7^19
range	2024-12-31~2024-01-01^2026^7^19
range	2024-01-01~2024-01-01^2026^7^19
range	1月^2026^7^19
range	12月^2026^7^19
range	0月^2026^7^19
range	13月^2026^7^19
range	9月^2026^7^19
range	99月^2026^7^19
range	^2026^7^19
range	 ^2026^7^19
range	肯德基^2026^7^19
range	2024^2026^7^19
range	24-01^2026^7^19
range	2024-1^2026^7^19
range	next week^2026^7^19
range	本月 ^2026^7^19
range	 今天^2026^7^19
range	2024-01-15T00:00:00^2026^7^19
range	2024/01/15^2026^7^19
range	本月^2026^7^20
range	this month^2026^7^20
range	上月^2026^7^20
range	last month^2026^7^20
range	本周^2026^7^20
range	this week^2026^7^20
range	上周^2026^7^20
range	last week^2026^7^20
range	今天^2026^7^20
range	today^2026^7^20
range	昨天^2026^7^20
range	yesterday^2026^7^20
range	2024-01^2026^7^20
range	2024-02^2026^7^20
range	2025-02^2026^7^20
range	2024-12^2026^7^20
range	2026-01^2026^7^20
range	0001-01^2026^7^20
range	9999-12^2026^7^20
range	2024-00^2026^7^20
range	2024-13^2026^7^20
range	2024-99^2026^7^20
range	2024-01-15^2026^7^20
range	2024-02-29^2026^7^20
range	2025-02-29^2026^7^20
range	2024-01-32^2026^7^20
range	2024-00-00^2026^7^20
range	2024-13-15^2026^7^20
range	2024-00-15^2026^7^20
range	2024-99-15^2026^7^20
range	2024-01-00^2026^7^20
range	2024-01-99^2026^7^20
range	2024-13-15~2024-01-31^2026^7^20
range	2024-01-01~2024-13-15^2026^7^20
range	0001-01-15^2026^7^20
range	0099-06-30^2026^7^20
range	2024-01-01~2024-01-31^2026^7^20
range	2024-01-01 ~ 2024-01-31^2026^7^20
range	2024-01-01-2024-01-31^2026^7^20
range	2024-12-31~2024-01-01^2026^7^20
range	2024-01-01~2024-01-01^2026^7^20
range	1月^2026^7^20
range	12月^2026^7^20
range	0月^2026^7^20
range	13月^2026^7^20
range	9月^2026^7^20
range	99月^2026^7^20
range	^2026^7^20
range	 ^2026^7^20
range	肯德基^2026^7^20
range	2024^2026^7^20
range	24-01^2026^7^20
range	2024-1^2026^7^20
range	next week^2026^7^20
range	本月 ^2026^7^20
range	 今天^2026^7^20
range	2024-01-15T00:00:00^2026^7^20
range	2024/01/15^2026^7^20
range	本月^2026^7^21
range	this month^2026^7^21
range	上月^2026^7^21
range	last month^2026^7^21
range	本周^2026^7^21
range	this week^2026^7^21
range	上周^2026^7^21
range	last week^2026^7^21
range	今天^2026^7^21
range	today^2026^7^21
range	昨天^2026^7^21
range	yesterday^2026^7^21
range	2024-01^2026^7^21
range	2024-02^2026^7^21
range	2025-02^2026^7^21
range	2024-12^2026^7^21
range	2026-01^2026^7^21
range	0001-01^2026^7^21
range	9999-12^2026^7^21
range	2024-00^2026^7^21
range	2024-13^2026^7^21
range	2024-99^2026^7^21
range	2024-01-15^2026^7^21
range	2024-02-29^2026^7^21
range	2025-02-29^2026^7^21
range	2024-01-32^2026^7^21
range	2024-00-00^2026^7^21
range	2024-13-15^2026^7^21
range	2024-00-15^2026^7^21
range	2024-99-15^2026^7^21
range	2024-01-00^2026^7^21
range	2024-01-99^2026^7^21
range	2024-13-15~2024-01-31^2026^7^21
range	2024-01-01~2024-13-15^2026^7^21
range	0001-01-15^2026^7^21
range	0099-06-30^2026^7^21
range	2024-01-01~2024-01-31^2026^7^21
range	2024-01-01 ~ 2024-01-31^2026^7^21
range	2024-01-01-2024-01-31^2026^7^21
range	2024-12-31~2024-01-01^2026^7^21
range	2024-01-01~2024-01-01^2026^7^21
range	1月^2026^7^21
range	12月^2026^7^21
range	0月^2026^7^21
range	13月^2026^7^21
range	9月^2026^7^21
range	99月^2026^7^21
range	^2026^7^21
range	 ^2026^7^21
range	肯德基^2026^7^21
range	2024^2026^7^21
range	24-01^2026^7^21
range	2024-1^2026^7^21
range	next week^2026^7^21
range	本月 ^2026^7^21
range	 今天^2026^7^21
range	2024-01-15T00:00:00^2026^7^21
range	2024/01/15^2026^7^21
range	本月^2026^7^22
range	this month^2026^7^22
range	上月^2026^7^22
range	last month^2026^7^22
range	本周^2026^7^22
range	this week^2026^7^22
range	上周^2026^7^22
range	last week^2026^7^22
range	今天^2026^7^22
range	today^2026^7^22
range	昨天^2026^7^22
range	yesterday^2026^7^22
range	2024-01^2026^7^22
range	2024-02^2026^7^22
range	2025-02^2026^7^22
range	2024-12^2026^7^22
range	2026-01^2026^7^22
range	0001-01^2026^7^22
range	9999-12^2026^7^22
range	2024-00^2026^7^22
range	2024-13^2026^7^22
range	2024-99^2026^7^22
range	2024-01-15^2026^7^22
range	2024-02-29^2026^7^22
range	2025-02-29^2026^7^22
range	2024-01-32^2026^7^22
range	2024-00-00^2026^7^22
range	2024-13-15^2026^7^22
range	2024-00-15^2026^7^22
range	2024-99-15^2026^7^22
range	2024-01-00^2026^7^22
range	2024-01-99^2026^7^22
range	2024-13-15~2024-01-31^2026^7^22
range	2024-01-01~2024-13-15^2026^7^22
range	0001-01-15^2026^7^22
range	0099-06-30^2026^7^22
range	2024-01-01~2024-01-31^2026^7^22
range	2024-01-01 ~ 2024-01-31^2026^7^22
range	2024-01-01-2024-01-31^2026^7^22
range	2024-12-31~2024-01-01^2026^7^22
range	2024-01-01~2024-01-01^2026^7^22
range	1月^2026^7^22
range	12月^2026^7^22
range	0月^2026^7^22
range	13月^2026^7^22
range	9月^2026^7^22
range	99月^2026^7^22
range	^2026^7^22
range	 ^2026^7^22
range	肯德基^2026^7^22
range	2024^2026^7^22
range	24-01^2026^7^22
range	2024-1^2026^7^22
range	next week^2026^7^22
range	本月 ^2026^7^22
range	 今天^2026^7^22
range	2024-01-15T00:00:00^2026^7^22
range	2024/01/15^2026^7^22
range	本月^2026^7^23
range	this month^2026^7^23
range	上月^2026^7^23
range	last month^2026^7^23
range	本周^2026^7^23
range	this week^2026^7^23
range	上周^2026^7^23
range	last week^2026^7^23
range	今天^2026^7^23
range	today^2026^7^23
range	昨天^2026^7^23
range	yesterday^2026^7^23
range	2024-01^2026^7^23
range	2024-02^2026^7^23
range	2025-02^2026^7^23
range	2024-12^2026^7^23
range	2026-01^2026^7^23
range	0001-01^2026^7^23
range	9999-12^2026^7^23
range	2024-00^2026^7^23
range	2024-13^2026^7^23
range	2024-99^2026^7^23
range	2024-01-15^2026^7^23
range	2024-02-29^2026^7^23
range	2025-02-29^2026^7^23
range	2024-01-32^2026^7^23
range	2024-00-00^2026^7^23
range	2024-13-15^2026^7^23
range	2024-00-15^2026^7^23
range	2024-99-15^2026^7^23
range	2024-01-00^2026^7^23
range	2024-01-99^2026^7^23
range	2024-13-15~2024-01-31^2026^7^23
range	2024-01-01~2024-13-15^2026^7^23
range	0001-01-15^2026^7^23
range	0099-06-30^2026^7^23
range	2024-01-01~2024-01-31^2026^7^23
range	2024-01-01 ~ 2024-01-31^2026^7^23
range	2024-01-01-2024-01-31^2026^7^23
range	2024-12-31~2024-01-01^2026^7^23
range	2024-01-01~2024-01-01^2026^7^23
range	1月^2026^7^23
range	12月^2026^7^23
range	0月^2026^7^23
range	13月^2026^7^23
range	9月^2026^7^23
range	99月^2026^7^23
range	^2026^7^23
range	 ^2026^7^23
range	肯德基^2026^7^23
range	2024^2026^7^23
range	24-01^2026^7^23
range	2024-1^2026^7^23
range	next week^2026^7^23
range	本月 ^2026^7^23
range	 今天^2026^7^23
range	2024-01-15T00:00:00^2026^7^23
range	2024/01/15^2026^7^23
range	本月^2026^7^24
range	this month^2026^7^24
range	上月^2026^7^24
range	last month^2026^7^24
range	本周^2026^7^24
range	this week^2026^7^24
range	上周^2026^7^24
range	last week^2026^7^24
range	今天^2026^7^24
range	today^2026^7^24
range	昨天^2026^7^24
range	yesterday^2026^7^24
range	2024-01^2026^7^24
range	2024-02^2026^7^24
range	2025-02^2026^7^24
range	2024-12^2026^7^24
range	2026-01^2026^7^24
range	0001-01^2026^7^24
range	9999-12^2026^7^24
range	2024-00^2026^7^24
range	2024-13^2026^7^24
range	2024-99^2026^7^24
range	2024-01-15^2026^7^24
range	2024-02-29^2026^7^24
range	2025-02-29^2026^7^24
range	2024-01-32^2026^7^24
range	2024-00-00^2026^7^24
range	2024-13-15^2026^7^24
range	2024-00-15^2026^7^24
range	2024-99-15^2026^7^24
range	2024-01-00^2026^7^24
range	2024-01-99^2026^7^24
range	2024-13-15~2024-01-31^2026^7^24
range	2024-01-01~2024-13-15^2026^7^24
range	0001-01-15^2026^7^24
range	0099-06-30^2026^7^24
range	2024-01-01~2024-01-31^2026^7^24
range	2024-01-01 ~ 2024-01-31^2026^7^24
range	2024-01-01-2024-01-31^2026^7^24
range	2024-12-31~2024-01-01^2026^7^24
range	2024-01-01~2024-01-01^2026^7^24
range	1月^2026^7^24
range	12月^2026^7^24
range	0月^2026^7^24
range	13月^2026^7^24
range	9月^2026^7^24
range	99月^2026^7^24
range	^2026^7^24
range	 ^2026^7^24
range	肯德基^2026^7^24
range	2024^2026^7^24
range	24-01^2026^7^24
range	2024-1^2026^7^24
range	next week^2026^7^24
range	本月 ^2026^7^24
range	 今天^2026^7^24
range	2024-01-15T00:00:00^2026^7^24
range	2024/01/15^2026^7^24
range	本月^2026^0^1
range	this month^2026^0^1
range	上月^2026^0^1
range	last month^2026^0^1
range	本周^2026^0^1
range	this week^2026^0^1
range	上周^2026^0^1
range	last week^2026^0^1
range	今天^2026^0^1
range	today^2026^0^1
range	昨天^2026^0^1
range	yesterday^2026^0^1
range	2024-01^2026^0^1
range	2024-02^2026^0^1
range	2025-02^2026^0^1
range	2024-12^2026^0^1
range	2026-01^2026^0^1
range	0001-01^2026^0^1
range	9999-12^2026^0^1
range	2024-00^2026^0^1
range	2024-13^2026^0^1
range	2024-99^2026^0^1
range	2024-01-15^2026^0^1
range	2024-02-29^2026^0^1
range	2025-02-29^2026^0^1
range	2024-01-32^2026^0^1
range	2024-00-00^2026^0^1
range	2024-13-15^2026^0^1
range	2024-00-15^2026^0^1
range	2024-99-15^2026^0^1
range	2024-01-00^2026^0^1
range	2024-01-99^2026^0^1
range	2024-13-15~2024-01-31^2026^0^1
range	2024-01-01~2024-13-15^2026^0^1
range	0001-01-15^2026^0^1
range	0099-06-30^2026^0^1
range	2024-01-01~2024-01-31^2026^0^1
range	2024-01-01 ~ 2024-01-31^2026^0^1
range	2024-01-01-2024-01-31^2026^0^1
range	2024-12-31~2024-01-01^2026^0^1
range	2024-01-01~2024-01-01^2026^0^1
range	1月^2026^0^1
range	12月^2026^0^1
range	0月^2026^0^1
range	13月^2026^0^1
range	9月^2026^0^1
range	99月^2026^0^1
range	^2026^0^1
range	 ^2026^0^1
range	肯德基^2026^0^1
range	2024^2026^0^1
range	24-01^2026^0^1
range	2024-1^2026^0^1
range	next week^2026^0^1
range	本月 ^2026^0^1
range	 今天^2026^0^1
range	2024-01-15T00:00:00^2026^0^1
range	2024/01/15^2026^0^1
range	本月^2026^0^31
range	this month^2026^0^31
range	上月^2026^0^31
range	last month^2026^0^31
range	本周^2026^0^31
range	this week^2026^0^31
range	上周^2026^0^31
range	last week^2026^0^31
range	今天^2026^0^31
range	today^2026^0^31
range	昨天^2026^0^31
range	yesterday^2026^0^31
range	2024-01^2026^0^31
range	2024-02^2026^0^31
range	2025-02^2026^0^31
range	2024-12^2026^0^31
range	2026-01^2026^0^31
range	0001-01^2026^0^31
range	9999-12^2026^0^31
range	2024-00^2026^0^31
range	2024-13^2026^0^31
range	2024-99^2026^0^31
range	2024-01-15^2026^0^31
range	2024-02-29^2026^0^31
range	2025-02-29^2026^0^31
range	2024-01-32^2026^0^31
range	2024-00-00^2026^0^31
range	2024-13-15^2026^0^31
range	2024-00-15^2026^0^31
range	2024-99-15^2026^0^31
range	2024-01-00^2026^0^31
range	2024-01-99^2026^0^31
range	2024-13-15~2024-01-31^2026^0^31
range	2024-01-01~2024-13-15^2026^0^31
range	0001-01-15^2026^0^31
range	0099-06-30^2026^0^31
range	2024-01-01~2024-01-31^2026^0^31
range	2024-01-01 ~ 2024-01-31^2026^0^31
range	2024-01-01-2024-01-31^2026^0^31
range	2024-12-31~2024-01-01^2026^0^31
range	2024-01-01~2024-01-01^2026^0^31
range	1月^2026^0^31
range	12月^2026^0^31
range	0月^2026^0^31
range	13月^2026^0^31
range	9月^2026^0^31
range	99月^2026^0^31
range	^2026^0^31
range	 ^2026^0^31
range	肯德基^2026^0^31
range	2024^2026^0^31
range	24-01^2026^0^31
range	2024-1^2026^0^31
range	next week^2026^0^31
range	本月 ^2026^0^31
range	 今天^2026^0^31
range	2024-01-15T00:00:00^2026^0^31
range	2024/01/15^2026^0^31
range	本月^2026^11^31
range	this month^2026^11^31
range	上月^2026^11^31
range	last month^2026^11^31
range	本周^2026^11^31
range	this week^2026^11^31
range	上周^2026^11^31
range	last week^2026^11^31
range	今天^2026^11^31
range	today^2026^11^31
range	昨天^2026^11^31
range	yesterday^2026^11^31
range	2024-01^2026^11^31
range	2024-02^2026^11^31
range	2025-02^2026^11^31
range	2024-12^2026^11^31
range	2026-01^2026^11^31
range	0001-01^2026^11^31
range	9999-12^2026^11^31
range	2024-00^2026^11^31
range	2024-13^2026^11^31
range	2024-99^2026^11^31
range	2024-01-15^2026^11^31
range	2024-02-29^2026^11^31
range	2025-02-29^2026^11^31
range	2024-01-32^2026^11^31
range	2024-00-00^2026^11^31
range	2024-13-15^2026^11^31
range	2024-00-15^2026^11^31
range	2024-99-15^2026^11^31
range	2024-01-00^2026^11^31
range	2024-01-99^2026^11^31
range	2024-13-15~2024-01-31^2026^11^31
range	2024-01-01~2024-13-15^2026^11^31
range	0001-01-15^2026^11^31
range	0099-06-30^2026^11^31
range	2024-01-01~2024-01-31^2026^11^31
range	2024-01-01 ~ 2024-01-31^2026^11^31
range	2024-01-01-2024-01-31^2026^11^31
range	2024-12-31~2024-01-01^2026^11^31
range	2024-01-01~2024-01-01^2026^11^31
range	1月^2026^11^31
range	12月^2026^11^31
range	0月^2026^11^31
range	13月^2026^11^31
range	9月^2026^11^31
range	99月^2026^11^31
range	^2026^11^31
range	 ^2026^11^31
range	肯德基^2026^11^31
range	2024^2026^11^31
range	24-01^2026^11^31
range	2024-1^2026^11^31
range	next week^2026^11^31
range	本月 ^2026^11^31
range	 今天^2026^11^31
range	2024-01-15T00:00:00^2026^11^31
range	2024/01/15^2026^11^31
range	本月^2025^11^31
range	this month^2025^11^31
range	上月^2025^11^31
range	last month^2025^11^31
range	本周^2025^11^31
range	this week^2025^11^31
range	上周^2025^11^31
range	last week^2025^11^31
range	今天^2025^11^31
range	today^2025^11^31
range	昨天^2025^11^31
range	yesterday^2025^11^31
range	2024-01^2025^11^31
range	2024-02^2025^11^31
range	2025-02^2025^11^31
range	2024-12^2025^11^31
range	2026-01^2025^11^31
range	0001-01^2025^11^31
range	9999-12^2025^11^31
range	2024-00^2025^11^31
range	2024-13^2025^11^31
range	2024-99^2025^11^31
range	2024-01-15^2025^11^31
range	2024-02-29^2025^11^31
range	2025-02-29^2025^11^31
range	2024-01-32^2025^11^31
range	2024-00-00^2025^11^31
range	2024-13-15^2025^11^31
range	2024-00-15^2025^11^31
range	2024-99-15^2025^11^31
range	2024-01-00^2025^11^31
range	2024-01-99^2025^11^31
range	2024-13-15~2024-01-31^2025^11^31
range	2024-01-01~2024-13-15^2025^11^31
range	0001-01-15^2025^11^31
range	0099-06-30^2025^11^31
range	2024-01-01~2024-01-31^2025^11^31
range	2024-01-01 ~ 2024-01-31^2025^11^31
range	2024-01-01-2024-01-31^2025^11^31
range	2024-12-31~2024-01-01^2025^11^31
range	2024-01-01~2024-01-01^2025^11^31
range	1月^2025^11^31
range	12月^2025^11^31
range	0月^2025^11^31
range	13月^2025^11^31
range	9月^2025^11^31
range	99月^2025^11^31
range	^2025^11^31
range	 ^2025^11^31
range	肯德基^2025^11^31
range	2024^2025^11^31
range	24-01^2025^11^31
range	2024-1^2025^11^31
range	next week^2025^11^31
range	本月 ^2025^11^31
range	 今天^2025^11^31
range	2024-01-15T00:00:00^2025^11^31
range	2024/01/15^2025^11^31
range	本月^2024^1^29
range	this month^2024^1^29
range	上月^2024^1^29
range	last month^2024^1^29
range	本周^2024^1^29
range	this week^2024^1^29
range	上周^2024^1^29
range	last week^2024^1^29
range	今天^2024^1^29
range	today^2024^1^29
range	昨天^2024^1^29
range	yesterday^2024^1^29
range	2024-01^2024^1^29
range	2024-02^2024^1^29
range	2025-02^2024^1^29
range	2024-12^2024^1^29
range	2026-01^2024^1^29
range	0001-01^2024^1^29
range	9999-12^2024^1^29
range	2024-00^2024^1^29
range	2024-13^2024^1^29
range	2024-99^2024^1^29
range	2024-01-15^2024^1^29
range	2024-02-29^2024^1^29
range	2025-02-29^2024^1^29
range	2024-01-32^2024^1^29
range	2024-00-00^2024^1^29
range	2024-13-15^2024^1^29
range	2024-00-15^2024^1^29
range	2024-99-15^2024^1^29
range	2024-01-00^2024^1^29
range	2024-01-99^2024^1^29
range	2024-13-15~2024-01-31^2024^1^29
range	2024-01-01~2024-13-15^2024^1^29
range	0001-01-15^2024^1^29
range	0099-06-30^2024^1^29
range	2024-01-01~2024-01-31^2024^1^29
range	2024-01-01 ~ 2024-01-31^2024^1^29
range	2024-01-01-2024-01-31^2024^1^29
range	2024-12-31~2024-01-01^2024^1^29
range	2024-01-01~2024-01-01^2024^1^29
range	1月^2024^1^29
range	12月^2024^1^29
range	0月^2024^1^29
range	13月^2024^1^29
range	9月^2024^1^29
range	99月^2024^1^29
range	^2024^1^29
range	 ^2024^1^29
range	肯德基^2024^1^29
range	2024^2024^1^29
range	24-01^2024^1^29
range	2024-1^2024^1^29
range	next week^2024^1^29
range	本月 ^2024^1^29
range	 今天^2024^1^29
range	2024-01-15T00:00:00^2024^1^29
range	2024/01/15^2024^1^29
range	本月^2024^2^1
range	this month^2024^2^1
range	上月^2024^2^1
range	last month^2024^2^1
range	本周^2024^2^1
range	this week^2024^2^1
range	上周^2024^2^1
range	last week^2024^2^1
range	今天^2024^2^1
range	today^2024^2^1
range	昨天^2024^2^1
range	yesterday^2024^2^1
range	2024-01^2024^2^1
range	2024-02^2024^2^1
range	2025-02^2024^2^1
range	2024-12^2024^2^1
range	2026-01^2024^2^1
range	0001-01^2024^2^1
range	9999-12^2024^2^1
range	2024-00^2024^2^1
range	2024-13^2024^2^1
range	2024-99^2024^2^1
range	2024-01-15^2024^2^1
range	2024-02-29^2024^2^1
range	2025-02-29^2024^2^1
range	2024-01-32^2024^2^1
range	2024-00-00^2024^2^1
range	2024-13-15^2024^2^1
range	2024-00-15^2024^2^1
range	2024-99-15^2024^2^1
range	2024-01-00^2024^2^1
range	2024-01-99^2024^2^1
range	2024-13-15~2024-01-31^2024^2^1
range	2024-01-01~2024-13-15^2024^2^1
range	0001-01-15^2024^2^1
range	0099-06-30^2024^2^1
range	2024-01-01~2024-01-31^2024^2^1
range	2024-01-01 ~ 2024-01-31^2024^2^1
range	2024-01-01-2024-01-31^2024^2^1
range	2024-12-31~2024-01-01^2024^2^1
range	2024-01-01~2024-01-01^2024^2^1
range	1月^2024^2^1
range	12月^2024^2^1
range	0月^2024^2^1
range	13月^2024^2^1
range	9月^2024^2^1
range	99月^2024^2^1
range	^2024^2^1
range	 ^2024^2^1
range	肯德基^2024^2^1
range	2024^2024^2^1
range	24-01^2024^2^1
range	2024-1^2024^2^1
range	next week^2024^2^1
range	本月 ^2024^2^1
range	 今天^2024^2^1
range	2024-01-15T00:00:00^2024^2^1
range	2024/01/15^2024^2^1
range	本月^2026^2^1
range	this month^2026^2^1
range	上月^2026^2^1
range	last month^2026^2^1
range	本周^2026^2^1
range	this week^2026^2^1
range	上周^2026^2^1
range	last week^2026^2^1
range	今天^2026^2^1
range	today^2026^2^1
range	昨天^2026^2^1
range	yesterday^2026^2^1
range	2024-01^2026^2^1
range	2024-02^2026^2^1
range	2025-02^2026^2^1
range	2024-12^2026^2^1
range	2026-01^2026^2^1
range	0001-01^2026^2^1
range	9999-12^2026^2^1
range	2024-00^2026^2^1
range	2024-13^2026^2^1
range	2024-99^2026^2^1
range	2024-01-15^2026^2^1
range	2024-02-29^2026^2^1
range	2025-02-29^2026^2^1
range	2024-01-32^2026^2^1
range	2024-00-00^2026^2^1
range	2024-13-15^2026^2^1
range	2024-00-15^2026^2^1
range	2024-99-15^2026^2^1
range	2024-01-00^2026^2^1
range	2024-01-99^2026^2^1
range	2024-13-15~2024-01-31^2026^2^1
range	2024-01-01~2024-13-15^2026^2^1
range	0001-01-15^2026^2^1
range	0099-06-30^2026^2^1
range	2024-01-01~2024-01-31^2026^2^1
range	2024-01-01 ~ 2024-01-31^2026^2^1
range	2024-01-01-2024-01-31^2026^2^1
range	2024-12-31~2024-01-01^2026^2^1
range	2024-01-01~2024-01-01^2026^2^1
range	1月^2026^2^1
range	12月^2026^2^1
range	0月^2026^2^1
range	13月^2026^2^1
range	9月^2026^2^1
range	99月^2026^2^1
range	^2026^2^1
range	 ^2026^2^1
range	肯德基^2026^2^1
range	2024^2026^2^1
range	24-01^2026^2^1
range	2024-1^2026^2^1
range	next week^2026^2^1
range	本月 ^2026^2^1
range	 今天^2026^2^1
range	2024-01-15T00:00:00^2026^2^1
range	2024/01/15^2026^2^1
range	本月^2026^1^28
range	this month^2026^1^28
range	上月^2026^1^28
range	last month^2026^1^28
range	本周^2026^1^28
range	this week^2026^1^28
range	上周^2026^1^28
range	last week^2026^1^28
range	今天^2026^1^28
range	today^2026^1^28
range	昨天^2026^1^28
range	yesterday^2026^1^28
range	2024-01^2026^1^28
range	2024-02^2026^1^28
range	2025-02^2026^1^28
range	2024-12^2026^1^28
range	2026-01^2026^1^28
range	0001-01^2026^1^28
range	9999-12^2026^1^28
range	2024-00^2026^1^28
range	2024-13^2026^1^28
range	2024-99^2026^1^28
range	2024-01-15^2026^1^28
range	2024-02-29^2026^1^28
range	2025-02-29^2026^1^28
range	2024-01-32^2026^1^28
range	2024-00-00^2026^1^28
range	2024-13-15^2026^1^28
range	2024-00-15^2026^1^28
range	2024-99-15^2026^1^28
range	2024-01-00^2026^1^28
range	2024-01-99^2026^1^28
range	2024-13-15~2024-01-31^2026^1^28
range	2024-01-01~2024-13-15^2026^1^28
range	0001-01-15^2026^1^28
range	0099-06-30^2026^1^28
range	2024-01-01~2024-01-31^2026^1^28
range	2024-01-01 ~ 2024-01-31^2026^1^28
range	2024-01-01-2024-01-31^2026^1^28
range	2024-12-31~2024-01-01^2026^1^28
range	2024-01-01~2024-01-01^2026^1^28
range	1月^2026^1^28
range	12月^2026^1^28
range	0月^2026^1^28
range	13月^2026^1^28
range	9月^2026^1^28
range	99月^2026^1^28
range	^2026^1^28
range	 ^2026^1^28
range	肯德基^2026^1^28
range	2024^2026^1^28
range	24-01^2026^1^28
range	2024-1^2026^1^28
range	next week^2026^1^28
range	本月 ^2026^1^28
range	 今天^2026^1^28
range	2024-01-15T00:00:00^2026^1^28
range	2024/01/15^2026^1^28
range	本月^2026^8^1
range	this month^2026^8^1
range	上月^2026^8^1
range	last month^2026^8^1
range	本周^2026^8^1
range	this week^2026^8^1
range	上周^2026^8^1
range	last week^2026^8^1
range	今天^2026^8^1
range	today^2026^8^1
range	昨天^2026^8^1
range	yesterday^2026^8^1
range	2024-01^2026^8^1
range	2024-02^2026^8^1
range	2025-02^2026^8^1
range	2024-12^2026^8^1
range	2026-01^2026^8^1
range	0001-01^2026^8^1
range	9999-12^2026^8^1
range	2024-00^2026^8^1
range	2024-13^2026^8^1
range	2024-99^2026^8^1
range	2024-01-15^2026^8^1
range	2024-02-29^2026^8^1
range	2025-02-29^2026^8^1
range	2024-01-32^2026^8^1
range	2024-00-00^2026^8^1
range	2024-13-15^2026^8^1
range	2024-00-15^2026^8^1
range	2024-99-15^2026^8^1
range	2024-01-00^2026^8^1
range	2024-01-99^2026^8^1
range	2024-13-15~2024-01-31^2026^8^1
range	2024-01-01~2024-13-15^2026^8^1
range	0001-01-15^2026^8^1
range	0099-06-30^2026^8^1
range	2024-01-01~2024-01-31^2026^8^1
range	2024-01-01 ~ 2024-01-31^2026^8^1
range	2024-01-01-2024-01-31^2026^8^1
range	2024-12-31~2024-01-01^2026^8^1
range	2024-01-01~2024-01-01^2026^8^1
range	1月^2026^8^1
range	12月^2026^8^1
range	0月^2026^8^1
range	13月^2026^8^1
range	9月^2026^8^1
range	99月^2026^8^1
range	^2026^8^1
range	 ^2026^8^1
range	肯德基^2026^8^1
range	2024^2026^8^1
range	24-01^2026^8^1
range	2024-1^2026^8^1
range	next week^2026^8^1
range	本月 ^2026^8^1
range	 今天^2026^8^1
range	2024-01-15T00:00:00^2026^8^1
range	2024/01/15^2026^8^1
range	本月^2026^6^31
range	this month^2026^6^31
range	上月^2026^6^31
range	last month^2026^6^31
range	本周^2026^6^31
range	this week^2026^6^31
range	上周^2026^6^31
range	last week^2026^6^31
range	今天^2026^6^31
range	today^2026^6^31
range	昨天^2026^6^31
range	yesterday^2026^6^31
range	2024-01^2026^6^31
range	2024-02^2026^6^31
range	2025-02^2026^6^31
range	2024-12^2026^6^31
range	2026-01^2026^6^31
range	0001-01^2026^6^31
range	9999-12^2026^6^31
range	2024-00^2026^6^31
range	2024-13^2026^6^31
range	2024-99^2026^6^31
range	2024-01-15^2026^6^31
range	2024-02-29^2026^6^31
range	2025-02-29^2026^6^31
range	2024-01-32^2026^6^31
range	2024-00-00^2026^6^31
range	2024-13-15^2026^6^31
range	2024-00-15^2026^6^31
range	2024-99-15^2026^6^31
range	2024-01-00^2026^6^31
range	2024-01-99^2026^6^31
range	2024-13-15~2024-01-31^2026^6^31
range	2024-01-01~2024-13-15^2026^6^31
range	0001-01-15^2026^6^31
range	0099-06-30^2026^6^31
range	2024-01-01~2024-01-31^2026^6^31
range	2024-01-01 ~ 2024-01-31^2026^6^31
range	2024-01-01-2024-01-31^2026^6^31
range	2024-12-31~2024-01-01^2026^6^31
range	2024-01-01~2024-01-01^2026^6^31
range	1月^2026^6^31
range	12月^2026^6^31
range	0月^2026^6^31
range	13月^2026^6^31
range	9月^2026^6^31
range	99月^2026^6^31
range	^2026^6^31
range	 ^2026^6^31
range	肯德基^2026^6^31
range	2024^2026^6^31
range	24-01^2026^6^31
range	2024-1^2026^6^31
range	next week^2026^6^31
range	本月 ^2026^6^31
range	 今天^2026^6^31
range	2024-01-15T00:00:00^2026^6^31
range	2024/01/15^2026^6^31
range	本月^2027^0^1
range	this month^2027^0^1
range	上月^2027^0^1
range	last month^2027^0^1
range	本周^2027^0^1
range	this week^2027^0^1
range	上周^2027^0^1
range	last week^2027^0^1
range	今天^2027^0^1
range	today^2027^0^1
range	昨天^2027^0^1
range	yesterday^2027^0^1
range	2024-01^2027^0^1
range	2024-02^2027^0^1
range	2025-02^2027^0^1
range	2024-12^2027^0^1
range	2026-01^2027^0^1
range	0001-01^2027^0^1
range	9999-12^2027^0^1
range	2024-00^2027^0^1
range	2024-13^2027^0^1
range	2024-99^2027^0^1
range	2024-01-15^2027^0^1
range	2024-02-29^2027^0^1
range	2025-02-29^2027^0^1
range	2024-01-32^2027^0^1
range	2024-00-00^2027^0^1
range	2024-13-15^2027^0^1
range	2024-00-15^2027^0^1
range	2024-99-15^2027^0^1
range	2024-01-00^2027^0^1
range	2024-01-99^2027^0^1
range	2024-13-15~2024-01-31^2027^0^1
range	2024-01-01~2024-13-15^2027^0^1
range	0001-01-15^2027^0^1
range	0099-06-30^2027^0^1
range	2024-01-01~2024-01-31^2027^0^1
range	2024-01-01 ~ 2024-01-31^2027^0^1
range	2024-01-01-2024-01-31^2027^0^1
range	2024-12-31~2024-01-01^2027^0^1
range	2024-01-01~2024-01-01^2027^0^1
range	1月^2027^0^1
range	12月^2027^0^1
range	0月^2027^0^1
range	13月^2027^0^1
range	9月^2027^0^1
range	99月^2027^0^1
range	^2027^0^1
range	 ^2027^0^1
range	肯德基^2027^0^1
range	2024^2027^0^1
range	24-01^2027^0^1
range	2024-1^2027^0^1
range	next week^2027^0^1
range	本月 ^2027^0^1
range	 今天^2027^0^1
range	2024-01-15T00:00:00^2027^0^1
range	2024/01/15^2027^0^1
query	支出^2026^7^20
query	收入^2026^7^20
query	转账^2026^7^20
query	花掉^2026^7^20
query	进账^2026^7^20
query	expense^2026^7^20
query	spent^2026^7^20
query	income^2026^7^20
query	earned^2026^7^20
query	transfer^2026^7^20
query	EXPENSE^2026^7^20
query	Income^2026^7^20
query	TRANSFER^2026^7^20
query	inexpensive^2026^7^20
query	transferred^2026^7^20
query	expenses^2026^7^20
query	incomes^2026^7^20
query	spentate^2026^7^20
query	买菜 支出^2026^7^20
query	支出 买菜^2026^7^20
query	收入 工资^2026^7^20
query	转账 给妈妈^2026^7^20
query	支出 收入^2026^7^20
query	收入 支出^2026^7^20
query	转账 支出^2026^7^20
query	expense income^2026^7^20
query	支出支出^2026^7^20
query	 支出 ^2026^7^20
query	肯德基^2026^7^20
query	^2026^7^20
query	  ^2026^7^20
query	2024-01^2026^7^20
query	本月^2026^7^20
query	今天 支出^2026^7^20
query	支出 今天^2026^7^20
query	2024-01-15^2026^7^20
query	上周^2026^7^20
query	本周 收入^2026^7^20
query	昨天 转账^2026^7^20
query	2024-01-01~2024-01-31 支出^2026^7^20
query	2024-01-15 expense^2026^7^20
query	expense 2024-01-15^2026^7^20
query	支出^2026^0^1
query	收入^2026^0^1
query	转账^2026^0^1
query	花掉^2026^0^1
query	进账^2026^0^1
query	expense^2026^0^1
query	spent^2026^0^1
query	income^2026^0^1
query	earned^2026^0^1
query	transfer^2026^0^1
query	EXPENSE^2026^0^1
query	Income^2026^0^1
query	TRANSFER^2026^0^1
query	inexpensive^2026^0^1
query	transferred^2026^0^1
query	expenses^2026^0^1
query	incomes^2026^0^1
query	spentate^2026^0^1
query	买菜 支出^2026^0^1
query	支出 买菜^2026^0^1
query	收入 工资^2026^0^1
query	转账 给妈妈^2026^0^1
query	支出 收入^2026^0^1
query	收入 支出^2026^0^1
query	转账 支出^2026^0^1
query	expense income^2026^0^1
query	支出支出^2026^0^1
query	 支出 ^2026^0^1
query	肯德基^2026^0^1
query	^2026^0^1
query	  ^2026^0^1
query	2024-01^2026^0^1
query	本月^2026^0^1
query	今天 支出^2026^0^1
query	支出 今天^2026^0^1
query	2024-01-15^2026^0^1
query	上周^2026^0^1
query	本周 收入^2026^0^1
query	昨天 转账^2026^0^1
query	2024-01-01~2024-01-31 支出^2026^0^1
query	2024-01-15 expense^2026^0^1
query	expense 2024-01-15^2026^0^1
query	支出^2026^11^31
query	收入^2026^11^31
query	转账^2026^11^31
query	花掉^2026^11^31
query	进账^2026^11^31
query	expense^2026^11^31
query	spent^2026^11^31
query	income^2026^11^31
query	earned^2026^11^31
query	transfer^2026^11^31
query	EXPENSE^2026^11^31
query	Income^2026^11^31
query	TRANSFER^2026^11^31
query	inexpensive^2026^11^31
query	transferred^2026^11^31
query	expenses^2026^11^31
query	incomes^2026^11^31
query	spentate^2026^11^31
query	买菜 支出^2026^11^31
query	支出 买菜^2026^11^31
query	收入 工资^2026^11^31
query	转账 给妈妈^2026^11^31
query	支出 收入^2026^11^31
query	收入 支出^2026^11^31
query	转账 支出^2026^11^31
query	expense income^2026^11^31
query	支出支出^2026^11^31
query	 支出 ^2026^11^31
query	肯德基^2026^11^31
query	^2026^11^31
query	  ^2026^11^31
query	2024-01^2026^11^31
query	本月^2026^11^31
query	今天 支出^2026^11^31
query	支出 今天^2026^11^31
query	2024-01-15^2026^11^31
query	上周^2026^11^31
query	本周 收入^2026^11^31
query	昨天 转账^2026^11^31
query	2024-01-01~2024-01-31 支出^2026^11^31
query	2024-01-15 expense^2026^11^31
query	expense 2024-01-15^2026^11^31
match	exp^food^a1^1000^exp^_^_^_^_
match	exp^food^a1^1000^inc^_^_^_^_
match	exp^food^a1^1000^xfer^_^_^_^_
match	exp^food^a1^1000^_^_^_^_^_
match	inc^food^a1^1000^exp^_^_^_^_
match	inc^food^a1^1000^inc^_^_^_^_
match	inc^food^a1^1000^xfer^_^_^_^_
match	inc^food^a1^1000^_^_^_^_^_
match	xfer^food^a1^1000^exp^_^_^_^_
match	xfer^food^a1^1000^inc^_^_^_^_
match	xfer^food^a1^1000^xfer^_^_^_^_
match	xfer^food^a1^1000^_^_^_^_^_
match	_^food^a1^1000^exp^_^_^_^_
match	_^food^a1^1000^inc^_^_^_^_
match	_^food^a1^1000^xfer^_^_^_^_
match	_^food^a1^1000^_^_^_^_^_
match	exp^food^a1^1000^_^food^_^_^_
match	exp^food^a1^1000^_^trans^_^_^_
match	exp^food^a1^1000^_^_^_^_^_
match	exp^food^a1^1000^_^~^_^_^_
match	exp^trans^a1^1000^_^food^_^_^_
match	exp^trans^a1^1000^_^trans^_^_^_
match	exp^trans^a1^1000^_^_^_^_^_
match	exp^trans^a1^1000^_^~^_^_^_
match	exp^_^a1^1000^_^food^_^_^_
match	exp^_^a1^1000^_^trans^_^_^_
match	exp^_^a1^1000^_^_^_^_^_
match	exp^_^a1^1000^_^~^_^_^_
match	exp^~^a1^1000^_^food^_^_^_
match	exp^~^a1^1000^_^trans^_^_^_
match	exp^~^a1^1000^_^_^_^_^_
match	exp^~^a1^1000^_^~^_^_^_
match	exp^food^a1^1000^_^_^a1^_^_
match	exp^food^a1^1000^_^_^a2^_^_
match	exp^food^a1^1000^_^_^_^_^_
match	exp^food^a1^1000^_^_^~^_^_
match	exp^food^a2^1000^_^_^a1^_^_
match	exp^food^a2^1000^_^_^a2^_^_
match	exp^food^a2^1000^_^_^_^_^_
match	exp^food^a2^1000^_^_^~^_^_
match	exp^food^_^1000^_^_^a1^_^_
match	exp^food^_^1000^_^_^a2^_^_
match	exp^food^_^1000^_^_^_^_^_
match	exp^food^_^1000^_^_^~^_^_
match	exp^food^~^1000^_^_^a1^_^_
match	exp^food^~^1000^_^_^a2^_^_
match	exp^food^~^1000^_^_^_^_^_
match	exp^food^~^1000^_^_^~^_^_
match	exp^food^a1^1000^_^_^_^_^_
match	exp^food^a1^1000^_^_^_^_^0
match	exp^food^a1^1000^_^_^_^_^999
match	exp^food^a1^1000^_^_^_^_^1000
match	exp^food^a1^1000^_^_^_^_^1001
match	exp^food^a1^1000^_^_^_^_^-1
match	exp^food^a1^1000^_^_^_^0^_
match	exp^food^a1^1000^_^_^_^0^0
match	exp^food^a1^1000^_^_^_^0^999
match	exp^food^a1^1000^_^_^_^0^1000
match	exp^food^a1^1000^_^_^_^0^1001
match	exp^food^a1^1000^_^_^_^0^-1
match	exp^food^a1^1000^_^_^_^999^_
match	exp^food^a1^1000^_^_^_^999^0
match	exp^food^a1^1000^_^_^_^999^999
match	exp^food^a1^1000^_^_^_^999^1000
match	exp^food^a1^1000^_^_^_^999^1001
match	exp^food^a1^1000^_^_^_^999^-1
match	exp^food^a1^1000^_^_^_^1000^_
match	exp^food^a1^1000^_^_^_^1000^0
match	exp^food^a1^1000^_^_^_^1000^999
match	exp^food^a1^1000^_^_^_^1000^1000
match	exp^food^a1^1000^_^_^_^1000^1001
match	exp^food^a1^1000^_^_^_^1000^-1
match	exp^food^a1^1000^_^_^_^1001^_
match	exp^food^a1^1000^_^_^_^1001^0
match	exp^food^a1^1000^_^_^_^1001^999
match	exp^food^a1^1000^_^_^_^1001^1000
match	exp^food^a1^1000^_^_^_^1001^1001
match	exp^food^a1^1000^_^_^_^1001^-1
match	exp^food^a1^1000^_^_^_^-1^_
match	exp^food^a1^1000^_^_^_^-1^0
match	exp^food^a1^1000^_^_^_^-1^999
match	exp^food^a1^1000^_^_^_^-1^1000
match	exp^food^a1^1000^_^_^_^-1^1001
match	exp^food^a1^1000^_^_^_^-1^-1
match	exp^food^a1^-1^_^_^_^_^_
match	exp^food^a1^-1^_^_^_^0^_
match	exp^food^a1^-1^_^_^_^999^_
match	exp^food^a1^-1^_^_^_^1000^_
match	exp^food^a1^-1^_^_^_^1001^_
match	exp^food^a1^-1^_^_^_^-1^_
match	exp^food^a1^-1^_^_^_^_^_
match	exp^food^a1^-1^_^_^_^_^0
match	exp^food^a1^-1^_^_^_^_^999
match	exp^food^a1^-1^_^_^_^_^1000
match	exp^food^a1^-1^_^_^_^_^1001
match	exp^food^a1^-1^_^_^_^_^-1
match	exp^food^a1^0^_^_^_^_^_
match	exp^food^a1^0^_^_^_^0^_
match	exp^food^a1^0^_^_^_^999^_
match	exp^food^a1^0^_^_^_^1000^_
match	exp^food^a1^0^_^_^_^1001^_
match	exp^food^a1^0^_^_^_^-1^_
match	exp^food^a1^0^_^_^_^_^_
match	exp^food^a1^0^_^_^_^_^0
match	exp^food^a1^0^_^_^_^_^999
match	exp^food^a1^0^_^_^_^_^1000
match	exp^food^a1^0^_^_^_^_^1001
match	exp^food^a1^0^_^_^_^_^-1
match	exp^food^a1^1^_^_^_^_^_
match	exp^food^a1^1^_^_^_^0^_
match	exp^food^a1^1^_^_^_^999^_
match	exp^food^a1^1^_^_^_^1000^_
match	exp^food^a1^1^_^_^_^1001^_
match	exp^food^a1^1^_^_^_^-1^_
match	exp^food^a1^1^_^_^_^_^_
match	exp^food^a1^1^_^_^_^_^0
match	exp^food^a1^1^_^_^_^_^999
match	exp^food^a1^1^_^_^_^_^1000
match	exp^food^a1^1^_^_^_^_^1001
match	exp^food^a1^1^_^_^_^_^-1
match	exp^food^a1^999^_^_^_^_^_
match	exp^food^a1^999^_^_^_^0^_
match	exp^food^a1^999^_^_^_^999^_
match	exp^food^a1^999^_^_^_^1000^_
match	exp^food^a1^999^_^_^_^1001^_
match	exp^food^a1^999^_^_^_^-1^_
match	exp^food^a1^999^_^_^_^_^_
match	exp^food^a1^999^_^_^_^_^0
match	exp^food^a1^999^_^_^_^_^999
match	exp^food^a1^999^_^_^_^_^1000
match	exp^food^a1^999^_^_^_^_^1001
match	exp^food^a1^999^_^_^_^_^-1
match	exp^food^a1^1000^_^_^_^_^_
match	exp^food^a1^1000^_^_^_^0^_
match	exp^food^a1^1000^_^_^_^999^_
match	exp^food^a1^1000^_^_^_^1000^_
match	exp^food^a1^1000^_^_^_^1001^_
match	exp^food^a1^1000^_^_^_^-1^_
match	exp^food^a1^1000^_^_^_^_^_
match	exp^food^a1^1000^_^_^_^_^0
match	exp^food^a1^1000^_^_^_^_^999
match	exp^food^a1^1000^_^_^_^_^1000
match	exp^food^a1^1000^_^_^_^_^1001
match	exp^food^a1^1000^_^_^_^_^-1
match	exp^food^a1^1001^_^_^_^_^_
match	exp^food^a1^1001^_^_^_^0^_
match	exp^food^a1^1001^_^_^_^999^_
match	exp^food^a1^1001^_^_^_^1000^_
match	exp^food^a1^1001^_^_^_^1001^_
match	exp^food^a1^1001^_^_^_^-1^_
match	exp^food^a1^1001^_^_^_^_^_
match	exp^food^a1^1001^_^_^_^_^0
match	exp^food^a1^1001^_^_^_^_^999
match	exp^food^a1^1001^_^_^_^_^1000
match	exp^food^a1^1001^_^_^_^_^1001
match	exp^food^a1^1001^_^_^_^_^-1
match	exp^food^a1^1000^exp^food^_^_^_
match	exp^food^a1^1000^exp^food^a1^999^1001
match	exp^food^a1^1000^exp^food^a2^999^1001
match	exp^food^a1^1000^exp^trans^_^_^_
match	exp^food^a1^1000^exp^trans^a1^999^1001
match	exp^food^a1^1000^exp^trans^a2^999^1001
match	exp^food^a1^1000^exp^_^_^_^_
match	exp^food^a1^1000^exp^_^a1^999^1001
match	exp^food^a1^1000^exp^_^a2^999^1001
match	exp^trans^a1^1000^exp^food^_^_^_
match	exp^trans^a1^1000^exp^food^a1^999^1001
match	exp^trans^a1^1000^exp^food^a2^999^1001
match	exp^trans^a1^1000^exp^trans^_^_^_
match	exp^trans^a1^1000^exp^trans^a1^999^1001
match	exp^trans^a1^1000^exp^trans^a2^999^1001
match	exp^trans^a1^1000^exp^_^_^_^_
match	exp^trans^a1^1000^exp^_^a1^999^1001
match	exp^trans^a1^1000^exp^_^a2^999^1001
match	exp^food^a1^1000^inc^food^_^_^_
match	exp^food^a1^1000^inc^food^a1^999^1001
match	exp^food^a1^1000^inc^food^a2^999^1001
match	exp^food^a1^1000^inc^trans^_^_^_
match	exp^food^a1^1000^inc^trans^a1^999^1001
match	exp^food^a1^1000^inc^trans^a2^999^1001
match	exp^food^a1^1000^inc^_^_^_^_
match	exp^food^a1^1000^inc^_^a1^999^1001
match	exp^food^a1^1000^inc^_^a2^999^1001
match	exp^trans^a1^1000^inc^food^_^_^_
match	exp^trans^a1^1000^inc^food^a1^999^1001
match	exp^trans^a1^1000^inc^food^a2^999^1001
match	exp^trans^a1^1000^inc^trans^_^_^_
match	exp^trans^a1^1000^inc^trans^a1^999^1001
match	exp^trans^a1^1000^inc^trans^a2^999^1001
match	exp^trans^a1^1000^inc^_^_^_^_
match	exp^trans^a1^1000^inc^_^a1^999^1001
match	exp^trans^a1^1000^inc^_^a2^999^1001
match	exp^food^a1^1000^xfer^food^_^_^_
match	exp^food^a1^1000^xfer^food^a1^999^1001
match	exp^food^a1^1000^xfer^food^a2^999^1001
match	exp^food^a1^1000^xfer^trans^_^_^_
match	exp^food^a1^1000^xfer^trans^a1^999^1001
match	exp^food^a1^1000^xfer^trans^a2^999^1001
match	exp^food^a1^1000^xfer^_^_^_^_
match	exp^food^a1^1000^xfer^_^a1^999^1001
match	exp^food^a1^1000^xfer^_^a2^999^1001
match	exp^trans^a1^1000^xfer^food^_^_^_
match	exp^trans^a1^1000^xfer^food^a1^999^1001
match	exp^trans^a1^1000^xfer^food^a2^999^1001
match	exp^trans^a1^1000^xfer^trans^_^_^_
match	exp^trans^a1^1000^xfer^trans^a1^999^1001
match	exp^trans^a1^1000^xfer^trans^a2^999^1001
match	exp^trans^a1^1000^xfer^_^_^_^_
match	exp^trans^a1^1000^xfer^_^a1^999^1001
match	exp^trans^a1^1000^xfer^_^a2^999^1001
match	exp^food^a1^1000^_^food^_^_^_
match	exp^food^a1^1000^_^food^a1^999^1001
match	exp^food^a1^1000^_^food^a2^999^1001
match	exp^food^a1^1000^_^trans^_^_^_
match	exp^food^a1^1000^_^trans^a1^999^1001
match	exp^food^a1^1000^_^trans^a2^999^1001
match	exp^food^a1^1000^_^_^_^_^_
match	exp^food^a1^1000^_^_^a1^999^1001
match	exp^food^a1^1000^_^_^a2^999^1001
match	exp^trans^a1^1000^_^food^_^_^_
match	exp^trans^a1^1000^_^food^a1^999^1001
match	exp^trans^a1^1000^_^food^a2^999^1001
match	exp^trans^a1^1000^_^trans^_^_^_
match	exp^trans^a1^1000^_^trans^a1^999^1001
match	exp^trans^a1^1000^_^trans^a2^999^1001
match	exp^trans^a1^1000^_^_^_^_^_
match	exp^trans^a1^1000^_^_^a1^999^1001
match	exp^trans^a1^1000^_^_^a2^999^1001
match	inc^food^a1^1000^exp^food^_^_^_
match	inc^food^a1^1000^exp^food^a1^999^1001
match	inc^food^a1^1000^exp^food^a2^999^1001
match	inc^food^a1^1000^exp^trans^_^_^_
match	inc^food^a1^1000^exp^trans^a1^999^1001
match	inc^food^a1^1000^exp^trans^a2^999^1001
match	inc^food^a1^1000^exp^_^_^_^_
match	inc^food^a1^1000^exp^_^a1^999^1001
match	inc^food^a1^1000^exp^_^a2^999^1001
match	inc^trans^a1^1000^exp^food^_^_^_
match	inc^trans^a1^1000^exp^food^a1^999^1001
match	inc^trans^a1^1000^exp^food^a2^999^1001
match	inc^trans^a1^1000^exp^trans^_^_^_
match	inc^trans^a1^1000^exp^trans^a1^999^1001
match	inc^trans^a1^1000^exp^trans^a2^999^1001
match	inc^trans^a1^1000^exp^_^_^_^_
match	inc^trans^a1^1000^exp^_^a1^999^1001
match	inc^trans^a1^1000^exp^_^a2^999^1001
match	inc^food^a1^1000^inc^food^_^_^_
match	inc^food^a1^1000^inc^food^a1^999^1001
match	inc^food^a1^1000^inc^food^a2^999^1001
match	inc^food^a1^1000^inc^trans^_^_^_
match	inc^food^a1^1000^inc^trans^a1^999^1001
match	inc^food^a1^1000^inc^trans^a2^999^1001
match	inc^food^a1^1000^inc^_^_^_^_
match	inc^food^a1^1000^inc^_^a1^999^1001
match	inc^food^a1^1000^inc^_^a2^999^1001
match	inc^trans^a1^1000^inc^food^_^_^_
match	inc^trans^a1^1000^inc^food^a1^999^1001
match	inc^trans^a1^1000^inc^food^a2^999^1001
match	inc^trans^a1^1000^inc^trans^_^_^_
match	inc^trans^a1^1000^inc^trans^a1^999^1001
match	inc^trans^a1^1000^inc^trans^a2^999^1001
match	inc^trans^a1^1000^inc^_^_^_^_
match	inc^trans^a1^1000^inc^_^a1^999^1001
match	inc^trans^a1^1000^inc^_^a2^999^1001
match	inc^food^a1^1000^xfer^food^_^_^_
match	inc^food^a1^1000^xfer^food^a1^999^1001
match	inc^food^a1^1000^xfer^food^a2^999^1001
match	inc^food^a1^1000^xfer^trans^_^_^_
match	inc^food^a1^1000^xfer^trans^a1^999^1001
match	inc^food^a1^1000^xfer^trans^a2^999^1001
match	inc^food^a1^1000^xfer^_^_^_^_
match	inc^food^a1^1000^xfer^_^a1^999^1001
match	inc^food^a1^1000^xfer^_^a2^999^1001
match	inc^trans^a1^1000^xfer^food^_^_^_
match	inc^trans^a1^1000^xfer^food^a1^999^1001
match	inc^trans^a1^1000^xfer^food^a2^999^1001
match	inc^trans^a1^1000^xfer^trans^_^_^_
match	inc^trans^a1^1000^xfer^trans^a1^999^1001
match	inc^trans^a1^1000^xfer^trans^a2^999^1001
match	inc^trans^a1^1000^xfer^_^_^_^_
match	inc^trans^a1^1000^xfer^_^a1^999^1001
match	inc^trans^a1^1000^xfer^_^a2^999^1001
match	inc^food^a1^1000^_^food^_^_^_
match	inc^food^a1^1000^_^food^a1^999^1001
match	inc^food^a1^1000^_^food^a2^999^1001
match	inc^food^a1^1000^_^trans^_^_^_
match	inc^food^a1^1000^_^trans^a1^999^1001
match	inc^food^a1^1000^_^trans^a2^999^1001
match	inc^food^a1^1000^_^_^_^_^_
match	inc^food^a1^1000^_^_^a1^999^1001
match	inc^food^a1^1000^_^_^a2^999^1001
match	inc^trans^a1^1000^_^food^_^_^_
match	inc^trans^a1^1000^_^food^a1^999^1001
match	inc^trans^a1^1000^_^food^a2^999^1001
match	inc^trans^a1^1000^_^trans^_^_^_
match	inc^trans^a1^1000^_^trans^a1^999^1001
match	inc^trans^a1^1000^_^trans^a2^999^1001
match	inc^trans^a1^1000^_^_^_^_^_
match	inc^trans^a1^1000^_^_^a1^999^1001
match	inc^trans^a1^1000^_^_^a2^999^1001
match	xfer^food^a1^1000^exp^food^_^_^_
match	xfer^food^a1^1000^exp^food^a1^999^1001
match	xfer^food^a1^1000^exp^food^a2^999^1001
match	xfer^food^a1^1000^exp^trans^_^_^_
match	xfer^food^a1^1000^exp^trans^a1^999^1001
match	xfer^food^a1^1000^exp^trans^a2^999^1001
match	xfer^food^a1^1000^exp^_^_^_^_
match	xfer^food^a1^1000^exp^_^a1^999^1001
match	xfer^food^a1^1000^exp^_^a2^999^1001
match	xfer^trans^a1^1000^exp^food^_^_^_
match	xfer^trans^a1^1000^exp^food^a1^999^1001
match	xfer^trans^a1^1000^exp^food^a2^999^1001
match	xfer^trans^a1^1000^exp^trans^_^_^_
match	xfer^trans^a1^1000^exp^trans^a1^999^1001
match	xfer^trans^a1^1000^exp^trans^a2^999^1001
match	xfer^trans^a1^1000^exp^_^_^_^_
match	xfer^trans^a1^1000^exp^_^a1^999^1001
match	xfer^trans^a1^1000^exp^_^a2^999^1001
match	xfer^food^a1^1000^inc^food^_^_^_
match	xfer^food^a1^1000^inc^food^a1^999^1001
match	xfer^food^a1^1000^inc^food^a2^999^1001
match	xfer^food^a1^1000^inc^trans^_^_^_
match	xfer^food^a1^1000^inc^trans^a1^999^1001
match	xfer^food^a1^1000^inc^trans^a2^999^1001
match	xfer^food^a1^1000^inc^_^_^_^_
match	xfer^food^a1^1000^inc^_^a1^999^1001
match	xfer^food^a1^1000^inc^_^a2^999^1001
match	xfer^trans^a1^1000^inc^food^_^_^_
match	xfer^trans^a1^1000^inc^food^a1^999^1001
match	xfer^trans^a1^1000^inc^food^a2^999^1001
match	xfer^trans^a1^1000^inc^trans^_^_^_
match	xfer^trans^a1^1000^inc^trans^a1^999^1001
match	xfer^trans^a1^1000^inc^trans^a2^999^1001
match	xfer^trans^a1^1000^inc^_^_^_^_
match	xfer^trans^a1^1000^inc^_^a1^999^1001
match	xfer^trans^a1^1000^inc^_^a2^999^1001
match	xfer^food^a1^1000^xfer^food^_^_^_
match	xfer^food^a1^1000^xfer^food^a1^999^1001
match	xfer^food^a1^1000^xfer^food^a2^999^1001
match	xfer^food^a1^1000^xfer^trans^_^_^_
match	xfer^food^a1^1000^xfer^trans^a1^999^1001
match	xfer^food^a1^1000^xfer^trans^a2^999^1001
match	xfer^food^a1^1000^xfer^_^_^_^_
match	xfer^food^a1^1000^xfer^_^a1^999^1001
match	xfer^food^a1^1000^xfer^_^a2^999^1001
match	xfer^trans^a1^1000^xfer^food^_^_^_
match	xfer^trans^a1^1000^xfer^food^a1^999^1001
match	xfer^trans^a1^1000^xfer^food^a2^999^1001
match	xfer^trans^a1^1000^xfer^trans^_^_^_
match	xfer^trans^a1^1000^xfer^trans^a1^999^1001
match	xfer^trans^a1^1000^xfer^trans^a2^999^1001
match	xfer^trans^a1^1000^xfer^_^_^_^_
match	xfer^trans^a1^1000^xfer^_^a1^999^1001
match	xfer^trans^a1^1000^xfer^_^a2^999^1001
match	xfer^food^a1^1000^_^food^_^_^_
match	xfer^food^a1^1000^_^food^a1^999^1001
match	xfer^food^a1^1000^_^food^a2^999^1001
match	xfer^food^a1^1000^_^trans^_^_^_
match	xfer^food^a1^1000^_^trans^a1^999^1001
match	xfer^food^a1^1000^_^trans^a2^999^1001
match	xfer^food^a1^1000^_^_^_^_^_
match	xfer^food^a1^1000^_^_^a1^999^1001
match	xfer^food^a1^1000^_^_^a2^999^1001
match	xfer^trans^a1^1000^_^food^_^_^_
match	xfer^trans^a1^1000^_^food^a1^999^1001
match	xfer^trans^a1^1000^_^food^a2^999^1001
match	xfer^trans^a1^1000^_^trans^_^_^_
match	xfer^trans^a1^1000^_^trans^a1^999^1001
match	xfer^trans^a1^1000^_^trans^a2^999^1001
match	xfer^trans^a1^1000^_^_^_^_^_
match	xfer^trans^a1^1000^_^_^a1^999^1001
match	xfer^trans^a1^1000^_^_^a2^999^1001
match	_^food^a1^1000^exp^food^_^_^_
match	_^food^a1^1000^exp^food^a1^999^1001
match	_^food^a1^1000^exp^food^a2^999^1001
match	_^food^a1^1000^exp^trans^_^_^_
match	_^food^a1^1000^exp^trans^a1^999^1001
match	_^food^a1^1000^exp^trans^a2^999^1001
match	_^food^a1^1000^exp^_^_^_^_
match	_^food^a1^1000^exp^_^a1^999^1001
match	_^food^a1^1000^exp^_^a2^999^1001
match	_^trans^a1^1000^exp^food^_^_^_
match	_^trans^a1^1000^exp^food^a1^999^1001
match	_^trans^a1^1000^exp^food^a2^999^1001
match	_^trans^a1^1000^exp^trans^_^_^_
match	_^trans^a1^1000^exp^trans^a1^999^1001
match	_^trans^a1^1000^exp^trans^a2^999^1001
match	_^trans^a1^1000^exp^_^_^_^_
match	_^trans^a1^1000^exp^_^a1^999^1001
match	_^trans^a1^1000^exp^_^a2^999^1001
match	_^food^a1^1000^inc^food^_^_^_
match	_^food^a1^1000^inc^food^a1^999^1001
match	_^food^a1^1000^inc^food^a2^999^1001
match	_^food^a1^1000^inc^trans^_^_^_
match	_^food^a1^1000^inc^trans^a1^999^1001
match	_^food^a1^1000^inc^trans^a2^999^1001
match	_^food^a1^1000^inc^_^_^_^_
match	_^food^a1^1000^inc^_^a1^999^1001
match	_^food^a1^1000^inc^_^a2^999^1001
match	_^trans^a1^1000^inc^food^_^_^_
match	_^trans^a1^1000^inc^food^a1^999^1001
match	_^trans^a1^1000^inc^food^a2^999^1001
match	_^trans^a1^1000^inc^trans^_^_^_
match	_^trans^a1^1000^inc^trans^a1^999^1001
match	_^trans^a1^1000^inc^trans^a2^999^1001
match	_^trans^a1^1000^inc^_^_^_^_
match	_^trans^a1^1000^inc^_^a1^999^1001
match	_^trans^a1^1000^inc^_^a2^999^1001
match	_^food^a1^1000^xfer^food^_^_^_
match	_^food^a1^1000^xfer^food^a1^999^1001
match	_^food^a1^1000^xfer^food^a2^999^1001
match	_^food^a1^1000^xfer^trans^_^_^_
match	_^food^a1^1000^xfer^trans^a1^999^1001
match	_^food^a1^1000^xfer^trans^a2^999^1001
match	_^food^a1^1000^xfer^_^_^_^_
match	_^food^a1^1000^xfer^_^a1^999^1001
match	_^food^a1^1000^xfer^_^a2^999^1001
match	_^trans^a1^1000^xfer^food^_^_^_
match	_^trans^a1^1000^xfer^food^a1^999^1001
match	_^trans^a1^1000^xfer^food^a2^999^1001
match	_^trans^a1^1000^xfer^trans^_^_^_
match	_^trans^a1^1000^xfer^trans^a1^999^1001
match	_^trans^a1^1000^xfer^trans^a2^999^1001
match	_^trans^a1^1000^xfer^_^_^_^_
match	_^trans^a1^1000^xfer^_^a1^999^1001
match	_^trans^a1^1000^xfer^_^a2^999^1001
match	_^food^a1^1000^_^food^_^_^_
match	_^food^a1^1000^_^food^a1^999^1001
match	_^food^a1^1000^_^food^a2^999^1001
match	_^food^a1^1000^_^trans^_^_^_
match	_^food^a1^1000^_^trans^a1^999^1001
match	_^food^a1^1000^_^trans^a2^999^1001
match	_^food^a1^1000^_^_^_^_^_
match	_^food^a1^1000^_^_^a1^999^1001
match	_^food^a1^1000^_^_^a2^999^1001
match	_^trans^a1^1000^_^food^_^_^_
match	_^trans^a1^1000^_^food^a1^999^1001
match	_^trans^a1^1000^_^food^a2^999^1001
match	_^trans^a1^1000^_^trans^_^_^_
match	_^trans^a1^1000^_^trans^a1^999^1001
match	_^trans^a1^1000^_^trans^a2^999^1001
match	_^trans^a1^1000^_^_^_^_^_
match	_^trans^a1^1000^_^_^a1^999^1001
match	_^trans^a1^1000^_^_^a2^999^1001
match	exp^food^a1^-1^exp^food^a1^_^_
match	exp^food^a1^-1^exp^food^a1^_^0
match	exp^food^a1^-1^exp^food^a1^_^999
match	exp^food^a1^-1^exp^food^a1^_^1000
match	exp^food^a1^-1^exp^food^a1^_^1001
match	exp^food^a1^-1^exp^food^a1^_^-1
match	exp^food^a1^-1^exp^food^a1^0^_
match	exp^food^a1^-1^exp^food^a1^0^0
match	exp^food^a1^-1^exp^food^a1^0^999
match	exp^food^a1^-1^exp^food^a1^0^1000
match	exp^food^a1^-1^exp^food^a1^0^1001
match	exp^food^a1^-1^exp^food^a1^0^-1
match	exp^food^a1^-1^exp^food^a1^999^_
match	exp^food^a1^-1^exp^food^a1^999^0
match	exp^food^a1^-1^exp^food^a1^999^999
match	exp^food^a1^-1^exp^food^a1^999^1000
match	exp^food^a1^-1^exp^food^a1^999^1001
match	exp^food^a1^-1^exp^food^a1^999^-1
match	exp^food^a1^-1^exp^food^a1^1000^_
match	exp^food^a1^-1^exp^food^a1^1000^0
match	exp^food^a1^-1^exp^food^a1^1000^999
match	exp^food^a1^-1^exp^food^a1^1000^1000
match	exp^food^a1^-1^exp^food^a1^1000^1001
match	exp^food^a1^-1^exp^food^a1^1000^-1
match	exp^food^a1^-1^exp^food^a1^1001^_
match	exp^food^a1^-1^exp^food^a1^1001^0
match	exp^food^a1^-1^exp^food^a1^1001^999
match	exp^food^a1^-1^exp^food^a1^1001^1000
match	exp^food^a1^-1^exp^food^a1^1001^1001
match	exp^food^a1^-1^exp^food^a1^1001^-1
match	exp^food^a1^-1^exp^food^a1^-1^_
match	exp^food^a1^-1^exp^food^a1^-1^0
match	exp^food^a1^-1^exp^food^a1^-1^999
match	exp^food^a1^-1^exp^food^a1^-1^1000
match	exp^food^a1^-1^exp^food^a1^-1^1001
match	exp^food^a1^-1^exp^food^a1^-1^-1
match	exp^food^a1^0^exp^food^a1^_^_
match	exp^food^a1^0^exp^food^a1^_^0
match	exp^food^a1^0^exp^food^a1^_^999
match	exp^food^a1^0^exp^food^a1^_^1000
match	exp^food^a1^0^exp^food^a1^_^1001
match	exp^food^a1^0^exp^food^a1^_^-1
match	exp^food^a1^0^exp^food^a1^0^_
match	exp^food^a1^0^exp^food^a1^0^0
match	exp^food^a1^0^exp^food^a1^0^999
match	exp^food^a1^0^exp^food^a1^0^1000
match	exp^food^a1^0^exp^food^a1^0^1001
match	exp^food^a1^0^exp^food^a1^0^-1
match	exp^food^a1^0^exp^food^a1^999^_
match	exp^food^a1^0^exp^food^a1^999^0
match	exp^food^a1^0^exp^food^a1^999^999
match	exp^food^a1^0^exp^food^a1^999^1000
match	exp^food^a1^0^exp^food^a1^999^1001
match	exp^food^a1^0^exp^food^a1^999^-1
match	exp^food^a1^0^exp^food^a1^1000^_
match	exp^food^a1^0^exp^food^a1^1000^0
match	exp^food^a1^0^exp^food^a1^1000^999
match	exp^food^a1^0^exp^food^a1^1000^1000
match	exp^food^a1^0^exp^food^a1^1000^1001
match	exp^food^a1^0^exp^food^a1^1000^-1
match	exp^food^a1^0^exp^food^a1^1001^_
match	exp^food^a1^0^exp^food^a1^1001^0
match	exp^food^a1^0^exp^food^a1^1001^999
match	exp^food^a1^0^exp^food^a1^1001^1000
match	exp^food^a1^0^exp^food^a1^1001^1001
match	exp^food^a1^0^exp^food^a1^1001^-1
match	exp^food^a1^0^exp^food^a1^-1^_
match	exp^food^a1^0^exp^food^a1^-1^0
match	exp^food^a1^0^exp^food^a1^-1^999
match	exp^food^a1^0^exp^food^a1^-1^1000
match	exp^food^a1^0^exp^food^a1^-1^1001
match	exp^food^a1^0^exp^food^a1^-1^-1
match	exp^food^a1^1^exp^food^a1^_^_
match	exp^food^a1^1^exp^food^a1^_^0
match	exp^food^a1^1^exp^food^a1^_^999
match	exp^food^a1^1^exp^food^a1^_^1000
match	exp^food^a1^1^exp^food^a1^_^1001
match	exp^food^a1^1^exp^food^a1^_^-1
match	exp^food^a1^1^exp^food^a1^0^_
match	exp^food^a1^1^exp^food^a1^0^0
match	exp^food^a1^1^exp^food^a1^0^999
match	exp^food^a1^1^exp^food^a1^0^1000
match	exp^food^a1^1^exp^food^a1^0^1001
match	exp^food^a1^1^exp^food^a1^0^-1
match	exp^food^a1^1^exp^food^a1^999^_
match	exp^food^a1^1^exp^food^a1^999^0
match	exp^food^a1^1^exp^food^a1^999^999
match	exp^food^a1^1^exp^food^a1^999^1000
match	exp^food^a1^1^exp^food^a1^999^1001
match	exp^food^a1^1^exp^food^a1^999^-1
match	exp^food^a1^1^exp^food^a1^1000^_
match	exp^food^a1^1^exp^food^a1^1000^0
match	exp^food^a1^1^exp^food^a1^1000^999
match	exp^food^a1^1^exp^food^a1^1000^1000
match	exp^food^a1^1^exp^food^a1^1000^1001
match	exp^food^a1^1^exp^food^a1^1000^-1
match	exp^food^a1^1^exp^food^a1^1001^_
match	exp^food^a1^1^exp^food^a1^1001^0
match	exp^food^a1^1^exp^food^a1^1001^999
match	exp^food^a1^1^exp^food^a1^1001^1000
match	exp^food^a1^1^exp^food^a1^1001^1001
match	exp^food^a1^1^exp^food^a1^1001^-1
match	exp^food^a1^1^exp^food^a1^-1^_
match	exp^food^a1^1^exp^food^a1^-1^0
match	exp^food^a1^1^exp^food^a1^-1^999
match	exp^food^a1^1^exp^food^a1^-1^1000
match	exp^food^a1^1^exp^food^a1^-1^1001
match	exp^food^a1^1^exp^food^a1^-1^-1
match	exp^food^a1^999^exp^food^a1^_^_
match	exp^food^a1^999^exp^food^a1^_^0
match	exp^food^a1^999^exp^food^a1^_^999
match	exp^food^a1^999^exp^food^a1^_^1000
match	exp^food^a1^999^exp^food^a1^_^1001
match	exp^food^a1^999^exp^food^a1^_^-1
match	exp^food^a1^999^exp^food^a1^0^_
match	exp^food^a1^999^exp^food^a1^0^0
match	exp^food^a1^999^exp^food^a1^0^999
match	exp^food^a1^999^exp^food^a1^0^1000
match	exp^food^a1^999^exp^food^a1^0^1001
match	exp^food^a1^999^exp^food^a1^0^-1
match	exp^food^a1^999^exp^food^a1^999^_
match	exp^food^a1^999^exp^food^a1^999^0
match	exp^food^a1^999^exp^food^a1^999^999
match	exp^food^a1^999^exp^food^a1^999^1000
match	exp^food^a1^999^exp^food^a1^999^1001
match	exp^food^a1^999^exp^food^a1^999^-1
match	exp^food^a1^999^exp^food^a1^1000^_
match	exp^food^a1^999^exp^food^a1^1000^0
match	exp^food^a1^999^exp^food^a1^1000^999
match	exp^food^a1^999^exp^food^a1^1000^1000
match	exp^food^a1^999^exp^food^a1^1000^1001
match	exp^food^a1^999^exp^food^a1^1000^-1
match	exp^food^a1^999^exp^food^a1^1001^_
match	exp^food^a1^999^exp^food^a1^1001^0
match	exp^food^a1^999^exp^food^a1^1001^999
match	exp^food^a1^999^exp^food^a1^1001^1000
match	exp^food^a1^999^exp^food^a1^1001^1001
match	exp^food^a1^999^exp^food^a1^1001^-1
match	exp^food^a1^999^exp^food^a1^-1^_
match	exp^food^a1^999^exp^food^a1^-1^0
match	exp^food^a1^999^exp^food^a1^-1^999
match	exp^food^a1^999^exp^food^a1^-1^1000
match	exp^food^a1^999^exp^food^a1^-1^1001
match	exp^food^a1^999^exp^food^a1^-1^-1
match	exp^food^a1^1000^exp^food^a1^_^_
match	exp^food^a1^1000^exp^food^a1^_^0
match	exp^food^a1^1000^exp^food^a1^_^999
match	exp^food^a1^1000^exp^food^a1^_^1000
match	exp^food^a1^1000^exp^food^a1^_^1001
match	exp^food^a1^1000^exp^food^a1^_^-1
match	exp^food^a1^1000^exp^food^a1^0^_
match	exp^food^a1^1000^exp^food^a1^0^0
match	exp^food^a1^1000^exp^food^a1^0^999
match	exp^food^a1^1000^exp^food^a1^0^1000
match	exp^food^a1^1000^exp^food^a1^0^1001
match	exp^food^a1^1000^exp^food^a1^0^-1
match	exp^food^a1^1000^exp^food^a1^999^_
match	exp^food^a1^1000^exp^food^a1^999^0
match	exp^food^a1^1000^exp^food^a1^999^999
match	exp^food^a1^1000^exp^food^a1^999^1000
match	exp^food^a1^1000^exp^food^a1^999^1001
match	exp^food^a1^1000^exp^food^a1^999^-1
match	exp^food^a1^1000^exp^food^a1^1000^_
match	exp^food^a1^1000^exp^food^a1^1000^0
match	exp^food^a1^1000^exp^food^a1^1000^999
match	exp^food^a1^1000^exp^food^a1^1000^1000
match	exp^food^a1^1000^exp^food^a1^1000^1001
match	exp^food^a1^1000^exp^food^a1^1000^-1
match	exp^food^a1^1000^exp^food^a1^1001^_
match	exp^food^a1^1000^exp^food^a1^1001^0
match	exp^food^a1^1000^exp^food^a1^1001^999
match	exp^food^a1^1000^exp^food^a1^1001^1000
match	exp^food^a1^1000^exp^food^a1^1001^1001
match	exp^food^a1^1000^exp^food^a1^1001^-1
match	exp^food^a1^1000^exp^food^a1^-1^_
match	exp^food^a1^1000^exp^food^a1^-1^0
match	exp^food^a1^1000^exp^food^a1^-1^999
match	exp^food^a1^1000^exp^food^a1^-1^1000
match	exp^food^a1^1000^exp^food^a1^-1^1001
match	exp^food^a1^1000^exp^food^a1^-1^-1
match	exp^food^a1^1001^exp^food^a1^_^_
match	exp^food^a1^1001^exp^food^a1^_^0
match	exp^food^a1^1001^exp^food^a1^_^999
match	exp^food^a1^1001^exp^food^a1^_^1000
match	exp^food^a1^1001^exp^food^a1^_^1001
match	exp^food^a1^1001^exp^food^a1^_^-1
match	exp^food^a1^1001^exp^food^a1^0^_
match	exp^food^a1^1001^exp^food^a1^0^0
match	exp^food^a1^1001^exp^food^a1^0^999
match	exp^food^a1^1001^exp^food^a1^0^1000
match	exp^food^a1^1001^exp^food^a1^0^1001
match	exp^food^a1^1001^exp^food^a1^0^-1
match	exp^food^a1^1001^exp^food^a1^999^_
match	exp^food^a1^1001^exp^food^a1^999^0
match	exp^food^a1^1001^exp^food^a1^999^999
match	exp^food^a1^1001^exp^food^a1^999^1000
match	exp^food^a1^1001^exp^food^a1^999^1001
match	exp^food^a1^1001^exp^food^a1^999^-1
match	exp^food^a1^1001^exp^food^a1^1000^_
match	exp^food^a1^1001^exp^food^a1^1000^0
match	exp^food^a1^1001^exp^food^a1^1000^999
match	exp^food^a1^1001^exp^food^a1^1000^1000
match	exp^food^a1^1001^exp^food^a1^1000^1001
match	exp^food^a1^1001^exp^food^a1^1000^-1
match	exp^food^a1^1001^exp^food^a1^1001^_
match	exp^food^a1^1001^exp^food^a1^1001^0
match	exp^food^a1^1001^exp^food^a1^1001^999
match	exp^food^a1^1001^exp^food^a1^1001^1000
match	exp^food^a1^1001^exp^food^a1^1001^1001
match	exp^food^a1^1001^exp^food^a1^1001^-1
match	exp^food^a1^1001^exp^food^a1^-1^_
match	exp^food^a1^1001^exp^food^a1^-1^0
match	exp^food^a1^1001^exp^food^a1^-1^999
match	exp^food^a1^1001^exp^food^a1^-1^1000
match	exp^food^a1^1001^exp^food^a1^-1^1001
match	exp^food^a1^1001^exp^food^a1^-1^-1
match	exp^food^a1^2000^exp^food^a1^_^_
match	exp^food^a1^2000^exp^food^a1^_^0
match	exp^food^a1^2000^exp^food^a1^_^999
match	exp^food^a1^2000^exp^food^a1^_^1000
match	exp^food^a1^2000^exp^food^a1^_^1001
match	exp^food^a1^2000^exp^food^a1^_^-1
match	exp^food^a1^2000^exp^food^a1^0^_
match	exp^food^a1^2000^exp^food^a1^0^0
match	exp^food^a1^2000^exp^food^a1^0^999
match	exp^food^a1^2000^exp^food^a1^0^1000
match	exp^food^a1^2000^exp^food^a1^0^1001
match	exp^food^a1^2000^exp^food^a1^0^-1
match	exp^food^a1^2000^exp^food^a1^999^_
match	exp^food^a1^2000^exp^food^a1^999^0
match	exp^food^a1^2000^exp^food^a1^999^999
match	exp^food^a1^2000^exp^food^a1^999^1000
match	exp^food^a1^2000^exp^food^a1^999^1001
match	exp^food^a1^2000^exp^food^a1^999^-1
match	exp^food^a1^2000^exp^food^a1^1000^_
match	exp^food^a1^2000^exp^food^a1^1000^0
match	exp^food^a1^2000^exp^food^a1^1000^999
match	exp^food^a1^2000^exp^food^a1^1000^1000
match	exp^food^a1^2000^exp^food^a1^1000^1001
match	exp^food^a1^2000^exp^food^a1^1000^-1
match	exp^food^a1^2000^exp^food^a1^1001^_
match	exp^food^a1^2000^exp^food^a1^1001^0
match	exp^food^a1^2000^exp^food^a1^1001^999
match	exp^food^a1^2000^exp^food^a1^1001^1000
match	exp^food^a1^2000^exp^food^a1^1001^1001
match	exp^food^a1^2000^exp^food^a1^1001^-1
match	exp^food^a1^2000^exp^food^a1^-1^_
match	exp^food^a1^2000^exp^food^a1^-1^0
match	exp^food^a1^2000^exp^food^a1^-1^999
match	exp^food^a1^2000^exp^food^a1^-1^1000
match	exp^food^a1^2000^exp^food^a1^-1^1001
match	exp^food^a1^2000^exp^food^a1^-1^-1
match	exp^food^a1^999^exp^food^a1^999^1001
match	exp^food^a1^1000^exp^food^a1^999^1001
match	exp^food^a1^999^exp^food^a2^999^1001
match	exp^food^a1^1000^exp^food^a2^999^1001
match	exp^food^a1^999^exp^food^_^999^1001
match	exp^food^a1^1000^exp^food^_^999^1001
match	exp^food^a1^999^exp^food^~^999^1001
match	exp^food^a1^1000^exp^food^~^999^1001
match	exp^food^a2^999^exp^food^a1^999^1001
match	exp^food^a2^1000^exp^food^a1^999^1001
match	exp^food^a2^999^exp^food^a2^999^1001
match	exp^food^a2^1000^exp^food^a2^999^1001
match	exp^food^a2^999^exp^food^_^999^1001
match	exp^food^a2^1000^exp^food^_^999^1001
match	exp^food^a2^999^exp^food^~^999^1001
match	exp^food^a2^1000^exp^food^~^999^1001
match	exp^food^_^999^exp^food^a1^999^1001
match	exp^food^_^1000^exp^food^a1^999^1001
match	exp^food^_^999^exp^food^a2^999^1001
match	exp^food^_^1000^exp^food^a2^999^1001
match	exp^food^_^999^exp^food^_^999^1001
match	exp^food^_^1000^exp^food^_^999^1001
match	exp^food^_^999^exp^food^~^999^1001
match	exp^food^_^1000^exp^food^~^999^1001
match	exp^food^~^999^exp^food^a1^999^1001
match	exp^food^~^1000^exp^food^a1^999^1001
match	exp^food^~^999^exp^food^a2^999^1001
match	exp^food^~^1000^exp^food^a2^999^1001
match	exp^food^~^999^exp^food^_^999^1001
match	exp^food^~^1000^exp^food^_^999^1001
match	exp^food^~^999^exp^food^~^999^1001
match	exp^food^~^1000^exp^food^~^999^1001
