lum	#000000
lum	#1C1A18
lum	#262320
lum	#2B2622
lum	#3670A0
lum	#3A3531
lum	#3E6B3E
lum	#4A90B8
lum	#4E7A68
lum	#5C7C6F
lum	#5C8A5C
lum	#6B4632
lum	#6FA88F
lum	#7C9C8F
lum	#8A8178
lum	#8DC0E0
lum	#94C494
lum	#9A9186
lum	#A8C2B8
lum	#B83A48
lum	#B85E2A
lum	#BC8A26
lum	#C76482
lum	#D0DEE8
lum	#D5DFD4
lum	#D94E5C
lum	#D97840
lum	#DCE6DA
lum	#E0A93C
lum	#E4EEF6
lum	#E6EDE5
lum	#E8869B
lum	#E8A838
lum	#E8AB80
lum	#EADFCF
lum	#EC9AA2
lum	#ECF1EA
lum	#EDE2C6
lum	#EEDDD0
lum	#F0CE84
lum	#F0DCDA
lum	#F0EAE2
lum	#F2B3C4
lum	#F2F7FB
lum	#F3F7F2
lum	#F6EBE0
lum	#F6EEE2
lum	#F6F9F5
lum	#F7EFDA
lum	#F8EBE8
lum	#FBF5EF
lum	#FBF7F0
lum	#FCF5F3
lum	#FCF8ED
lum	#FFFFFF
lum	#FFF
lum	#000
lum	#F0A
lum	#abc
lum	#ABC
lum	FFFFFF
lum	fff
lum	#FFFFFFAA
lum	#2B262280
lum	#ffffff
lum	#FfFfFf
lum	
lum	#
lum	##FFFFFF
lum	nonsense
lum	#GGGGGG
lum	#12
lum	#1234567
lum	rgb(1,2,3)
lum	#FFFFFFFFFF
lum	#FFzzzz
lum	#12qq
lum	#zz
lum	#FF#FFF
lum	#F#F
lum	###FFF
lum	FF#FFF
lum	  #FFFFFF
lum		#FFF
lum	#-FFFFF
lum	#+FFFFF
lum	#0xFFFF
lum	#0XFFFF
lum	# FFFFF
lum	#FFFFF 
lum	#FF FF
lum	#FFFFFF#
lum	#-1
lum	#1e5
lum	##000000
lum	##FFF
lum	##abc
lum	###
lum	#a#b#c
lum	##FF0000
lum	##00FF00
lum	##0000FF
lum	#F#FFFFF
lum	##2B2622
lum	##FBF7F0
lum	####FFFFFF
lum	##
lum	#000000
lum	#000000
lum	#000000
lum	#000000
lum	#010101
lum	#010000
lum	#000100
lum	#000001
lum	#090909
lum	#090000
lum	#000900
lum	#000009
lum	#0a0a0a
lum	#0a0000
lum	#000a00
lum	#00000a
lum	#0b0b0b
lum	#0b0000
lum	#000b00
lum	#00000b
lum	#0c0c0c
lum	#0c0000
lum	#000c00
lum	#00000c
lum	#fefefe
lum	#fe0000
lum	#00fe00
lum	#0000fe
lum	#ffffff
lum	#ff0000
lum	#00ff00
lum	#0000ff
lum	#808080
lum	#800000
lum	#008000
lum	#000080
mix	#000000^#FFFFFF^0
mix	#000000^#FFFFFF^1
mix	#000000^#FFFFFF^0.5
mix	#000000^#FFFFFF^0.28
mix	#000000^#FFFFFF^0.0883
mix	#000000^#FFFFFF^-0
mix	#000000^#FFFFFF^-1
mix	#000000^#FFFFFF^2
mix	#000000^#FFFFFF^1.5
mix	#000000^#FFFFFF^-0.5
mix	#000000^#FFFFFF^0.3333333333333333
mix	#000000^#FFFFFF^0.1
mix	#000000^#FFFFFF^0.9
mix	#000000^#FFFFFF^0.999999999
mix	#000000^#FFFFFF^0.000000001
mix	#FFFFFF^#000000^0
mix	#FFFFFF^#000000^1
mix	#FFFFFF^#000000^0.5
mix	#FFFFFF^#000000^0.28
mix	#FFFFFF^#000000^0.0883
mix	#FFFFFF^#000000^-0
mix	#FFFFFF^#000000^-1
mix	#FFFFFF^#000000^2
mix	#FFFFFF^#000000^1.5
mix	#FFFFFF^#000000^-0.5
mix	#FFFFFF^#000000^0.3333333333333333
mix	#FFFFFF^#000000^0.1
mix	#FFFFFF^#000000^0.9
mix	#FFFFFF^#000000^0.999999999
mix	#FFFFFF^#000000^0.000000001
mix	#2B2622^#FBF7F0^0
mix	#2B2622^#FBF7F0^1
mix	#2B2622^#FBF7F0^0.5
mix	#2B2622^#FBF7F0^0.28
mix	#2B2622^#FBF7F0^0.0883
mix	#2B2622^#FBF7F0^-0
mix	#2B2622^#FBF7F0^-1
mix	#2B2622^#FBF7F0^2
mix	#2B2622^#FBF7F0^1.5
mix	#2B2622^#FBF7F0^-0.5
mix	#2B2622^#FBF7F0^0.3333333333333333
mix	#2B2622^#FBF7F0^0.1
mix	#2B2622^#FBF7F0^0.9
mix	#2B2622^#FBF7F0^0.999999999
mix	#2B2622^#FBF7F0^0.000000001
mix	#FBF7F0^#2B2622^0
mix	#FBF7F0^#2B2622^1
mix	#FBF7F0^#2B2622^0.5
mix	#FBF7F0^#2B2622^0.28
mix	#FBF7F0^#2B2622^0.0883
mix	#FBF7F0^#2B2622^-0
mix	#FBF7F0^#2B2622^-1
mix	#FBF7F0^#2B2622^2
mix	#FBF7F0^#2B2622^1.5
mix	#FBF7F0^#2B2622^-0.5
mix	#FBF7F0^#2B2622^0.3333333333333333
mix	#FBF7F0^#2B2622^0.1
mix	#FBF7F0^#2B2622^0.9
mix	#FBF7F0^#2B2622^0.999999999
mix	#FBF7F0^#2B2622^0.000000001
mix	#FFFFFF^#FBF7F0^0
mix	#FFFFFF^#FBF7F0^1
mix	#FFFFFF^#FBF7F0^0.5
mix	#FFFFFF^#FBF7F0^0.28
mix	#FFFFFF^#FBF7F0^0.0883
mix	#FFFFFF^#FBF7F0^-0
mix	#FFFFFF^#FBF7F0^-1
mix	#FFFFFF^#FBF7F0^2
mix	#FFFFFF^#FBF7F0^1.5
mix	#FFFFFF^#FBF7F0^-0.5
mix	#FFFFFF^#FBF7F0^0.3333333333333333
mix	#FFFFFF^#FBF7F0^0.1
mix	#FFFFFF^#FBF7F0^0.9
mix	#FFFFFF^#FBF7F0^0.999999999
mix	#FFFFFF^#FBF7F0^0.000000001
mix	#1C1A18^#262320^0
mix	#1C1A18^#262320^1
mix	#1C1A18^#262320^0.5
mix	#1C1A18^#262320^0.28
mix	#1C1A18^#262320^0.0883
mix	#1C1A18^#262320^-0
mix	#1C1A18^#262320^-1
mix	#1C1A18^#262320^2
mix	#1C1A18^#262320^1.5
mix	#1C1A18^#262320^-0.5
mix	#1C1A18^#262320^0.3333333333333333
mix	#1C1A18^#262320^0.1
mix	#1C1A18^#262320^0.9
mix	#1C1A18^#262320^0.999999999
mix	#1C1A18^#262320^0.000000001
mix	#B83A48^#F2B3C4^0
mix	#B83A48^#F2B3C4^1
mix	#B83A48^#F2B3C4^0.5
mix	#B83A48^#F2B3C4^0.28
mix	#B83A48^#F2B3C4^0.0883
mix	#B83A48^#F2B3C4^-0
mix	#B83A48^#F2B3C4^-1
mix	#B83A48^#F2B3C4^2
mix	#B83A48^#F2B3C4^1.5
mix	#B83A48^#F2B3C4^-0.5
mix	#B83A48^#F2B3C4^0.3333333333333333
mix	#B83A48^#F2B3C4^0.1
mix	#B83A48^#F2B3C4^0.9
mix	#B83A48^#F2B3C4^0.999999999
mix	#B83A48^#F2B3C4^0.000000001
mix	#FFF^#000^0
mix	#FFF^#000^1
mix	#FFF^#000^0.5
mix	#FFF^#000^0.28
mix	#FFF^#000^0.0883
mix	#FFF^#000^-0
mix	#FFF^#000^-1
mix	#FFF^#000^2
mix	#FFF^#000^1.5
mix	#FFF^#000^-0.5
mix	#FFF^#000^0.3333333333333333
mix	#FFF^#000^0.1
mix	#FFF^#000^0.9
mix	#FFF^#000^0.999999999
mix	#FFF^#000^0.000000001
mix	nonsense^#FFFFFF^0
mix	nonsense^#FFFFFF^1
mix	nonsense^#FFFFFF^0.5
mix	nonsense^#FFFFFF^0.28
mix	nonsense^#FFFFFF^0.0883
mix	nonsense^#FFFFFF^-0
mix	nonsense^#FFFFFF^-1
mix	nonsense^#FFFFFF^2
mix	nonsense^#FFFFFF^1.5
mix	nonsense^#FFFFFF^-0.5
mix	nonsense^#FFFFFF^0.3333333333333333
mix	nonsense^#FFFFFF^0.1
mix	nonsense^#FFFFFF^0.9
mix	nonsense^#FFFFFF^0.999999999
mix	nonsense^#FFFFFF^0.000000001
mix	#000000^#FFFFFF^0.00196078431372549
mix	#000000^#FFFFFF^0.0058823529411764705
mix	#000000^#FFFFFF^0.00980392156862745
mix	#000000^#FFFFFF^0.013725490196078431
mix	#000000^#FFFFFF^0.01764705882352941
mix	#000000^#FFFFFF^0.021568627450980392
mix	#000000^#FFFFFF^0.025490196078431372
mix	#000000^#FFFFFF^0.029411764705882353
mix	#000000^#FFFFFF^0.03333333333333333
mix	#000000^#FFFFFF^0.03725490196078431
mix	#000000^#FFFFFF^0.041176470588235294
mix	#000000^#FFFFFF^0.045098039215686274
mix	#000000^#FFFFFF^0.049019607843137254
mix	#000000^#FFFFFF^0.052941176470588235
mix	#000000^#FFFFFF^0.056862745098039215
mix	#000000^#FFFFFF^0.060784313725490195
mix	#000000^#FFFFFF^0.06470588235294118
mix	#000000^#FFFFFF^0.06862745098039216
mix	#000000^#FFFFFF^0.07254901960784314
mix	#000000^#FFFFFF^0.07647058823529412
mix	#000000^#FFFFFF^0.0803921568627451
mix	#000000^#FFFFFF^0.08431372549019608
mix	#000000^#FFFFFF^0.08823529411764706
mix	#000000^#FFFFFF^0.09215686274509804
mix	#000000^#FFFFFF^0.09607843137254903
mix	#000000^#FFFFFF^0.1
mix	#000000^#FFFFFF^0.10392156862745099
mix	#000000^#FFFFFF^0.10784313725490197
mix	#000000^#FFFFFF^0.11176470588235295
mix	#000000^#FFFFFF^0.11568627450980393
mix	#FFFFFF^#000000^0.00196078431372549
mix	#FFFFFF^#000000^0.0058823529411764705
mix	#FFFFFF^#000000^0.00980392156862745
mix	#FFFFFF^#000000^0.013725490196078431
mix	#FFFFFF^#000000^0.01764705882352941
mix	#FFFFFF^#000000^0.021568627450980392
mix	#FFFFFF^#000000^0.025490196078431372
mix	#FFFFFF^#000000^0.029411764705882353
mix	#FFFFFF^#000000^0.03333333333333333
mix	#FFFFFF^#000000^0.03725490196078431
mix	#FFFFFF^#000000^0.041176470588235294
mix	#FFFFFF^#000000^0.045098039215686274
mix	#FFFFFF^#000000^0.049019607843137254
mix	#FFFFFF^#000000^0.052941176470588235
mix	#FFFFFF^#000000^0.056862745098039215
mix	#FFFFFF^#000000^0.060784313725490195
mix	#FFFFFF^#000000^0.06470588235294118
mix	#FFFFFF^#000000^0.06862745098039216
mix	#FFFFFF^#000000^0.07254901960784314
mix	#FFFFFF^#000000^0.07647058823529412
mix	#FFFFFF^#000000^0.0803921568627451
mix	#FFFFFF^#000000^0.08431372549019608
mix	#FFFFFF^#000000^0.08823529411764706
mix	#FFFFFF^#000000^0.09215686274509804
mix	#FFFFFF^#000000^0.09607843137254903
mix	#FFFFFF^#000000^0.1
mix	#FFFFFF^#000000^0.10392156862745099
mix	#FFFFFF^#000000^0.10784313725490197
mix	#FFFFFF^#000000^0.11176470588235295
mix	#FFFFFF^#000000^0.11568627450980393
pull	#000000^#FBF7F0
pull	#000000^#FCF5F3
pull	#000000^#171310
pull	#000000^#262320
pull	#1C1A18^#FBF7F0
pull	#1C1A18^#FCF5F3
pull	#1C1A18^#171310
pull	#1C1A18^#262320
pull	#262320^#FBF7F0
pull	#262320^#FCF5F3
pull	#262320^#171310
pull	#262320^#262320
pull	#2B2622^#FBF7F0
pull	#2B2622^#FCF5F3
pull	#2B2622^#171310
pull	#2B2622^#262320
pull	#3670A0^#FBF7F0
pull	#3670A0^#FCF5F3
pull	#3670A0^#171310
pull	#3670A0^#262320
pull	#3A3531^#FBF7F0
pull	#3A3531^#FCF5F3
pull	#3A3531^#171310
pull	#3A3531^#262320
pull	#3E6B3E^#FBF7F0
pull	#3E6B3E^#FCF5F3
pull	#3E6B3E^#171310
pull	#3E6B3E^#262320
pull	#4A90B8^#FBF7F0
pull	#4A90B8^#FCF5F3
pull	#4A90B8^#171310
pull	#4A90B8^#262320
pull	#4E7A68^#FBF7F0
pull	#4E7A68^#FCF5F3
pull	#4E7A68^#171310
pull	#4E7A68^#262320
pull	#5C7C6F^#FBF7F0
pull	#5C7C6F^#FCF5F3
pull	#5C7C6F^#171310
pull	#5C7C6F^#262320
pull	#5C8A5C^#FBF7F0
pull	#5C8A5C^#FCF5F3
pull	#5C8A5C^#171310
pull	#5C8A5C^#262320
pull	#6B4632^#FBF7F0
pull	#6B4632^#FCF5F3
pull	#6B4632^#171310
pull	#6B4632^#262320
pull	#6FA88F^#FBF7F0
pull	#6FA88F^#FCF5F3
pull	#6FA88F^#171310
pull	#6FA88F^#262320
pull	#7C9C8F^#FBF7F0
pull	#7C9C8F^#FCF5F3
pull	#7C9C8F^#171310
pull	#7C9C8F^#262320
pull	#8A8178^#FBF7F0
pull	#8A8178^#FCF5F3
pull	#8A8178^#171310
pull	#8A8178^#262320
pull	#8DC0E0^#FBF7F0
pull	#8DC0E0^#FCF5F3
pull	#8DC0E0^#171310
pull	#8DC0E0^#262320
pull	#94C494^#FBF7F0
pull	#94C494^#FCF5F3
pull	#94C494^#171310
pull	#94C494^#262320
pull	#9A9186^#FBF7F0
pull	#9A9186^#FCF5F3
pull	#9A9186^#171310
pull	#9A9186^#262320
pull	#A8C2B8^#FBF7F0
pull	#A8C2B8^#FCF5F3
pull	#A8C2B8^#171310
pull	#A8C2B8^#262320
pull	#B83A48^#FBF7F0
pull	#B83A48^#FCF5F3
pull	#B83A48^#171310
pull	#B83A48^#262320
pull	#B85E2A^#FBF7F0
pull	#B85E2A^#FCF5F3
pull	#B85E2A^#171310
pull	#B85E2A^#262320
pull	#BC8A26^#FBF7F0
pull	#BC8A26^#FCF5F3
pull	#BC8A26^#171310
pull	#BC8A26^#262320
pull	#C76482^#FBF7F0
pull	#C76482^#FCF5F3
pull	#C76482^#171310
pull	#C76482^#262320
pull	#D0DEE8^#FBF7F0
pull	#D0DEE8^#FCF5F3
pull	#D0DEE8^#171310
pull	#D0DEE8^#262320
pull	#D5DFD4^#FBF7F0
pull	#D5DFD4^#FCF5F3
pull	#D5DFD4^#171310
pull	#D5DFD4^#262320
pull	#D94E5C^#FBF7F0
pull	#D94E5C^#FCF5F3
pull	#D94E5C^#171310
pull	#D94E5C^#262320
pull	#D97840^#FBF7F0
pull	#D97840^#FCF5F3
pull	#D97840^#171310
pull	#D97840^#262320
pull	#DCE6DA^#FBF7F0
pull	#DCE6DA^#FCF5F3
pull	#DCE6DA^#171310
pull	#DCE6DA^#262320
pull	#E0A93C^#FBF7F0
pull	#E0A93C^#FCF5F3
pull	#E0A93C^#171310
pull	#E0A93C^#262320
pull	#E4EEF6^#FBF7F0
pull	#E4EEF6^#FCF5F3
pull	#E4EEF6^#171310
pull	#E4EEF6^#262320
pull	#E6EDE5^#FBF7F0
pull	#E6EDE5^#FCF5F3
pull	#E6EDE5^#171310
pull	#E6EDE5^#262320
pull	#E8869B^#FBF7F0
pull	#E8869B^#FCF5F3
pull	#E8869B^#171310
pull	#E8869B^#262320
pull	#E8A838^#FBF7F0
pull	#E8A838^#FCF5F3
pull	#E8A838^#171310
pull	#E8A838^#262320
pull	#E8AB80^#FBF7F0
pull	#E8AB80^#FCF5F3
pull	#E8AB80^#171310
pull	#E8AB80^#262320
pull	#EADFCF^#FBF7F0
pull	#EADFCF^#FCF5F3
pull	#EADFCF^#171310
pull	#EADFCF^#262320
pull	#EC9AA2^#FBF7F0
pull	#EC9AA2^#FCF5F3
pull	#EC9AA2^#171310
pull	#EC9AA2^#262320
pull	#ECF1EA^#FBF7F0
pull	#ECF1EA^#FCF5F3
pull	#ECF1EA^#171310
pull	#ECF1EA^#262320
pull	#EDE2C6^#FBF7F0
pull	#EDE2C6^#FCF5F3
pull	#EDE2C6^#171310
pull	#EDE2C6^#262320
pull	#EEDDD0^#FBF7F0
pull	#EEDDD0^#FCF5F3
pull	#EEDDD0^#171310
pull	#EEDDD0^#262320
pull	#F0CE84^#FBF7F0
pull	#F0CE84^#FCF5F3
pull	#F0CE84^#171310
pull	#F0CE84^#262320
pull	#F0DCDA^#FBF7F0
pull	#F0DCDA^#FCF5F3
pull	#F0DCDA^#171310
pull	#F0DCDA^#262320
pull	#F0EAE2^#FBF7F0
pull	#F0EAE2^#FCF5F3
pull	#F0EAE2^#171310
pull	#F0EAE2^#262320
pull	#F2B3C4^#FBF7F0
pull	#F2B3C4^#FCF5F3
pull	#F2B3C4^#171310
pull	#F2B3C4^#262320
pull	#F2F7FB^#FBF7F0
pull	#F2F7FB^#FCF5F3
pull	#F2F7FB^#171310
pull	#F2F7FB^#262320
pull	#F3F7F2^#FBF7F0
pull	#F3F7F2^#FCF5F3
pull	#F3F7F2^#171310
pull	#F3F7F2^#262320
pull	#F6EBE0^#FBF7F0
pull	#F6EBE0^#FCF5F3
pull	#F6EBE0^#171310
pull	#F6EBE0^#262320
pull	#F6EEE2^#FBF7F0
pull	#F6EEE2^#FCF5F3
pull	#F6EEE2^#171310
pull	#F6EEE2^#262320
pull	#F6F9F5^#FBF7F0
pull	#F6F9F5^#FCF5F3
pull	#F6F9F5^#171310
pull	#F6F9F5^#262320
pull	#F7EFDA^#FBF7F0
pull	#F7EFDA^#FCF5F3
pull	#F7EFDA^#171310
pull	#F7EFDA^#262320
pull	#F8EBE8^#FBF7F0
pull	#F8EBE8^#FCF5F3
pull	#F8EBE8^#171310
pull	#F8EBE8^#262320
pull	#FBF5EF^#FBF7F0
pull	#FBF5EF^#FCF5F3
pull	#FBF5EF^#171310
pull	#FBF5EF^#262320
pull	#FBF7F0^#FBF7F0
pull	#FBF7F0^#FCF5F3
pull	#FBF7F0^#171310
pull	#FBF7F0^#262320
pull	#FCF5F3^#FBF7F0
pull	#FCF5F3^#FCF5F3
pull	#FCF5F3^#171310
pull	#FCF5F3^#262320
pull	#FCF8ED^#FBF7F0
pull	#FCF8ED^#FCF5F3
pull	#FCF8ED^#171310
pull	#FCF8ED^#262320
pull	#FFFFFF^#FBF7F0
pull	#FFFFFF^#FCF5F3
pull	#FFFFFF^#171310
pull	#FFFFFF^#262320
pull	#FFF^#FBF7F0
pull	#000^#FBF7F0
pull	#F0A^#FBF7F0
pull	#abc^#FBF7F0
pull	#ABC^#FBF7F0
pull	FFFFFF^#FBF7F0
pull	fff^#FBF7F0
pull	#FFFFFFAA^#FBF7F0
pull	#2B262280^#FBF7F0
pull	#ffffff^#FBF7F0
pull	#FfFfFf^#FBF7F0
pull	^#FBF7F0
pull	#^#FBF7F0
pull	##FFFFFF^#FBF7F0
pull	nonsense^#FBF7F0
pull	#GGGGGG^#FBF7F0
pull	#12^#FBF7F0
pull	#1234567^#FBF7F0
pull	rgb(1,2,3)^#FBF7F0
pull	#FFFFFFFFFF^#FBF7F0
pull	#FFzzzz^#FBF7F0
pull	#12qq^#FBF7F0
pull	#zz^#FBF7F0
pull	#FF#FFF^#FBF7F0
pull	#F#F^#FBF7F0
pull	###FFF^#FBF7F0
pull	FF#FFF^#FBF7F0
pull	  #FFFFFF^#FBF7F0
pull		#FFF^#FBF7F0
pull	#-FFFFF^#FBF7F0
pull	#+FFFFF^#FBF7F0
pull	#0xFFFF^#FBF7F0
pull	#0XFFFF^#FBF7F0
pull	# FFFFF^#FBF7F0
pull	#FFFFF ^#FBF7F0
pull	#FF FF^#FBF7F0
pull	#FFFFFF#^#FBF7F0
pull	#-1^#FBF7F0
pull	#1e5^#FBF7F0
pull	##000000^#FBF7F0
pull	##FFF^#FBF7F0
pull	##abc^#FBF7F0
pull	###^#FBF7F0
pull	#a#b#c^#FBF7F0
pull	##FF0000^#FBF7F0
pull	##00FF00^#FBF7F0
pull	##0000FF^#FBF7F0
pull	#F#FFFFF^#FBF7F0
pull	##2B2622^#FBF7F0
pull	##FBF7F0^#FBF7F0
pull	####FFFFFF^#FBF7F0
pull	##^#FBF7F0
wash	0^#FFFFFF^#FBF7F0^chrome^^^
wash	0^#FFFFFF^#FBF7F0^chrome^#FBF7F0^^
wash	0^#FFFFFF^#FBF7F0^chrome^#2B2622^^
wash	0^#FFFFFF^#FBF7F0^chrome^#B83A48^^
wash	0^#FFFFFF^#FBF7F0^chrome^#FFFFFF^^
wash	0^#FFFFFF^#FBF7F0^chrome^nonsense^^
wash	0^#FFFFFF^#FBF7F0^chrome^^^
wash	0^#FFFFFF^#FBF7F0^chrome^^0^
wash	0^#FFFFFF^#FBF7F0^chrome^^1^
wash	0^#FFFFFF^#FBF7F0^chrome^^0.54^
wash	0^#FFFFFF^#FBF7F0^chrome^^0.91^
wash	0^#FFFFFF^#FBF7F0^chrome^^0.8650000000000001^
wash	0^#FFFFFF^#FBF7F0^chrome^^0.5^
wash	0^#FFFFFF^#FBF7F0^chrome^^0.005^
wash	0^#FFFFFF^#FBF7F0^chrome^^0.30000000000000004^
wash	0^#FFFFFF^#FBF7F0^chrome^^0.0000001^
wash	0^#FFFFFF^#FBF7F0^chrome^^0.00000001^
wash	0^#FFFFFF^#FBF7F0^chrome^^0.000000123^
wash	0^#FFFFFF^#FBF7F0^chrome^^0.0000009^
wash	0^#FFFFFF^#FBF7F0^chrome^^0.000001^
wash	0^#FFFFFF^#FBF7F0^chrome^^0.00001^
wash	0^#FFFFFF^#FBF7F0^chrome^^1e-7^
wash	0^#FFFFFF^#FBF7F0^chrome^^5e-8^
wash	0^#FFFFFF^#FBF7F0^chrome^^1e-10^
wash	0^#FFFFFF^#FBF7F0^chrome^^0.0000000000001^
wash	0^#FFFFFF^#FBF7F0^chrome^^^
wash	0^#FFFFFF^#FBF7F0^chrome^^^#FFFFFF
wash	0^#FFFFFF^#FBF7F0^chrome^^^#2B2622
wash	0^#FFFFFF^#FBF7F0^chrome^^^#262320
wash	0^#FFFFFF^#FBF7F0^chrome^^0.91^
wash	0^#FFFFFF^#FBF7F0^chrome^#FBF7F0^0.91^
wash	0^#FFFFFF^#FBF7F0^chrome^#2B2622^0.91^
wash	0^#FFFFFF^#FBF7F0^chrome^#B83A48^0.91^
wash	0^#FFFFFF^#FBF7F0^chrome^#FFFFFF^0.91^
wash	0^#FFFFFF^#FBF7F0^chrome^nonsense^0.91^
wash	0^#FFFFFF^#FBF7F0^chrome^^0.91^#FFFFFF
wash	0^#FFFFFF^#FBF7F0^chrome^#FBF7F0^0.91^#FFFFFF
wash	0^#FFFFFF^#FBF7F0^chrome^#2B2622^0.91^#FFFFFF
wash	0^#FFFFFF^#FBF7F0^chrome^#B83A48^0.91^#FFFFFF
wash	0^#FFFFFF^#FBF7F0^chrome^#FFFFFF^0.91^#FFFFFF
wash	0^#FFFFFF^#FBF7F0^chrome^nonsense^0.91^#FFFFFF
wash	0^#FFFFFF^#FBF7F0^chrome^^0.91^#2B2622
wash	0^#FFFFFF^#FBF7F0^chrome^#FBF7F0^0.91^#2B2622
wash	0^#FFFFFF^#FBF7F0^chrome^#2B2622^0.91^#2B2622
wash	0^#FFFFFF^#FBF7F0^chrome^#B83A48^0.91^#2B2622
wash	0^#FFFFFF^#FBF7F0^chrome^#FFFFFF^0.91^#2B2622
wash	0^#FFFFFF^#FBF7F0^chrome^nonsense^0.91^#2B2622
wash	0^#FFFFFF^#FBF7F0^chrome^^0.91^#262320
wash	0^#FFFFFF^#FBF7F0^chrome^#FBF7F0^0.91^#262320
wash	0^#FFFFFF^#FBF7F0^chrome^#2B2622^0.91^#262320
wash	0^#FFFFFF^#FBF7F0^chrome^#B83A48^0.91^#262320
wash	0^#FFFFFF^#FBF7F0^chrome^#FFFFFF^0.91^#262320
wash	0^#FFFFFF^#FBF7F0^chrome^nonsense^0.91^#262320
wash	0^#FFFFFF^#FBF7F0^sheet^^^
wash	0^#FFFFFF^#FBF7F0^sheet^#FBF7F0^^
wash	0^#FFFFFF^#FBF7F0^sheet^#2B2622^^
wash	0^#FFFFFF^#FBF7F0^sheet^#B83A48^^
wash	0^#FFFFFF^#FBF7F0^sheet^#FFFFFF^^
wash	0^#FFFFFF^#FBF7F0^sheet^nonsense^^
wash	0^#FFFFFF^#FBF7F0^sheet^^^
wash	0^#FFFFFF^#FBF7F0^sheet^^0^
wash	0^#FFFFFF^#FBF7F0^sheet^^1^
wash	0^#FFFFFF^#FBF7F0^sheet^^0.54^
wash	0^#FFFFFF^#FBF7F0^sheet^^0.91^
wash	0^#FFFFFF^#FBF7F0^sheet^^0.8650000000000001^
wash	0^#FFFFFF^#FBF7F0^sheet^^0.5^
wash	0^#FFFFFF^#FBF7F0^sheet^^0.005^
wash	0^#FFFFFF^#FBF7F0^sheet^^0.30000000000000004^
wash	0^#FFFFFF^#FBF7F0^sheet^^0.0000001^
wash	0^#FFFFFF^#FBF7F0^sheet^^0.00000001^
wash	0^#FFFFFF^#FBF7F0^sheet^^0.000000123^
wash	0^#FFFFFF^#FBF7F0^sheet^^0.0000009^
wash	0^#FFFFFF^#FBF7F0^sheet^^0.000001^
wash	0^#FFFFFF^#FBF7F0^sheet^^0.00001^
wash	0^#FFFFFF^#FBF7F0^sheet^^1e-7^
wash	0^#FFFFFF^#FBF7F0^sheet^^5e-8^
wash	0^#FFFFFF^#FBF7F0^sheet^^1e-10^
wash	0^#FFFFFF^#FBF7F0^sheet^^0.0000000000001^
wash	0^#FFFFFF^#FBF7F0^sheet^^^
wash	0^#FFFFFF^#FBF7F0^sheet^^^#FFFFFF
wash	0^#FFFFFF^#FBF7F0^sheet^^^#2B2622
wash	0^#FFFFFF^#FBF7F0^sheet^^^#262320
wash	0^#FFFFFF^#FBF7F0^sheet^^0.91^
wash	0^#FFFFFF^#FBF7F0^sheet^#FBF7F0^0.91^
wash	0^#FFFFFF^#FBF7F0^sheet^#2B2622^0.91^
wash	0^#FFFFFF^#FBF7F0^sheet^#B83A48^0.91^
wash	0^#FFFFFF^#FBF7F0^sheet^#FFFFFF^0.91^
wash	0^#FFFFFF^#FBF7F0^sheet^nonsense^0.91^
wash	0^#FFFFFF^#FBF7F0^sheet^^0.91^#FFFFFF
wash	0^#FFFFFF^#FBF7F0^sheet^#FBF7F0^0.91^#FFFFFF
wash	0^#FFFFFF^#FBF7F0^sheet^#2B2622^0.91^#FFFFFF
wash	0^#FFFFFF^#FBF7F0^sheet^#B83A48^0.91^#FFFFFF
wash	0^#FFFFFF^#FBF7F0^sheet^#FFFFFF^0.91^#FFFFFF
wash	0^#FFFFFF^#FBF7F0^sheet^nonsense^0.91^#FFFFFF
wash	0^#FFFFFF^#FBF7F0^sheet^^0.91^#2B2622
wash	0^#FFFFFF^#FBF7F0^sheet^#FBF7F0^0.91^#2B2622
wash	0^#FFFFFF^#FBF7F0^sheet^#2B2622^0.91^#2B2622
wash	0^#FFFFFF^#FBF7F0^sheet^#B83A48^0.91^#2B2622
wash	0^#FFFFFF^#FBF7F0^sheet^#FFFFFF^0.91^#2B2622
wash	0^#FFFFFF^#FBF7F0^sheet^nonsense^0.91^#2B2622
wash	0^#FFFFFF^#FBF7F0^sheet^^0.91^#262320
wash	0^#FFFFFF^#FBF7F0^sheet^#FBF7F0^0.91^#262320
wash	0^#FFFFFF^#FBF7F0^sheet^#2B2622^0.91^#262320
wash	0^#FFFFFF^#FBF7F0^sheet^#B83A48^0.91^#262320
wash	0^#FFFFFF^#FBF7F0^sheet^#FFFFFF^0.91^#262320
wash	0^#FFFFFF^#FBF7F0^sheet^nonsense^0.91^#262320
wash	0^#FFFFFF^#FBF7F0^card^^^
wash	0^#FFFFFF^#FBF7F0^card^#FBF7F0^^
wash	0^#FFFFFF^#FBF7F0^card^#2B2622^^
wash	0^#FFFFFF^#FBF7F0^card^#B83A48^^
wash	0^#FFFFFF^#FBF7F0^card^#FFFFFF^^
wash	0^#FFFFFF^#FBF7F0^card^nonsense^^
wash	0^#FFFFFF^#FBF7F0^card^^^
wash	0^#FFFFFF^#FBF7F0^card^^0^
wash	0^#FFFFFF^#FBF7F0^card^^1^
wash	0^#FFFFFF^#FBF7F0^card^^0.54^
wash	0^#FFFFFF^#FBF7F0^card^^0.91^
wash	0^#FFFFFF^#FBF7F0^card^^0.8650000000000001^
wash	0^#FFFFFF^#FBF7F0^card^^0.5^
wash	0^#FFFFFF^#FBF7F0^card^^0.005^
wash	0^#FFFFFF^#FBF7F0^card^^0.30000000000000004^
wash	0^#FFFFFF^#FBF7F0^card^^0.0000001^
wash	0^#FFFFFF^#FBF7F0^card^^0.00000001^
wash	0^#FFFFFF^#FBF7F0^card^^0.000000123^
wash	0^#FFFFFF^#FBF7F0^card^^0.0000009^
wash	0^#FFFFFF^#FBF7F0^card^^0.000001^
wash	0^#FFFFFF^#FBF7F0^card^^0.00001^
wash	0^#FFFFFF^#FBF7F0^card^^1e-7^
wash	0^#FFFFFF^#FBF7F0^card^^5e-8^
wash	0^#FFFFFF^#FBF7F0^card^^1e-10^
wash	0^#FFFFFF^#FBF7F0^card^^0.0000000000001^
wash	0^#FFFFFF^#FBF7F0^card^^^
wash	0^#FFFFFF^#FBF7F0^card^^^#FFFFFF
wash	0^#FFFFFF^#FBF7F0^card^^^#2B2622
wash	0^#FFFFFF^#FBF7F0^card^^^#262320
wash	0^#FFFFFF^#FBF7F0^card^^0.91^
wash	0^#FFFFFF^#FBF7F0^card^#FBF7F0^0.91^
wash	0^#FFFFFF^#FBF7F0^card^#2B2622^0.91^
wash	0^#FFFFFF^#FBF7F0^card^#B83A48^0.91^
wash	0^#FFFFFF^#FBF7F0^card^#FFFFFF^0.91^
wash	0^#FFFFFF^#FBF7F0^card^nonsense^0.91^
wash	0^#FFFFFF^#FBF7F0^card^^0.91^#FFFFFF
wash	0^#FFFFFF^#FBF7F0^card^#FBF7F0^0.91^#FFFFFF
wash	0^#FFFFFF^#FBF7F0^card^#2B2622^0.91^#FFFFFF
wash	0^#FFFFFF^#FBF7F0^card^#B83A48^0.91^#FFFFFF
wash	0^#FFFFFF^#FBF7F0^card^#FFFFFF^0.91^#FFFFFF
wash	0^#FFFFFF^#FBF7F0^card^nonsense^0.91^#FFFFFF
wash	0^#FFFFFF^#FBF7F0^card^^0.91^#2B2622
wash	0^#FFFFFF^#FBF7F0^card^#FBF7F0^0.91^#2B2622
wash	0^#FFFFFF^#FBF7F0^card^#2B2622^0.91^#2B2622
wash	0^#FFFFFF^#FBF7F0^card^#B83A48^0.91^#2B2622
wash	0^#FFFFFF^#FBF7F0^card^#FFFFFF^0.91^#2B2622
wash	0^#FFFFFF^#FBF7F0^card^nonsense^0.91^#2B2622
wash	0^#FFFFFF^#FBF7F0^card^^0.91^#262320
wash	0^#FFFFFF^#FBF7F0^card^#FBF7F0^0.91^#262320
wash	0^#FFFFFF^#FBF7F0^card^#2B2622^0.91^#262320
wash	0^#FFFFFF^#FBF7F0^card^#B83A48^0.91^#262320
wash	0^#FFFFFF^#FBF7F0^card^#FFFFFF^0.91^#262320
wash	0^#FFFFFF^#FBF7F0^card^nonsense^0.91^#262320
wash	0^#FFFFFF^#FCF5F3^chrome^^^
wash	0^#FFFFFF^#FCF5F3^chrome^#FBF7F0^^
wash	0^#FFFFFF^#FCF5F3^chrome^#2B2622^^
wash	0^#FFFFFF^#FCF5F3^chrome^#B83A48^^
wash	0^#FFFFFF^#FCF5F3^chrome^#FFFFFF^^
wash	0^#FFFFFF^#FCF5F3^chrome^nonsense^^
wash	0^#FFFFFF^#FCF5F3^chrome^^^
wash	0^#FFFFFF^#FCF5F3^chrome^^0^
wash	0^#FFFFFF^#FCF5F3^chrome^^1^
wash	0^#FFFFFF^#FCF5F3^chrome^^0.54^
wash	0^#FFFFFF^#FCF5F3^chrome^^0.91^
wash	0^#FFFFFF^#FCF5F3^chrome^^0.8650000000000001^
wash	0^#FFFFFF^#FCF5F3^chrome^^0.5^
wash	0^#FFFFFF^#FCF5F3^chrome^^0.005^
wash	0^#FFFFFF^#FCF5F3^chrome^^0.30000000000000004^
wash	0^#FFFFFF^#FCF5F3^chrome^^0.0000001^
wash	0^#FFFFFF^#FCF5F3^chrome^^0.00000001^
wash	0^#FFFFFF^#FCF5F3^chrome^^0.000000123^
wash	0^#FFFFFF^#FCF5F3^chrome^^0.0000009^
wash	0^#FFFFFF^#FCF5F3^chrome^^0.000001^
wash	0^#FFFFFF^#FCF5F3^chrome^^0.00001^
wash	0^#FFFFFF^#FCF5F3^chrome^^1e-7^
wash	0^#FFFFFF^#FCF5F3^chrome^^5e-8^
wash	0^#FFFFFF^#FCF5F3^chrome^^1e-10^
wash	0^#FFFFFF^#FCF5F3^chrome^^0.0000000000001^
wash	0^#FFFFFF^#FCF5F3^chrome^^^
wash	0^#FFFFFF^#FCF5F3^chrome^^^#FFFFFF
wash	0^#FFFFFF^#FCF5F3^chrome^^^#2B2622
wash	0^#FFFFFF^#FCF5F3^chrome^^^#262320
wash	0^#FFFFFF^#FCF5F3^chrome^^0.91^
wash	0^#FFFFFF^#FCF5F3^chrome^#FBF7F0^0.91^
wash	0^#FFFFFF^#FCF5F3^chrome^#2B2622^0.91^
wash	0^#FFFFFF^#FCF5F3^chrome^#B83A48^0.91^
wash	0^#FFFFFF^#FCF5F3^chrome^#FFFFFF^0.91^
wash	0^#FFFFFF^#FCF5F3^chrome^nonsense^0.91^
wash	0^#FFFFFF^#FCF5F3^chrome^^0.91^#FFFFFF
wash	0^#FFFFFF^#FCF5F3^chrome^#FBF7F0^0.91^#FFFFFF
wash	0^#FFFFFF^#FCF5F3^chrome^#2B2622^0.91^#FFFFFF
wash	0^#FFFFFF^#FCF5F3^chrome^#B83A48^0.91^#FFFFFF
wash	0^#FFFFFF^#FCF5F3^chrome^#FFFFFF^0.91^#FFFFFF
wash	0^#FFFFFF^#FCF5F3^chrome^nonsense^0.91^#FFFFFF
wash	0^#FFFFFF^#FCF5F3^chrome^^0.91^#2B2622
wash	0^#FFFFFF^#FCF5F3^chrome^#FBF7F0^0.91^#2B2622
wash	0^#FFFFFF^#FCF5F3^chrome^#2B2622^0.91^#2B2622
wash	0^#FFFFFF^#FCF5F3^chrome^#B83A48^0.91^#2B2622
wash	0^#FFFFFF^#FCF5F3^chrome^#FFFFFF^0.91^#2B2622
wash	0^#FFFFFF^#FCF5F3^chrome^nonsense^0.91^#2B2622
wash	0^#FFFFFF^#FCF5F3^chrome^^0.91^#262320
wash	0^#FFFFFF^#FCF5F3^chrome^#FBF7F0^0.91^#262320
wash	0^#FFFFFF^#FCF5F3^chrome^#2B2622^0.91^#262320
wash	0^#FFFFFF^#FCF5F3^chrome^#B83A48^0.91^#262320
wash	0^#FFFFFF^#FCF5F3^chrome^#FFFFFF^0.91^#262320
wash	0^#FFFFFF^#FCF5F3^chrome^nonsense^0.91^#262320
wash	0^#FFFFFF^#FCF5F3^sheet^^^
wash	0^#FFFFFF^#FCF5F3^sheet^#FBF7F0^^
wash	0^#FFFFFF^#FCF5F3^sheet^#2B2622^^
wash	0^#FFFFFF^#FCF5F3^sheet^#B83A48^^
wash	0^#FFFFFF^#FCF5F3^sheet^#FFFFFF^^
wash	0^#FFFFFF^#FCF5F3^sheet^nonsense^^
wash	0^#FFFFFF^#FCF5F3^sheet^^^
wash	0^#FFFFFF^#FCF5F3^sheet^^0^
wash	0^#FFFFFF^#FCF5F3^sheet^^1^
wash	0^#FFFFFF^#FCF5F3^sheet^^0.54^
wash	0^#FFFFFF^#FCF5F3^sheet^^0.91^
wash	0^#FFFFFF^#FCF5F3^sheet^^0.8650000000000001^
wash	0^#FFFFFF^#FCF5F3^sheet^^0.5^
wash	0^#FFFFFF^#FCF5F3^sheet^^0.005^
wash	0^#FFFFFF^#FCF5F3^sheet^^0.30000000000000004^
wash	0^#FFFFFF^#FCF5F3^sheet^^0.0000001^
wash	0^#FFFFFF^#FCF5F3^sheet^^0.00000001^
wash	0^#FFFFFF^#FCF5F3^sheet^^0.000000123^
wash	0^#FFFFFF^#FCF5F3^sheet^^0.0000009^
wash	0^#FFFFFF^#FCF5F3^sheet^^0.000001^
wash	0^#FFFFFF^#FCF5F3^sheet^^0.00001^
wash	0^#FFFFFF^#FCF5F3^sheet^^1e-7^
wash	0^#FFFFFF^#FCF5F3^sheet^^5e-8^
wash	0^#FFFFFF^#FCF5F3^sheet^^1e-10^
wash	0^#FFFFFF^#FCF5F3^sheet^^0.0000000000001^
wash	0^#FFFFFF^#FCF5F3^sheet^^^
wash	0^#FFFFFF^#FCF5F3^sheet^^^#FFFFFF
wash	0^#FFFFFF^#FCF5F3^sheet^^^#2B2622
wash	0^#FFFFFF^#FCF5F3^sheet^^^#262320
wash	0^#FFFFFF^#FCF5F3^sheet^^0.91^
wash	0^#FFFFFF^#FCF5F3^sheet^#FBF7F0^0.91^
wash	0^#FFFFFF^#FCF5F3^sheet^#2B2622^0.91^
wash	0^#FFFFFF^#FCF5F3^sheet^#B83A48^0.91^
wash	0^#FFFFFF^#FCF5F3^sheet^#FFFFFF^0.91^
wash	0^#FFFFFF^#FCF5F3^sheet^nonsense^0.91^
wash	0^#FFFFFF^#FCF5F3^sheet^^0.91^#FFFFFF
wash	0^#FFFFFF^#FCF5F3^sheet^#FBF7F0^0.91^#FFFFFF
wash	0^#FFFFFF^#FCF5F3^sheet^#2B2622^0.91^#FFFFFF
wash	0^#FFFFFF^#FCF5F3^sheet^#B83A48^0.91^#FFFFFF
wash	0^#FFFFFF^#FCF5F3^sheet^#FFFFFF^0.91^#FFFFFF
wash	0^#FFFFFF^#FCF5F3^sheet^nonsense^0.91^#FFFFFF
wash	0^#FFFFFF^#FCF5F3^sheet^^0.91^#2B2622
wash	0^#FFFFFF^#FCF5F3^sheet^#FBF7F0^0.91^#2B2622
wash	0^#FFFFFF^#FCF5F3^sheet^#2B2622^0.91^#2B2622
wash	0^#FFFFFF^#FCF5F3^sheet^#B83A48^0.91^#2B2622
wash	0^#FFFFFF^#FCF5F3^sheet^#FFFFFF^0.91^#2B2622
wash	0^#FFFFFF^#FCF5F3^sheet^nonsense^0.91^#2B2622
wash	0^#FFFFFF^#FCF5F3^sheet^^0.91^#262320
wash	0^#FFFFFF^#FCF5F3^sheet^#FBF7F0^0.91^#262320
wash	0^#FFFFFF^#FCF5F3^sheet^#2B2622^0.91^#262320
wash	0^#FFFFFF^#FCF5F3^sheet^#B83A48^0.91^#262320
wash	0^#FFFFFF^#FCF5F3^sheet^#FFFFFF^0.91^#262320
wash	0^#FFFFFF^#FCF5F3^sheet^nonsense^0.91^#262320
wash	0^#FFFFFF^#FCF5F3^card^^^
wash	0^#FFFFFF^#FCF5F3^card^#FBF7F0^^
wash	0^#FFFFFF^#FCF5F3^card^#2B2622^^
wash	0^#FFFFFF^#FCF5F3^card^#B83A48^^
wash	0^#FFFFFF^#FCF5F3^card^#FFFFFF^^
wash	0^#FFFFFF^#FCF5F3^card^nonsense^^
wash	0^#FFFFFF^#FCF5F3^card^^^
wash	0^#FFFFFF^#FCF5F3^card^^0^
wash	0^#FFFFFF^#FCF5F3^card^^1^
wash	0^#FFFFFF^#FCF5F3^card^^0.54^
wash	0^#FFFFFF^#FCF5F3^card^^0.91^
wash	0^#FFFFFF^#FCF5F3^card^^0.8650000000000001^
wash	0^#FFFFFF^#FCF5F3^card^^0.5^
wash	0^#FFFFFF^#FCF5F3^card^^0.005^
wash	0^#FFFFFF^#FCF5F3^card^^0.30000000000000004^
wash	0^#FFFFFF^#FCF5F3^card^^0.0000001^
wash	0^#FFFFFF^#FCF5F3^card^^0.00000001^
wash	0^#FFFFFF^#FCF5F3^card^^0.000000123^
wash	0^#FFFFFF^#FCF5F3^card^^0.0000009^
wash	0^#FFFFFF^#FCF5F3^card^^0.000001^
wash	0^#FFFFFF^#FCF5F3^card^^0.00001^
wash	0^#FFFFFF^#FCF5F3^card^^1e-7^
wash	0^#FFFFFF^#FCF5F3^card^^5e-8^
wash	0^#FFFFFF^#FCF5F3^card^^1e-10^
wash	0^#FFFFFF^#FCF5F3^card^^0.0000000000001^
wash	0^#FFFFFF^#FCF5F3^card^^^
wash	0^#FFFFFF^#FCF5F3^card^^^#FFFFFF
wash	0^#FFFFFF^#FCF5F3^card^^^#2B2622
wash	0^#FFFFFF^#FCF5F3^card^^^#262320
wash	0^#FFFFFF^#FCF5F3^card^^0.91^
wash	0^#FFFFFF^#FCF5F3^card^#FBF7F0^0.91^
wash	0^#FFFFFF^#FCF5F3^card^#2B2622^0.91^
wash	0^#FFFFFF^#FCF5F3^card^#B83A48^0.91^
wash	0^#FFFFFF^#FCF5F3^card^#FFFFFF^0.91^
wash	0^#FFFFFF^#FCF5F3^card^nonsense^0.91^
wash	0^#FFFFFF^#FCF5F3^card^^0.91^#FFFFFF
wash	0^#FFFFFF^#FCF5F3^card^#FBF7F0^0.91^#FFFFFF
wash	0^#FFFFFF^#FCF5F3^card^#2B2622^0.91^#FFFFFF
wash	0^#FFFFFF^#FCF5F3^card^#B83A48^0.91^#FFFFFF
wash	0^#FFFFFF^#FCF5F3^card^#FFFFFF^0.91^#FFFFFF
wash	0^#FFFFFF^#FCF5F3^card^nonsense^0.91^#FFFFFF
wash	0^#FFFFFF^#FCF5F3^card^^0.91^#2B2622
wash	0^#FFFFFF^#FCF5F3^card^#FBF7F0^0.91^#2B2622
wash	0^#FFFFFF^#FCF5F3^card^#2B2622^0.91^#2B2622
wash	0^#FFFFFF^#FCF5F3^card^#B83A48^0.91^#2B2622
wash	0^#FFFFFF^#FCF5F3^card^#FFFFFF^0.91^#2B2622
wash	0^#FFFFFF^#FCF5F3^card^nonsense^0.91^#2B2622
wash	0^#FFFFFF^#FCF5F3^card^^0.91^#262320
wash	0^#FFFFFF^#FCF5F3^card^#FBF7F0^0.91^#262320
wash	0^#FFFFFF^#FCF5F3^card^#2B2622^0.91^#262320
wash	0^#FFFFFF^#FCF5F3^card^#B83A48^0.91^#262320
wash	0^#FFFFFF^#FCF5F3^card^#FFFFFF^0.91^#262320
wash	0^#FFFFFF^#FCF5F3^card^nonsense^0.91^#262320
wash	1^#262320^#1C1A18^chrome^^^
wash	1^#262320^#1C1A18^chrome^#FBF7F0^^
wash	1^#262320^#1C1A18^chrome^#2B2622^^
wash	1^#262320^#1C1A18^chrome^#B83A48^^
wash	1^#262320^#1C1A18^chrome^#FFFFFF^^
wash	1^#262320^#1C1A18^chrome^nonsense^^
wash	1^#262320^#1C1A18^chrome^^^
wash	1^#262320^#1C1A18^chrome^^0^
wash	1^#262320^#1C1A18^chrome^^1^
wash	1^#262320^#1C1A18^chrome^^0.54^
wash	1^#262320^#1C1A18^chrome^^0.91^
wash	1^#262320^#1C1A18^chrome^^0.8650000000000001^
wash	1^#262320^#1C1A18^chrome^^0.5^
wash	1^#262320^#1C1A18^chrome^^0.005^
wash	1^#262320^#1C1A18^chrome^^0.30000000000000004^
wash	1^#262320^#1C1A18^chrome^^0.0000001^
wash	1^#262320^#1C1A18^chrome^^0.00000001^
wash	1^#262320^#1C1A18^chrome^^0.000000123^
wash	1^#262320^#1C1A18^chrome^^0.0000009^
wash	1^#262320^#1C1A18^chrome^^0.000001^
wash	1^#262320^#1C1A18^chrome^^0.00001^
wash	1^#262320^#1C1A18^chrome^^1e-7^
wash	1^#262320^#1C1A18^chrome^^5e-8^
wash	1^#262320^#1C1A18^chrome^^1e-10^
wash	1^#262320^#1C1A18^chrome^^0.0000000000001^
wash	1^#262320^#1C1A18^chrome^^^
wash	1^#262320^#1C1A18^chrome^^^#FFFFFF
wash	1^#262320^#1C1A18^chrome^^^#2B2622
wash	1^#262320^#1C1A18^chrome^^^#262320
wash	1^#262320^#1C1A18^chrome^^0.91^
wash	1^#262320^#1C1A18^chrome^#FBF7F0^0.91^
wash	1^#262320^#1C1A18^chrome^#2B2622^0.91^
wash	1^#262320^#1C1A18^chrome^#B83A48^0.91^
wash	1^#262320^#1C1A18^chrome^#FFFFFF^0.91^
wash	1^#262320^#1C1A18^chrome^nonsense^0.91^
wash	1^#262320^#1C1A18^chrome^^0.91^#FFFFFF
wash	1^#262320^#1C1A18^chrome^#FBF7F0^0.91^#FFFFFF
wash	1^#262320^#1C1A18^chrome^#2B2622^0.91^#FFFFFF
wash	1^#262320^#1C1A18^chrome^#B83A48^0.91^#FFFFFF
wash	1^#262320^#1C1A18^chrome^#FFFFFF^0.91^#FFFFFF
wash	1^#262320^#1C1A18^chrome^nonsense^0.91^#FFFFFF
wash	1^#262320^#1C1A18^chrome^^0.91^#2B2622
wash	1^#262320^#1C1A18^chrome^#FBF7F0^0.91^#2B2622
wash	1^#262320^#1C1A18^chrome^#2B2622^0.91^#2B2622
wash	1^#262320^#1C1A18^chrome^#B83A48^0.91^#2B2622
wash	1^#262320^#1C1A18^chrome^#FFFFFF^0.91^#2B2622
wash	1^#262320^#1C1A18^chrome^nonsense^0.91^#2B2622
wash	1^#262320^#1C1A18^chrome^^0.91^#262320
wash	1^#262320^#1C1A18^chrome^#FBF7F0^0.91^#262320
wash	1^#262320^#1C1A18^chrome^#2B2622^0.91^#262320
wash	1^#262320^#1C1A18^chrome^#B83A48^0.91^#262320
wash	1^#262320^#1C1A18^chrome^#FFFFFF^0.91^#262320
wash	1^#262320^#1C1A18^chrome^nonsense^0.91^#262320
wash	1^#262320^#1C1A18^sheet^^^
wash	1^#262320^#1C1A18^sheet^#FBF7F0^^
wash	1^#262320^#1C1A18^sheet^#2B2622^^
wash	1^#262320^#1C1A18^sheet^#B83A48^^
wash	1^#262320^#1C1A18^sheet^#FFFFFF^^
wash	1^#262320^#1C1A18^sheet^nonsense^^
wash	1^#262320^#1C1A18^sheet^^^
wash	1^#262320^#1C1A18^sheet^^0^
wash	1^#262320^#1C1A18^sheet^^1^
wash	1^#262320^#1C1A18^sheet^^0.54^
wash	1^#262320^#1C1A18^sheet^^0.91^
wash	1^#262320^#1C1A18^sheet^^0.8650000000000001^
wash	1^#262320^#1C1A18^sheet^^0.5^
wash	1^#262320^#1C1A18^sheet^^0.005^
wash	1^#262320^#1C1A18^sheet^^0.30000000000000004^
wash	1^#262320^#1C1A18^sheet^^0.0000001^
wash	1^#262320^#1C1A18^sheet^^0.00000001^
wash	1^#262320^#1C1A18^sheet^^0.000000123^
wash	1^#262320^#1C1A18^sheet^^0.0000009^
wash	1^#262320^#1C1A18^sheet^^0.000001^
wash	1^#262320^#1C1A18^sheet^^0.00001^
wash	1^#262320^#1C1A18^sheet^^1e-7^
wash	1^#262320^#1C1A18^sheet^^5e-8^
wash	1^#262320^#1C1A18^sheet^^1e-10^
wash	1^#262320^#1C1A18^sheet^^0.0000000000001^
wash	1^#262320^#1C1A18^sheet^^^
wash	1^#262320^#1C1A18^sheet^^^#FFFFFF
wash	1^#262320^#1C1A18^sheet^^^#2B2622
wash	1^#262320^#1C1A18^sheet^^^#262320
wash	1^#262320^#1C1A18^sheet^^0.91^
wash	1^#262320^#1C1A18^sheet^#FBF7F0^0.91^
wash	1^#262320^#1C1A18^sheet^#2B2622^0.91^
wash	1^#262320^#1C1A18^sheet^#B83A48^0.91^
wash	1^#262320^#1C1A18^sheet^#FFFFFF^0.91^
wash	1^#262320^#1C1A18^sheet^nonsense^0.91^
wash	1^#262320^#1C1A18^sheet^^0.91^#FFFFFF
wash	1^#262320^#1C1A18^sheet^#FBF7F0^0.91^#FFFFFF
wash	1^#262320^#1C1A18^sheet^#2B2622^0.91^#FFFFFF
wash	1^#262320^#1C1A18^sheet^#B83A48^0.91^#FFFFFF
wash	1^#262320^#1C1A18^sheet^#FFFFFF^0.91^#FFFFFF
wash	1^#262320^#1C1A18^sheet^nonsense^0.91^#FFFFFF
wash	1^#262320^#1C1A18^sheet^^0.91^#2B2622
wash	1^#262320^#1C1A18^sheet^#FBF7F0^0.91^#2B2622
wash	1^#262320^#1C1A18^sheet^#2B2622^0.91^#2B2622
wash	1^#262320^#1C1A18^sheet^#B83A48^0.91^#2B2622
wash	1^#262320^#1C1A18^sheet^#FFFFFF^0.91^#2B2622
wash	1^#262320^#1C1A18^sheet^nonsense^0.91^#2B2622
wash	1^#262320^#1C1A18^sheet^^0.91^#262320
wash	1^#262320^#1C1A18^sheet^#FBF7F0^0.91^#262320
wash	1^#262320^#1C1A18^sheet^#2B2622^0.91^#262320
wash	1^#262320^#1C1A18^sheet^#B83A48^0.91^#262320
wash	1^#262320^#1C1A18^sheet^#FFFFFF^0.91^#262320
wash	1^#262320^#1C1A18^sheet^nonsense^0.91^#262320
wash	1^#262320^#1C1A18^card^^^
wash	1^#262320^#1C1A18^card^#FBF7F0^^
wash	1^#262320^#1C1A18^card^#2B2622^^
wash	1^#262320^#1C1A18^card^#B83A48^^
wash	1^#262320^#1C1A18^card^#FFFFFF^^
wash	1^#262320^#1C1A18^card^nonsense^^
wash	1^#262320^#1C1A18^card^^^
wash	1^#262320^#1C1A18^card^^0^
wash	1^#262320^#1C1A18^card^^1^
wash	1^#262320^#1C1A18^card^^0.54^
wash	1^#262320^#1C1A18^card^^0.91^
wash	1^#262320^#1C1A18^card^^0.8650000000000001^
wash	1^#262320^#1C1A18^card^^0.5^
wash	1^#262320^#1C1A18^card^^0.005^
wash	1^#262320^#1C1A18^card^^0.30000000000000004^
wash	1^#262320^#1C1A18^card^^0.0000001^
wash	1^#262320^#1C1A18^card^^0.00000001^
wash	1^#262320^#1C1A18^card^^0.000000123^
wash	1^#262320^#1C1A18^card^^0.0000009^
wash	1^#262320^#1C1A18^card^^0.000001^
wash	1^#262320^#1C1A18^card^^0.00001^
wash	1^#262320^#1C1A18^card^^1e-7^
wash	1^#262320^#1C1A18^card^^5e-8^
wash	1^#262320^#1C1A18^card^^1e-10^
wash	1^#262320^#1C1A18^card^^0.0000000000001^
wash	1^#262320^#1C1A18^card^^^
wash	1^#262320^#1C1A18^card^^^#FFFFFF
wash	1^#262320^#1C1A18^card^^^#2B2622
wash	1^#262320^#1C1A18^card^^^#262320
wash	1^#262320^#1C1A18^card^^0.91^
wash	1^#262320^#1C1A18^card^#FBF7F0^0.91^
wash	1^#262320^#1C1A18^card^#2B2622^0.91^
wash	1^#262320^#1C1A18^card^#B83A48^0.91^
wash	1^#262320^#1C1A18^card^#FFFFFF^0.91^
wash	1^#262320^#1C1A18^card^nonsense^0.91^
wash	1^#262320^#1C1A18^card^^0.91^#FFFFFF
wash	1^#262320^#1C1A18^card^#FBF7F0^0.91^#FFFFFF
wash	1^#262320^#1C1A18^card^#2B2622^0.91^#FFFFFF
wash	1^#262320^#1C1A18^card^#B83A48^0.91^#FFFFFF
wash	1^#262320^#1C1A18^card^#FFFFFF^0.91^#FFFFFF
wash	1^#262320^#1C1A18^card^nonsense^0.91^#FFFFFF
wash	1^#262320^#1C1A18^card^^0.91^#2B2622
wash	1^#262320^#1C1A18^card^#FBF7F0^0.91^#2B2622
wash	1^#262320^#1C1A18^card^#2B2622^0.91^#2B2622
wash	1^#262320^#1C1A18^card^#B83A48^0.91^#2B2622
wash	1^#262320^#1C1A18^card^#FFFFFF^0.91^#2B2622
wash	1^#262320^#1C1A18^card^nonsense^0.91^#2B2622
wash	1^#262320^#1C1A18^card^^0.91^#262320
wash	1^#262320^#1C1A18^card^#FBF7F0^0.91^#262320
wash	1^#262320^#1C1A18^card^#2B2622^0.91^#262320
wash	1^#262320^#1C1A18^card^#B83A48^0.91^#262320
wash	1^#262320^#1C1A18^card^#FFFFFF^0.91^#262320
wash	1^#262320^#1C1A18^card^nonsense^0.91^#262320
alpha	0^chrome^0^full
alpha	0^chrome^1^full
alpha	0^chrome^0.5^full
alpha	0^chrome^0.25^full
alpha	0^chrome^0.75^full
alpha	0^chrome^-1^full
alpha	0^chrome^2^full
alpha	0^chrome^0.3333333333333333^full
alpha	0^chrome^0.0000001^full
alpha	0^chrome^0.999999999^full
alpha	0^chrome^0^wash
alpha	0^chrome^1^wash
alpha	0^chrome^0.5^wash
alpha	0^chrome^0.25^wash
alpha	0^chrome^0.75^wash
alpha	0^chrome^-1^wash
alpha	0^chrome^2^wash
alpha	0^chrome^0.3333333333333333^wash
alpha	0^chrome^0.0000001^wash
alpha	0^chrome^0.999999999^wash
alpha	0^chrome^0^solid
alpha	0^chrome^1^solid
alpha	0^chrome^0.5^solid
alpha	0^chrome^0.25^solid
alpha	0^chrome^0.75^solid
alpha	0^chrome^-1^solid
alpha	0^chrome^2^solid
alpha	0^chrome^0.3333333333333333^solid
alpha	0^chrome^0.0000001^solid
alpha	0^chrome^0.999999999^solid
alpha	0^sheet^0^full
alpha	0^sheet^1^full
alpha	0^sheet^0.5^full
alpha	0^sheet^0.25^full
alpha	0^sheet^0.75^full
alpha	0^sheet^-1^full
alpha	0^sheet^2^full
alpha	0^sheet^0.3333333333333333^full
alpha	0^sheet^0.0000001^full
alpha	0^sheet^0.999999999^full
alpha	0^sheet^0^wash
alpha	0^sheet^1^wash
alpha	0^sheet^0.5^wash
alpha	0^sheet^0.25^wash
alpha	0^sheet^0.75^wash
alpha	0^sheet^-1^wash
alpha	0^sheet^2^wash
alpha	0^sheet^0.3333333333333333^wash
alpha	0^sheet^0.0000001^wash
alpha	0^sheet^0.999999999^wash
alpha	0^sheet^0^solid
alpha	0^sheet^1^solid
alpha	0^sheet^0.5^solid
alpha	0^sheet^0.25^solid
alpha	0^sheet^0.75^solid
alpha	0^sheet^-1^solid
alpha	0^sheet^2^solid
alpha	0^sheet^0.3333333333333333^solid
alpha	0^sheet^0.0000001^solid
alpha	0^sheet^0.999999999^solid
alpha	0^card^0^full
alpha	0^card^1^full
alpha	0^card^0.5^full
alpha	0^card^0.25^full
alpha	0^card^0.75^full
alpha	0^card^-1^full
alpha	0^card^2^full
alpha	0^card^0.3333333333333333^full
alpha	0^card^0.0000001^full
alpha	0^card^0.999999999^full
alpha	0^card^0^wash
alpha	0^card^1^wash
alpha	0^card^0.5^wash
alpha	0^card^0.25^wash
alpha	0^card^0.75^wash
alpha	0^card^-1^wash
alpha	0^card^2^wash
alpha	0^card^0.3333333333333333^wash
alpha	0^card^0.0000001^wash
alpha	0^card^0.999999999^wash
alpha	0^card^0^solid
alpha	0^card^1^solid
alpha	0^card^0.5^solid
alpha	0^card^0.25^solid
alpha	0^card^0.75^solid
alpha	0^card^-1^solid
alpha	0^card^2^solid
alpha	0^card^0.3333333333333333^solid
alpha	0^card^0.0000001^solid
alpha	0^card^0.999999999^solid
alpha	1^chrome^0^full
alpha	1^chrome^1^full
alpha	1^chrome^0.5^full
alpha	1^chrome^0.25^full
alpha	1^chrome^0.75^full
alpha	1^chrome^-1^full
alpha	1^chrome^2^full
alpha	1^chrome^0.3333333333333333^full
alpha	1^chrome^0.0000001^full
alpha	1^chrome^0.999999999^full
alpha	1^chrome^0^wash
alpha	1^chrome^1^wash
alpha	1^chrome^0.5^wash
alpha	1^chrome^0.25^wash
alpha	1^chrome^0.75^wash
alpha	1^chrome^-1^wash
alpha	1^chrome^2^wash
alpha	1^chrome^0.3333333333333333^wash
alpha	1^chrome^0.0000001^wash
alpha	1^chrome^0.999999999^wash
alpha	1^chrome^0^solid
alpha	1^chrome^1^solid
alpha	1^chrome^0.5^solid
alpha	1^chrome^0.25^solid
alpha	1^chrome^0.75^solid
alpha	1^chrome^-1^solid
alpha	1^chrome^2^solid
alpha	1^chrome^0.3333333333333333^solid
alpha	1^chrome^0.0000001^solid
alpha	1^chrome^0.999999999^solid
alpha	1^sheet^0^full
alpha	1^sheet^1^full
alpha	1^sheet^0.5^full
alpha	1^sheet^0.25^full
alpha	1^sheet^0.75^full
alpha	1^sheet^-1^full
alpha	1^sheet^2^full
alpha	1^sheet^0.3333333333333333^full
alpha	1^sheet^0.0000001^full
alpha	1^sheet^0.999999999^full
alpha	1^sheet^0^wash
alpha	1^sheet^1^wash
alpha	1^sheet^0.5^wash
alpha	1^sheet^0.25^wash
alpha	1^sheet^0.75^wash
alpha	1^sheet^-1^wash
alpha	1^sheet^2^wash
alpha	1^sheet^0.3333333333333333^wash
alpha	1^sheet^0.0000001^wash
alpha	1^sheet^0.999999999^wash
alpha	1^sheet^0^solid
alpha	1^sheet^1^solid
alpha	1^sheet^0.5^solid
alpha	1^sheet^0.25^solid
alpha	1^sheet^0.75^solid
alpha	1^sheet^-1^solid
alpha	1^sheet^2^solid
alpha	1^sheet^0.3333333333333333^solid
alpha	1^sheet^0.0000001^solid
alpha	1^sheet^0.999999999^solid
alpha	1^card^0^full
alpha	1^card^1^full
alpha	1^card^0.5^full
alpha	1^card^0.25^full
alpha	1^card^0.75^full
alpha	1^card^-1^full
alpha	1^card^2^full
alpha	1^card^0.3333333333333333^full
alpha	1^card^0.0000001^full
alpha	1^card^0.999999999^full
alpha	1^card^0^wash
alpha	1^card^1^wash
alpha	1^card^0.5^wash
alpha	1^card^0.25^wash
alpha	1^card^0.75^wash
alpha	1^card^-1^wash
alpha	1^card^2^wash
alpha	1^card^0.3333333333333333^wash
alpha	1^card^0.0000001^wash
alpha	1^card^0.999999999^wash
alpha	1^card^0^solid
alpha	1^card^1^solid
alpha	1^card^0.5^solid
alpha	1^card^0.25^solid
alpha	1^card^0.75^solid
alpha	1^card^-1^solid
alpha	1^card^2^solid
alpha	1^card^0.3333333333333333^solid
alpha	1^card^0.0000001^solid
alpha	1^card^0.999999999^solid
spec	0^chrome
spec	0^sheet
spec	0^card
spec	1^chrome
spec	1^sheet
spec	1^card
tier	0
tier	1
tierweb	0^0
tierweb	0^1
tierweb	1^0
tierweb	1^1
touch	0
touch	1
