n1^ali^支付宝^在星巴克消费35.50元^_^1000||
n1^ali^支付宝^向瑞幸咖啡付款18元^_^1000||
n1^ali^支付宝^你已成功付款35.50元，收款方：星巴克^_^1000||
n1^ali^支付宝^支付宝到账12.00元^_^1000||
n1^ali^支付宝^收到王小明的转账200元^_^1000||
n1^ali^支付宝^消费35.50元^_^1000||
n1^ali^支付宝^扣款8.8元^_^1000||
n1^ali^支付宝^支出¥1,234.00^_^1000||
n1^ali^支付宝^您有一条新消息^_^1000||
n1^ali^支付宝^余额不足，请充值^_^1000||
n1^ali^支付宝^在星巴克消费^_^1000||
n1^ali^支付宝^35.50元^_^1000||
n1^ali^支付宝^^_^1000||
n1^ali^支付宝^在星巴克消费0元^_^1000||
n1^ali^支付宝^在星巴克消费0.005元^_^1000||
n1^ali^支付宝^在星巴克消费1e21元^_^1000||
n1^ali^支付宝^在星巴克消费-35元^_^1000||
n1^ali^支付宝^在　星巴克　消费　35.50　元^_^1000||
n1^ali^支付宝^在星巴克消费３５元^_^1000||
n1^wx^支付宝^在星巴克消费35.50元^_^1000||
n1^wx^支付宝^向瑞幸咖啡付款18元^_^1000||
n1^wx^支付宝^你已成功付款35.50元，收款方：星巴克^_^1000||
n1^wx^支付宝^支付宝到账12.00元^_^1000||
n1^wx^支付宝^收到王小明的转账200元^_^1000||
n1^wx^支付宝^消费35.50元^_^1000||
n1^wx^支付宝^扣款8.8元^_^1000||
n1^wx^支付宝^支出¥1,234.00^_^1000||
n1^wx^支付宝^您有一条新消息^_^1000||
n1^wx^支付宝^余额不足，请充值^_^1000||
n1^wx^支付宝^在星巴克消费^_^1000||
n1^wx^支付宝^35.50元^_^1000||
n1^wx^支付宝^^_^1000||
n1^wx^支付宝^在星巴克消费0元^_^1000||
n1^wx^支付宝^在星巴克消费0.005元^_^1000||
n1^wx^支付宝^在星巴克消费1e21元^_^1000||
n1^wx^支付宝^在星巴克消费-35元^_^1000||
n1^wx^支付宝^在　星巴克　消费　35.50　元^_^1000||
n1^wx^支付宝^在星巴克消费３５元^_^1000||
n1^other^支付宝^在星巴克消费35.50元^_^1000||
n1^other^支付宝^向瑞幸咖啡付款18元^_^1000||
n1^other^支付宝^你已成功付款35.50元，收款方：星巴克^_^1000||
n1^other^支付宝^支付宝到账12.00元^_^1000||
n1^other^支付宝^收到王小明的转账200元^_^1000||
n1^other^支付宝^消费35.50元^_^1000||
n1^other^支付宝^扣款8.8元^_^1000||
n1^other^支付宝^支出¥1,234.00^_^1000||
n1^other^支付宝^您有一条新消息^_^1000||
n1^other^支付宝^余额不足，请充值^_^1000||
n1^other^支付宝^在星巴克消费^_^1000||
n1^other^支付宝^35.50元^_^1000||
n1^other^支付宝^^_^1000||
n1^other^支付宝^在星巴克消费0元^_^1000||
n1^other^支付宝^在星巴克消费0.005元^_^1000||
n1^other^支付宝^在星巴克消费1e21元^_^1000||
n1^other^支付宝^在星巴克消费-35元^_^1000||
n1^other^支付宝^在　星巴克　消费　35.50　元^_^1000||
n1^other^支付宝^在星巴克消费３５元^_^1000||
n1^ali^在星巴克消费35.50元^_^_^1000||
n1^ali^支付宝^_^在星巴克消费35.50元^1000||
n1^ali^_^_^_^1000||
n1^ali^^^^1000||
n1^ali^支付宝^支付宝余额12.00元^_^1000||
n1^wx^微信支付^微信支付余额12.00元^_^1000||
n1^ali^支付宝^在星巴克消费35.50元^_^1000~n2^ali^支付宝^在星巴克消费35.50元^_^1000||
n1^ali^支付宝^在星巴克消费35.50元^_^1000~n2^ali^支付宝^在星巴克消费35.50元^_^1001||
n1^ali^支付宝^在星巴克消费35.50元^_^1000~n2^ali^支付宝^在星巴克消费35.50元^_^180999||
n1^ali^支付宝^在星巴克消费35.50元^_^1000~n2^ali^支付宝^在星巴克消费35.50元^_^181000||
n1^ali^支付宝^在星巴克消费35.50元^_^1000~n2^ali^支付宝^在星巴克消费35.50元^_^181001||
n1^ali^支付宝^在星巴克消费35.50元^_^1000~n2^ali^支付宝^在星巴克消费35.50元^_^361000||
n1^ali^支付宝^在星巴克消费35.50元^_^1000||exp^35.5^1000^notif^0
n1^ali^支付宝^在星巴克消费35.50元^_^1000||exp^35.5^1001^notif^0
n1^ali^支付宝^在星巴克消费35.50元^_^1000||exp^35.5^180999^notif^0
n1^ali^支付宝^在星巴克消费35.50元^_^1000||exp^35.5^181000^notif^0
n1^ali^支付宝^在星巴克消费35.50元^_^1000||exp^35.5^181001^notif^0
n1^ali^支付宝^在星巴克消费35.50元^_^1000||exp^35.5^361000^notif^0
n1^ali^支付宝^在星巴克消费35.50元^_^1000||exp^35.5^-179000^notif^0
n1^ali^支付宝^在星巴克消费35.50元^_^1000||exp^35.5^-179001^notif^0
n1^ali^支付宝^在星巴克消费35.50元^_^1000||exp^35.51^1000^notif^0
n1^ali^支付宝^在星巴克消费35.50元^_^1000||inc^35.5^1000^notif^0
n1^ali^支付宝^在星巴克消费35.50元^_^1000||exp^35.5^1000^_^0
n1^ali^支付宝^在星巴克消费35.50元^_^1000||exp^35.5^1000^bill^0
n1^ali^支付宝^在星巴克消费35.50元^_^1000||exp^35.5^1000^notif^1
n1^ali^支付宝^在星巴克消费35.50元^_^1000||xfer^35.5^1000^notif^0
n1^ali^支付宝^在星巴克消费35.50元^_^1000||exp^1^1000^notif^0~exp^35.5^1000^notif^0~exp^2^1000^notif^0
n1^ali^支付宝^在星巴克消费35.50元^_^1000|exp^35.5^1000|
n1^ali^支付宝^在星巴克消费35.50元^_^1000|exp^35.5^181001|
n1^ali^支付宝^在星巴克消费35.50元^_^1000|inc^35.5^1000|
n1^ali^支付宝^在星巴克消费35.50元^_^1000|exp^99^1000|
n1^ali^支付宝^在星巴克消费35.50元^_^1000|exp^35.5^1000~exp^1^1000|
n1^ali^支付宝^在星巴克消费35.50元^_^1000|exp^1^1000|exp^35.5^1000^notif^0
n1^ali^支付宝^在星巴克消费35.50元^_^1000~n2^ali^支付宝^在星巴克消费35.50元^_^1801000||exp^35.5^901000^notif^0
n1^ali^支付宝^在星巴克消费35.50元^_^1000~n2^ali^支付宝^在瑞幸消费12元^_^1801000||exp^12^1801000^notif^0
n1^ali^支付宝^在星巴克消费35.50元^_^1000~n2^ali^支付宝^消费8.8元^_^1100~n3^ali^支付宝^您有一条新消息^_^1200||
n1^other^X^您有一条新消息^_^1000~n2^other^X^另一条^_^1100||
u0^ali^支付宝^无法解析的第0条^_^1000||
u0^ali^支付宝^无法解析的第0条^_^1000~u1^ali^支付宝^无法解析的第1条^_^1001~u2^ali^支付宝^无法解析的第2条^_^1002~u3^ali^支付宝^无法解析的第3条^_^1003~u4^ali^支付宝^无法解析的第4条^_^1004~u5^ali^支付宝^无法解析的第5条^_^1005~u6^ali^支付宝^无法解析的第6条^_^1006~u7^ali^支付宝^无法解析的第7条^_^1007~u8^ali^支付宝^无法解析的第8条^_^1008~u9^ali^支付宝^无法解析的第9条^_^1009~u10^ali^支付宝^无法解析的第10条^_^1010~u11^ali^支付宝^无法解析的第11条^_^1011~u12^ali^支付宝^无法解析的第12条^_^1012~u13^ali^支付宝^无法解析的第13条^_^1013~u14^ali^支付宝^无法解析的第14条^_^1014~u15^ali^支付宝^无法解析的第15条^_^1015~u16^ali^支付宝^无法解析的第16条^_^1016~u17^ali^支付宝^无法解析的第17条^_^1017~u18^ali^支付宝^无法解析的第18条^_^1018~u19^ali^支付宝^无法解析的第19条^_^1019~u20^ali^支付宝^无法解析的第20条^_^1020~u21^ali^支付宝^无法解析的第21条^_^1021~u22^ali^支付宝^无法解析的第22条^_^1022~u23^ali^支付宝^无法解析的第23条^_^1023~u24^ali^支付宝^无法解析的第24条^_^1024~u25^ali^支付宝^无法解析的第25条^_^1025~u26^ali^支付宝^无法解析的第26条^_^1026~u27^ali^支付宝^无法解析的第27条^_^1027~u28^ali^支付宝^无法解析的第28条^_^1028||
u0^ali^支付宝^无法解析的第0条^_^1000~u1^ali^支付宝^无法解析的第1条^_^1001~u2^ali^支付宝^无法解析的第2条^_^1002~u3^ali^支付宝^无法解析的第3条^_^1003~u4^ali^支付宝^无法解析的第4条^_^1004~u5^ali^支付宝^无法解析的第5条^_^1005~u6^ali^支付宝^无法解析的第6条^_^1006~u7^ali^支付宝^无法解析的第7条^_^1007~u8^ali^支付宝^无法解析的第8条^_^1008~u9^ali^支付宝^无法解析的第9条^_^1009~u10^ali^支付宝^无法解析的第10条^_^1010~u11^ali^支付宝^无法解析的第11条^_^1011~u12^ali^支付宝^无法解析的第12条^_^1012~u13^ali^支付宝^无法解析的第13条^_^1013~u14^ali^支付宝^无法解析的第14条^_^1014~u15^ali^支付宝^无法解析的第15条^_^1015~u16^ali^支付宝^无法解析的第16条^_^1016~u17^ali^支付宝^无法解析的第17条^_^1017~u18^ali^支付宝^无法解析的第18条^_^1018~u19^ali^支付宝^无法解析的第19条^_^1019~u20^ali^支付宝^无法解析的第20条^_^1020~u21^ali^支付宝^无法解析的第21条^_^1021~u22^ali^支付宝^无法解析的第22条^_^1022~u23^ali^支付宝^无法解析的第23条^_^1023~u24^ali^支付宝^无法解析的第24条^_^1024~u25^ali^支付宝^无法解析的第25条^_^1025~u26^ali^支付宝^无法解析的第26条^_^1026~u27^ali^支付宝^无法解析的第27条^_^1027~u28^ali^支付宝^无法解析的第28条^_^1028~u29^ali^支付宝^无法解析的第29条^_^1029||
u0^ali^支付宝^无法解析的第0条^_^1000~u1^ali^支付宝^无法解析的第1条^_^1001~u2^ali^支付宝^无法解析的第2条^_^1002~u3^ali^支付宝^无法解析的第3条^_^1003~u4^ali^支付宝^无法解析的第4条^_^1004~u5^ali^支付宝^无法解析的第5条^_^1005~u6^ali^支付宝^无法解析的第6条^_^1006~u7^ali^支付宝^无法解析的第7条^_^1007~u8^ali^支付宝^无法解析的第8条^_^1008~u9^ali^支付宝^无法解析的第9条^_^1009~u10^ali^支付宝^无法解析的第10条^_^1010~u11^ali^支付宝^无法解析的第11条^_^1011~u12^ali^支付宝^无法解析的第12条^_^1012~u13^ali^支付宝^无法解析的第13条^_^1013~u14^ali^支付宝^无法解析的第14条^_^1014~u15^ali^支付宝^无法解析的第15条^_^1015~u16^ali^支付宝^无法解析的第16条^_^1016~u17^ali^支付宝^无法解析的第17条^_^1017~u18^ali^支付宝^无法解析的第18条^_^1018~u19^ali^支付宝^无法解析的第19条^_^1019~u20^ali^支付宝^无法解析的第20条^_^1020~u21^ali^支付宝^无法解析的第21条^_^1021~u22^ali^支付宝^无法解析的第22条^_^1022~u23^ali^支付宝^无法解析的第23条^_^1023~u24^ali^支付宝^无法解析的第24条^_^1024~u25^ali^支付宝^无法解析的第25条^_^1025~u26^ali^支付宝^无法解析的第26条^_^1026~u27^ali^支付宝^无法解析的第27条^_^1027~u28^ali^支付宝^无法解析的第28条^_^1028~u29^ali^支付宝^无法解析的第29条^_^1029~u30^ali^支付宝^无法解析的第30条^_^1030||
u0^ali^支付宝^无法解析的第0条^_^1000~u1^ali^支付宝^无法解析的第1条^_^1001~u2^ali^支付宝^无法解析的第2条^_^1002~u3^ali^支付宝^无法解析的第3条^_^1003~u4^ali^支付宝^无法解析的第4条^_^1004~u5^ali^支付宝^无法解析的第5条^_^1005~u6^ali^支付宝^无法解析的第6条^_^1006~u7^ali^支付宝^无法解析的第7条^_^1007~u8^ali^支付宝^无法解析的第8条^_^1008~u9^ali^支付宝^无法解析的第9条^_^1009~u10^ali^支付宝^无法解析的第10条^_^1010~u11^ali^支付宝^无法解析的第11条^_^1011~u12^ali^支付宝^无法解析的第12条^_^1012~u13^ali^支付宝^无法解析的第13条^_^1013~u14^ali^支付宝^无法解析的第14条^_^1014~u15^ali^支付宝^无法解析的第15条^_^1015~u16^ali^支付宝^无法解析的第16条^_^1016~u17^ali^支付宝^无法解析的第17条^_^1017~u18^ali^支付宝^无法解析的第18条^_^1018~u19^ali^支付宝^无法解析的第19条^_^1019~u20^ali^支付宝^无法解析的第20条^_^1020~u21^ali^支付宝^无法解析的第21条^_^1021~u22^ali^支付宝^无法解析的第22条^_^1022~u23^ali^支付宝^无法解析的第23条^_^1023~u24^ali^支付宝^无法解析的第24条^_^1024~u25^ali^支付宝^无法解析的第25条^_^1025~u26^ali^支付宝^无法解析的第26条^_^1026~u27^ali^支付宝^无法解析的第27条^_^1027~u28^ali^支付宝^无法解析的第28条^_^1028~u29^ali^支付宝^无法解析的第29条^_^1029~u30^ali^支付宝^无法解析的第30条^_^1030~u31^ali^支付宝^无法解析的第31条^_^1031~u32^ali^支付宝^无法解析的第32条^_^1032~u33^ali^支付宝^无法解析的第33条^_^1033~u34^ali^支付宝^无法解析的第34条^_^1034||
n1^ali^支付宝^在星巴克消费35.50元^_^100000||exp^35.5^100000^notif^0
n1^ali^支付宝^在星巴克消费35.50元^_^100000||exp^35.5^100000^bill^0
n1^ali^支付宝^在星巴克消费35.50元^_^100000||exp^35.5^100000^_^0
n1^ali^支付宝^在星巴克消费35.50元^_^100000||exp^35.5^100000^notif^0
n1^ali^支付宝^在星巴克消费35.50元^_^100000||exp^35.5^100000^notif^1
n1^ali^支付宝^在星巴克消费35.50元^_^100000||exp^35.5^100000^notif^0
n1^ali^支付宝^在星巴克消费35.50元^_^100000||inc^35.5^100000^notif^0
n1^ali^支付宝^在星巴克消费35.50元^_^100000||xfer^35.5^100000^notif^0
n1^ali^支付宝^在星巴克消费35.50元^_^100000|exp^35.5^100000|
n1^ali^支付宝^在星巴克消费35.50元^_^100000|inc^35.5^100000|
n1^ali^支付宝^在星巴克消费35.50元^_^100000|exp^1^100000|exp^35.5^100000^notif^0
n1^ali^支付宝^在星巴克消费35.50元^_^100000||exp^35.5^100001^notif^0
n1^ali^支付宝^在星巴克消费35.50元^_^100000||exp^35.5^100001^bill^0
n1^ali^支付宝^在星巴克消费35.50元^_^100000||exp^35.5^100001^_^0
n1^ali^支付宝^在星巴克消费35.50元^_^100000||exp^35.5^100001^notif^0
n1^ali^支付宝^在星巴克消费35.50元^_^100000||exp^35.5^100001^notif^1
n1^ali^支付宝^在星巴克消费35.50元^_^100000||exp^35.5^100001^notif^0
n1^ali^支付宝^在星巴克消费35.50元^_^100000||inc^35.5^100001^notif^0
n1^ali^支付宝^在星巴克消费35.50元^_^100000||xfer^35.5^100001^notif^0
n1^ali^支付宝^在星巴克消费35.50元^_^100000|exp^35.5^100001|
n1^ali^支付宝^在星巴克消费35.50元^_^100000|inc^35.5^100001|
n1^ali^支付宝^在星巴克消费35.50元^_^100000|exp^1^100001|exp^35.5^100001^notif^0
n1^ali^支付宝^在星巴克消费35.50元^_^100000||exp^35.5^279999^notif^0
n1^ali^支付宝^在星巴克消费35.50元^_^100000||exp^35.5^279999^bill^0
n1^ali^支付宝^在星巴克消费35.50元^_^100000||exp^35.5^279999^_^0
n1^ali^支付宝^在星巴克消费35.50元^_^100000||exp^35.5^279999^notif^0
n1^ali^支付宝^在星巴克消费35.50元^_^100000||exp^35.5^279999^notif^1
n1^ali^支付宝^在星巴克消费35.50元^_^100000||exp^35.5^279999^notif^0
n1^ali^支付宝^在星巴克消费35.50元^_^100000||inc^35.5^279999^notif^0
n1^ali^支付宝^在星巴克消费35.50元^_^100000||xfer^35.5^279999^notif^0
n1^ali^支付宝^在星巴克消费35.50元^_^100000|exp^35.5^279999|
n1^ali^支付宝^在星巴克消费35.50元^_^100000|inc^35.5^279999|
n1^ali^支付宝^在星巴克消费35.50元^_^100000|exp^1^279999|exp^35.5^279999^notif^0
n1^ali^支付宝^在星巴克消费35.50元^_^100000||exp^35.5^280000^notif^0
n1^ali^支付宝^在星巴克消费35.50元^_^100000||exp^35.5^280000^bill^0
n1^ali^支付宝^在星巴克消费35.50元^_^100000||exp^35.5^280000^_^0
n1^ali^支付宝^在星巴克消费35.50元^_^100000||exp^35.5^280000^notif^0
n1^ali^支付宝^在星巴克消费35.50元^_^100000||exp^35.5^280000^notif^1
n1^ali^支付宝^在星巴克消费35.50元^_^100000||exp^35.5^280000^notif^0
n1^ali^支付宝^在星巴克消费35.50元^_^100000||inc^35.5^280000^notif^0
n1^ali^支付宝^在星巴克消费35.50元^_^100000||xfer^35.5^280000^notif^0
n1^ali^支付宝^在星巴克消费35.50元^_^100000|exp^35.5^280000|
n1^ali^支付宝^在星巴克消费35.50元^_^100000|inc^35.5^280000|
n1^ali^支付宝^在星巴克消费35.50元^_^100000|exp^1^280000|exp^35.5^280000^notif^0
n1^ali^支付宝^在星巴克消费35.50元^_^100000||exp^35.5^280001^notif^0
n1^ali^支付宝^在星巴克消费35.50元^_^100000||exp^35.5^280001^bill^0
n1^ali^支付宝^在星巴克消费35.50元^_^100000||exp^35.5^280001^_^0
n1^ali^支付宝^在星巴克消费35.50元^_^100000||exp^35.5^280001^notif^0
n1^ali^支付宝^在星巴克消费35.50元^_^100000||exp^35.5^280001^notif^1
n1^ali^支付宝^在星巴克消费35.50元^_^100000||exp^35.5^280001^notif^0
n1^ali^支付宝^在星巴克消费35.50元^_^100000||inc^35.5^280001^notif^0
n1^ali^支付宝^在星巴克消费35.50元^_^100000||xfer^35.5^280001^notif^0
n1^ali^支付宝^在星巴克消费35.50元^_^100000|exp^35.5^280001|
n1^ali^支付宝^在星巴克消费35.50元^_^100000|inc^35.5^280001|
n1^ali^支付宝^在星巴克消费35.50元^_^100000|exp^1^280001|exp^35.5^280001^notif^0
n1^ali^支付宝^在星巴克消费35.50元^_^100000||exp^35.5^460000^notif^0
n1^ali^支付宝^在星巴克消费35.50元^_^100000||exp^35.5^460000^bill^0
n1^ali^支付宝^在星巴克消费35.50元^_^100000||exp^35.5^460000^_^0
n1^ali^支付宝^在星巴克消费35.50元^_^100000||exp^35.5^460000^notif^0
n1^ali^支付宝^在星巴克消费35.50元^_^100000||exp^35.5^460000^notif^1
n1^ali^支付宝^在星巴克消费35.50元^_^100000||exp^35.5^460000^notif^0
n1^ali^支付宝^在星巴克消费35.50元^_^100000||inc^35.5^460000^notif^0
n1^ali^支付宝^在星巴克消费35.50元^_^100000||xfer^35.5^460000^notif^0
n1^ali^支付宝^在星巴克消费35.50元^_^100000|exp^35.5^460000|
n1^ali^支付宝^在星巴克消费35.50元^_^100000|inc^35.5^460000|
n1^ali^支付宝^在星巴克消费35.50元^_^100000|exp^1^460000|exp^35.5^460000^notif^0
n1^ali^支付宝^在星巴克消费35.50元^_^100000||exp^35.5^99999^notif^0
n1^ali^支付宝^在星巴克消费35.50元^_^100000||exp^35.5^99999^bill^0
n1^ali^支付宝^在星巴克消费35.50元^_^100000||exp^35.5^99999^_^0
n1^ali^支付宝^在星巴克消费35.50元^_^100000||exp^35.5^99999^notif^0
n1^ali^支付宝^在星巴克消费35.50元^_^100000||exp^35.5^99999^notif^1
n1^ali^支付宝^在星巴克消费35.50元^_^100000||exp^35.5^99999^notif^0
n1^ali^支付宝^在星巴克消费35.50元^_^100000||inc^35.5^99999^notif^0
n1^ali^支付宝^在星巴克消费35.50元^_^100000||xfer^35.5^99999^notif^0
n1^ali^支付宝^在星巴克消费35.50元^_^100000|exp^35.5^99999|
n1^ali^支付宝^在星巴克消费35.50元^_^100000|inc^35.5^99999|
n1^ali^支付宝^在星巴克消费35.50元^_^100000|exp^1^99999|exp^35.5^99999^notif^0
n1^ali^支付宝^在星巴克消费35.50元^_^100000||exp^35.5^-79999^notif^0
n1^ali^支付宝^在星巴克消费35.50元^_^100000||exp^35.5^-79999^bill^0
n1^ali^支付宝^在星巴克消费35.50元^_^100000||exp^35.5^-79999^_^0
n1^ali^支付宝^在星巴克消费35.50元^_^100000||exp^35.5^-79999^notif^0
n1^ali^支付宝^在星巴克消费35.50元^_^100000||exp^35.5^-79999^notif^1
n1^ali^支付宝^在星巴克消费35.50元^_^100000||exp^35.5^-79999^notif^0
n1^ali^支付宝^在星巴克消费35.50元^_^100000||inc^35.5^-79999^notif^0
n1^ali^支付宝^在星巴克消费35.50元^_^100000||xfer^35.5^-79999^notif^0
n1^ali^支付宝^在星巴克消费35.50元^_^100000|exp^35.5^-79999|
n1^ali^支付宝^在星巴克消费35.50元^_^100000|inc^35.5^-79999|
n1^ali^支付宝^在星巴克消费35.50元^_^100000|exp^1^-79999|exp^35.5^-79999^notif^0
n1^ali^支付宝^在星巴克消费35.50元^_^100000||exp^35.5^-80000^notif^0
n1^ali^支付宝^在星巴克消费35.50元^_^100000||exp^35.5^-80000^bill^0
n1^ali^支付宝^在星巴克消费35.50元^_^100000||exp^35.5^-80000^_^0
n1^ali^支付宝^在星巴克消费35.50元^_^100000||exp^35.5^-80000^notif^0
n1^ali^支付宝^在星巴克消费35.50元^_^100000||exp^35.5^-80000^notif^1
n1^ali^支付宝^在星巴克消费35.50元^_^100000||exp^35.5^-80000^notif^0
n1^ali^支付宝^在星巴克消费35.50元^_^100000||inc^35.5^-80000^notif^0
n1^ali^支付宝^在星巴克消费35.50元^_^100000||xfer^35.5^-80000^notif^0
n1^ali^支付宝^在星巴克消费35.50元^_^100000|exp^35.5^-80000|
n1^ali^支付宝^在星巴克消费35.50元^_^100000|inc^35.5^-80000|
n1^ali^支付宝^在星巴克消费35.50元^_^100000|exp^1^-80000|exp^35.5^-80000^notif^0
n1^ali^支付宝^在星巴克消费35.50元^_^100000||exp^35.5^-80001^notif^0
n1^ali^支付宝^在星巴克消费35.50元^_^100000||exp^35.5^-80001^bill^0
n1^ali^支付宝^在星巴克消费35.50元^_^100000||exp^35.5^-80001^_^0
n1^ali^支付宝^在星巴克消费35.50元^_^100000||exp^35.5^-80001^notif^0
n1^ali^支付宝^在星巴克消费35.50元^_^100000||exp^35.5^-80001^notif^1
n1^ali^支付宝^在星巴克消费35.50元^_^100000||exp^35.5^-80001^notif^0
n1^ali^支付宝^在星巴克消费35.50元^_^100000||inc^35.5^-80001^notif^0
n1^ali^支付宝^在星巴克消费35.50元^_^100000||xfer^35.5^-80001^notif^0
n1^ali^支付宝^在星巴克消费35.50元^_^100000|exp^35.5^-80001|
n1^ali^支付宝^在星巴克消费35.50元^_^100000|inc^35.5^-80001|
n1^ali^支付宝^在星巴克消费35.50元^_^100000|exp^1^-80001|exp^35.5^-80001^notif^0
n1^ali^支付宝^在星巴克消费35.50元^_^100000||exp^35.5^-260000^notif^0
n1^ali^支付宝^在星巴克消费35.50元^_^100000||exp^35.5^-260000^bill^0
n1^ali^支付宝^在星巴克消费35.50元^_^100000||exp^35.5^-260000^_^0
n1^ali^支付宝^在星巴克消费35.50元^_^100000||exp^35.5^-260000^notif^0
n1^ali^支付宝^在星巴克消费35.50元^_^100000||exp^35.5^-260000^notif^1
n1^ali^支付宝^在星巴克消费35.50元^_^100000||exp^35.5^-260000^notif^0
n1^ali^支付宝^在星巴克消费35.50元^_^100000||inc^35.5^-260000^notif^0
n1^ali^支付宝^在星巴克消费35.50元^_^100000||xfer^35.5^-260000^notif^0
n1^ali^支付宝^在星巴克消费35.50元^_^100000|exp^35.5^-260000|
n1^ali^支付宝^在星巴克消费35.50元^_^100000|inc^35.5^-260000|
n1^ali^支付宝^在星巴克消费35.50元^_^100000|exp^1^-260000|exp^35.5^-260000^notif^0
n1^ali^支付宝^在星巴克消费35.50元^_^100000~n2^ali^支付宝^在星巴克消费35.50元^_^100000||
n1^ali^支付宝^在星巴克消费35.50元^_^100000~n2^ali^支付宝^在星巴克消费35.50元^_^100000||exp^35.5^100000^notif^0
n1^ali^支付宝^在星巴克消费35.50元^_^100000~n2^ali^支付宝^在星巴克消费35.50元^_^100000|exp^35.5^100000|
n1^ali^支付宝^在星巴克消费35.50元^_^100000~n2^ali^支付宝^在星巴克消费35.50元^_^100001||
n1^ali^支付宝^在星巴克消费35.50元^_^100000~n2^ali^支付宝^在星巴克消费35.50元^_^100001||exp^35.5^100000^notif^0
n1^ali^支付宝^在星巴克消费35.50元^_^100000~n2^ali^支付宝^在星巴克消费35.50元^_^100001|exp^35.5^100000|
n1^ali^支付宝^在星巴克消费35.50元^_^100000~n2^ali^支付宝^在星巴克消费35.50元^_^279999||
n1^ali^支付宝^在星巴克消费35.50元^_^100000~n2^ali^支付宝^在星巴克消费35.50元^_^279999||exp^35.5^100000^notif^0
n1^ali^支付宝^在星巴克消费35.50元^_^100000~n2^ali^支付宝^在星巴克消费35.50元^_^279999|exp^35.5^100000|
n1^ali^支付宝^在星巴克消费35.50元^_^100000~n2^ali^支付宝^在星巴克消费35.50元^_^280000||
n1^ali^支付宝^在星巴克消费35.50元^_^100000~n2^ali^支付宝^在星巴克消费35.50元^_^280000||exp^35.5^100000^notif^0
n1^ali^支付宝^在星巴克消费35.50元^_^100000~n2^ali^支付宝^在星巴克消费35.50元^_^280000|exp^35.5^100000|
n1^ali^支付宝^在星巴克消费35.50元^_^100000~n2^ali^支付宝^在星巴克消费35.50元^_^280001||
n1^ali^支付宝^在星巴克消费35.50元^_^100000~n2^ali^支付宝^在星巴克消费35.50元^_^280001||exp^35.5^100000^notif^0
n1^ali^支付宝^在星巴克消费35.50元^_^100000~n2^ali^支付宝^在星巴克消费35.50元^_^280001|exp^35.5^100000|
n1^ali^支付宝^在星巴克消费35.50元^_^100000~n2^ali^支付宝^在星巴克消费35.50元^_^460000||
n1^ali^支付宝^在星巴克消费35.50元^_^100000~n2^ali^支付宝^在星巴克消费35.50元^_^460000||exp^35.5^100000^notif^0
n1^ali^支付宝^在星巴克消费35.50元^_^100000~n2^ali^支付宝^在星巴克消费35.50元^_^460000|exp^35.5^100000|
n1^ali^支付宝^在星巴克消费35.50元^_^100000~n2^ali^支付宝^在星巴克消费35.50元^_^99999||
n1^ali^支付宝^在星巴克消费35.50元^_^100000~n2^ali^支付宝^在星巴克消费35.50元^_^99999||exp^35.5^100000^notif^0
n1^ali^支付宝^在星巴克消费35.50元^_^100000~n2^ali^支付宝^在星巴克消费35.50元^_^99999|exp^35.5^100000|
n1^ali^支付宝^在星巴克消费35.50元^_^100000~n2^ali^支付宝^在星巴克消费35.50元^_^-79999||
n1^ali^支付宝^在星巴克消费35.50元^_^100000~n2^ali^支付宝^在星巴克消费35.50元^_^-79999||exp^35.5^100000^notif^0
n1^ali^支付宝^在星巴克消费35.50元^_^100000~n2^ali^支付宝^在星巴克消费35.50元^_^-79999|exp^35.5^100000|
n1^ali^支付宝^在星巴克消费35.50元^_^100000~n2^ali^支付宝^在星巴克消费35.50元^_^-80000||
n1^ali^支付宝^在星巴克消费35.50元^_^100000~n2^ali^支付宝^在星巴克消费35.50元^_^-80000||exp^35.5^100000^notif^0
n1^ali^支付宝^在星巴克消费35.50元^_^100000~n2^ali^支付宝^在星巴克消费35.50元^_^-80000|exp^35.5^100000|
n1^ali^支付宝^在星巴克消费35.50元^_^100000~n2^ali^支付宝^在星巴克消费35.50元^_^-80001||
n1^ali^支付宝^在星巴克消费35.50元^_^100000~n2^ali^支付宝^在星巴克消费35.50元^_^-80001||exp^35.5^100000^notif^0
n1^ali^支付宝^在星巴克消费35.50元^_^100000~n2^ali^支付宝^在星巴克消费35.50元^_^-80001|exp^35.5^100000|
n1^ali^支付宝^在星巴克消费35.50元^_^100000~n2^ali^支付宝^在星巴克消费35.50元^_^-260000||
n1^ali^支付宝^在星巴克消费35.50元^_^100000~n2^ali^支付宝^在星巴克消费35.50元^_^-260000||exp^35.5^100000^notif^0
n1^ali^支付宝^在星巴克消费35.50元^_^100000~n2^ali^支付宝^在星巴克消费35.50元^_^-260000|exp^35.5^100000|
n1^ali^支付宝^在星巴克消费35.50元^_^100000~n2^ali^支付宝^在瑞幸消费12元^_^280000||exp^35.5^100000^notif^0
n1^ali^支付宝^在星巴克消费35.50元^_^100000~n2^ali^支付宝^在瑞幸消费12元^_^280000||exp^35.5^280000^notif^0
n1^ali^支付宝^在星巴克消费35.50元^_^100000~n2^ali^支付宝^在瑞幸消费12元^_^280000||exp^35.5^460000^notif^0
n1^ali^支付宝^在星巴克消费35.50元^_^100000~n2^ali^支付宝^在瑞幸消费12元^_^280000||exp^35.5^460001^notif^0
n1^ali^支付宝^在星巴克消费35.50元^_^100000~n2^ali^支付宝^在瑞幸消费12元^_^280000||exp^35.5^-80000^notif^0
n1^ali^支付宝^在星巴克消费35.50元^_^100000~n2^ali^支付宝^在瑞幸消费12元^_^280000||exp^35.5^-80001^notif^0
n1^ali^支付宝^在星巴克消费35.50元^_^100000~n2^ali^支付宝^在瑞幸消费12元^_^460000||exp^35.5^100000^notif^0
n1^ali^支付宝^在星巴克消费35.50元^_^100000~n2^ali^支付宝^在瑞幸消费12元^_^460000||exp^35.5^460000^notif^0
n1^ali^支付宝^在星巴克消费35.50元^_^100000~n2^ali^支付宝^在瑞幸消费12元^_^460000||exp^35.5^640000^notif^0
n1^ali^支付宝^在星巴克消费35.50元^_^100000~n2^ali^支付宝^在瑞幸消费12元^_^460000||exp^35.5^640001^notif^0
n1^ali^支付宝^在星巴克消费35.50元^_^100000~n2^ali^支付宝^在瑞幸消费12元^_^460000||exp^35.5^-80000^notif^0
n1^ali^支付宝^在星巴克消费35.50元^_^100000~n2^ali^支付宝^在瑞幸消费12元^_^460000||exp^35.5^-80001^notif^0
n1^ali^支付宝^在星巴克消费35.50元^_^100000~n2^ali^支付宝^在瑞幸消费12元^_^1900000||exp^35.5^100000^notif^0
n1^ali^支付宝^在星巴克消费35.50元^_^100000~n2^ali^支付宝^在瑞幸消费12元^_^1900000||exp^35.5^1900000^notif^0
n1^ali^支付宝^在星巴克消费35.50元^_^100000~n2^ali^支付宝^在瑞幸消费12元^_^1900000||exp^35.5^2080000^notif^0
n1^ali^支付宝^在星巴克消费35.50元^_^100000~n2^ali^支付宝^在瑞幸消费12元^_^1900000||exp^35.5^2080001^notif^0
n1^ali^支付宝^在星巴克消费35.50元^_^100000~n2^ali^支付宝^在瑞幸消费12元^_^1900000||exp^35.5^-80000^notif^0
n1^ali^支付宝^在星巴克消费35.50元^_^100000~n2^ali^支付宝^在瑞幸消费12元^_^1900000||exp^35.5^-80001^notif^0
n1^ali^支付宝^消费35.50元^_^100000||exp^35.5^100000^notif^0
n1^ali^支付宝^消费35.50元^_^100000|exp^35.5^100000|
n1^ali^支付宝^消费35.50元^_^100000~n2^ali^支付宝^消费35.50元^_^100000||
n1^wx^微信支付^消费35.50元^_^100000~n2^ali^支付宝^消费35.50元^_^100000||
n1^ali^支付宝^消费35.50元^_^100000~n2^ali^支付宝^在星巴克消费35.50元^_^100000||
n1^ali^支付宝^在星巴克消费35.50元^_^100000~n2^ali^支付宝^消费35.50元^_^100000||
n1^ali^支付宝^消费35.50元^_^100000||exp^35.5^280000^notif^0
n1^ali^支付宝^消费35.50元^_^100000|exp^35.5^280000|
n1^ali^支付宝^消费35.50元^_^100000~n2^ali^支付宝^消费35.50元^_^280000||
n1^wx^微信支付^消费35.50元^_^100000~n2^ali^支付宝^消费35.50元^_^280000||
n1^ali^支付宝^消费35.50元^_^100000~n2^ali^支付宝^在星巴克消费35.50元^_^280000||
n1^ali^支付宝^在星巴克消费35.50元^_^100000~n2^ali^支付宝^消费35.50元^_^280000||
n1^ali^支付宝^消费35.50元^_^100000||exp^35.5^280001^notif^0
n1^ali^支付宝^消费35.50元^_^100000|exp^35.5^280001|
n1^ali^支付宝^消费35.50元^_^100000~n2^ali^支付宝^消费35.50元^_^280001||
n1^wx^微信支付^消费35.50元^_^100000~n2^ali^支付宝^消费35.50元^_^280001||
n1^ali^支付宝^消费35.50元^_^100000~n2^ali^支付宝^在星巴克消费35.50元^_^280001||
n1^ali^支付宝^在星巴克消费35.50元^_^100000~n2^ali^支付宝^消费35.50元^_^280001||
n1^wx^微信支付^消费35.50元^_^100000||
n1^ali^支付宝^消费35.50元^_^100000~n2^wx^微信支付^消费35.50元^_^100001||
n1^wx^微信支付^消费35.50元^_^280000||
n1^ali^支付宝^消费35.50元^_^280000~n2^wx^微信支付^消费35.50元^_^280001||
j0^ali^支付宝^无法解析第0条^_^100000~c1^ali^支付宝^在星巴克消费35.50元^_^100010||
c1^ali^支付宝^在星巴克消费35.50元^_^100010~j0^ali^支付宝^无法解析第0条^_^100000||
j0^ali^支付宝^无法解析第0条^_^100000~c1^ali^支付宝^在星巴克消费35.50元^_^100010||
j0^ali^支付宝^无法解析第0条^_^100000~j1^ali^支付宝^无法解析第1条^_^100001~c1^ali^支付宝^在星巴克消费35.50元^_^100010||
c1^ali^支付宝^在星巴克消费35.50元^_^100010~j0^ali^支付宝^无法解析第0条^_^100000~j1^ali^支付宝^无法解析第1条^_^100001||
j0^ali^支付宝^无法解析第0条^_^100000~c1^ali^支付宝^在星巴克消费35.50元^_^100010~j1^ali^支付宝^无法解析第1条^_^100001||
j0^ali^支付宝^无法解析第0条^_^100000~j1^ali^支付宝^无法解析第1条^_^100001~j2^ali^支付宝^无法解析第2条^_^100002~c1^ali^支付宝^在星巴克消费35.50元^_^100010||
c1^ali^支付宝^在星巴克消费35.50元^_^100010~j0^ali^支付宝^无法解析第0条^_^100000~j1^ali^支付宝^无法解析第1条^_^100001~j2^ali^支付宝^无法解析第2条^_^100002||
j0^ali^支付宝^无法解析第0条^_^100000~c1^ali^支付宝^在星巴克消费35.50元^_^100010~j1^ali^支付宝^无法解析第1条^_^100001~j2^ali^支付宝^无法解析第2条^_^100002||
||
|exp^35.5^1000|
||exp^35.5^1000^notif^0
