add:1000,exp,food,35
add:1000,exp,food,35|add:2000,inc,salary,900
add:1000,exp,food,35|upd:e0,amt,50
add:1000,exp,food,35|upd:e0,amt,50|upd:e0,note,lunch
add:1000,exp,food,35|rm:e0
add:1000,exp,food,35|rm:e0|undo:0
add:1000,exp,food,35|rm:e0|rm:e0
add:1000,exp,food,100,,30|add:2000,inc,refund,30,e0|rm:e1
add:1000,exp,food,100,,30|add:2000,inc,refund,30,e0|rm:e1|undo:0
add:1000,exp,food,100,,50|add:2000,inc,refund,30,e0|rm:e1
add:1000,exp,food,100,,10|add:2000,inc,refund,30,e0|rm:e1
add:1000,exp,food,100|add:2000,inc,refund,30,e0|rm:e0
add:1000,exp,food,100|add:2000,inc,refund,30,e0|rm:e0|undo:0
add:1000,exp,food,100|add:2000,inc,refund,30,e0|add:3000,inc,refund,20,e0|rm:e0
add:1000,exp,food,100|add:2000,inc,refund,30,e0|add:3000,inc,refund,20,e0|rm:e0|undo:0
add:1000,exp,food,35|upd:e0,amt,50|rm:e0|undo:0|upd:e0,cat,transport
rm:e0
undo:0
add:1000,xfer,transfer,200
add:2170,exp,salary,134|add:1634,xfer,food,304,e0,67|rm:e1
add:2861,xfer,salary,18|rm:e0|add:4777,exp,salary,164|add:3652,exp,food,127|upd:e1,refund,45|upd:e1,note,a|upd:e0,note,b
add:1315,xfer,transfer,243|rm:e0|add:2112,xfer,food,17
add:2670,xfer,transport,487|upd:e0,cat,misc
add:1734,xfer,transfer,142|add:3483,inc,transport,192|rm:e1|undo:0|add:3341,exp,transfer,155
add:111,exp,transfer,217|add:2646,exp,transport,306|upd:e1,note,b|add:839,xfer,transport,157|rm:e2
add:2201,inc,transport,209|rm:e0|undo:0|undo:0|undo:0|add:2082,inc,salary,246|undo:0
add:3679,xfer,transfer,230|upd:e0,ts,3880|upd:e0,refund,96|add:1150,exp,salary,329
add:4127,exp,food,28
add:887,xfer,transport,446|rm:e0|add:2108,inc,transport,96
add:2387,exp,food,438|rm:e0|undo:0|undo:0|undo:0|upd:e0,cat,misc|undo:0
add:2160,exp,transfer,421|upd:e0,note,b|add:4495,xfer,transfer,461|rm:e0|upd:e0,cat,food|upd:e0,amt,215
add:569,exp,transfer,179|upd:e0,note,b
add:4564,xfer,transport,125|upd:e0,note,a|upd:e0,ts,2897|add:3487,inc,transfer,37
add:1366,inc,transport,343|rm:e0|undo:0|upd:e0,cat,misc|undo:0|add:4457,inc,salary,265,e0,45|upd:e0,ts,30
add:1903,exp,transfer,401|rm:e0|rm:e0|add:839,exp,food,41
add:3115,exp,salary,187|add:3939,exp,salary,11
add:2213,inc,salary,33|add:2489,exp,transfer,269,e0,21
add:4280,xfer,salary,184
add:4146,exp,transfer,83|rm:e0|add:292,xfer,food,403
add:3103,exp,salary,473
add:620,exp,salary,186|upd:e0,cat,food|add:1488,xfer,salary,357|upd:e1,cat,misc|add:272,inc,transport,387,e0,34
add:3338,exp,food,331|add:260,xfer,salary,112|upd:e1,ts,1115
add:1857,inc,salary,5|rm:e0|add:2705,inc,transport,370|add:1451,inc,salary,272|add:1997,inc,food,125|rm:e0|add:4384,xfer,transfer,154,e2,66
add:306,inc,transport,493|rm:e0
add:583,exp,transfer,184|add:1912,exp,transfer,329|rm:e1
add:4279,exp,salary,17|upd:e0,refund,33
add:172,xfer,transport,379
add:3353,xfer,transport,58|upd:e0,note,a|rm:e0|upd:e0,ts,7143|add:4917,exp,food,2|undo:0|add:1682,xfer,food,268
add:1223,inc,food,116|add:2669,inc,salary,137,e0,50|upd:e0,refund,97|add:3028,xfer,salary,245,e1,76|rm:e1|upd:e1,refund,94|upd:e0,cat,food
add:4598,xfer,salary,382|rm:e0|upd:e0,amt,98|rm:e0
add:788,xfer,salary,3|add:771,exp,food,68,e0,73|upd:e0,cat,misc|upd:e1,amt,223|rm:e1|upd:e1,ts,8229|upd:e0,cat,misc
add:2819,exp,salary,449|upd:e0,amt,113
add:1569,exp,transport,407|rm:e0
add:4735,xfer,food,447|rm:e0|add:1432,exp,salary,282|add:1339,inc,food,264|upd:e0,ts,4626|undo:0
add:712,xfer,food,369|upd:e0,amt,134|rm:e0|undo:0|rm:e0|add:935,exp,food,391
add:279,exp,salary,17|add:2402,inc,salary,289|add:4981,xfer,salary,331|add:4588,inc,transport,295,e1,70|rm:e0|upd:e2,cat,food|add:3247,xfer,transfer,181
add:600,xfer,transfer,392|rm:e0|rm:e0|add:628,exp,transport,202|rm:e1
add:3082,xfer,salary,399|upd:e0,amt,37|rm:e0|undo:0
add:3317,xfer,food,41|add:3945,inc,transport,102,e0,65|add:4672,exp,transfer,69|upd:e1,amt,284|upd:e0,cat,misc
add:4678,exp,salary,176|rm:e0
add:1626,exp,salary,146|upd:e0,note,a|add:2576,xfer,transfer,276,e0,34|upd:e0,cat,misc|add:1632,xfer,salary,347|upd:e0,note,b
add:4717,xfer,transfer,170|upd:e0,note,b|upd:e0,refund,0|upd:e0,cat,food
add:3548,xfer,transport,103|rm:e0|add:1546,inc,transport,298|undo:0|upd:e0,cat,misc
add:2047,exp,transfer,349
add:3887,exp,transport,202|upd:e0,refund,2|upd:e0,ts,5171|add:3065,inc,transport,184,e0,44|add:1090,exp,transfer,425|upd:e0,refund,29
add:1036,xfer,salary,188
add:529,inc,transport,125|add:3065,inc,salary,136|upd:e1,refund,22|upd:e1,ts,5249|add:2128,exp,food,137|add:3875,inc,transport,386|upd:e0,amt,152
add:4926,inc,transfer,48|rm:e0|add:627,inc,transfer,329|rm:e0
add:3971,exp,transfer,461|upd:e0,cat,misc|add:301,exp,salary,454
add:3600,xfer,food,68|rm:e0|upd:e0,note,a
add:4112,exp,food,454|upd:e0,amt,196|upd:e0,cat,food|add:3802,xfer,food,122,e0,14|add:2136,exp,transfer,332
add:1262,exp,food,194|upd:e0,cat,misc|add:388,exp,transfer,463,e0,62|add:365,exp,transfer,320
add:1835,xfer,transport,342|add:3556,exp,food,175|add:2990,exp,salary,445,e0,62|add:1044,exp,transfer,400,e1,50|rm:e0|add:2872,xfer,transport,277
add:2559,exp,transport,465|upd:e0,note,b
add:3849,xfer,food,412|upd:e0,refund,30|upd:e0,refund,47|add:4358,xfer,transport,274,e0,64|upd:e1,ts,4452
add:2916,xfer,food,132|add:2187,xfer,transfer,326|add:2761,inc,transport,175,e1,80|add:4186,inc,salary,327|upd:e1,ts,23|add:1894,xfer,food,239,e3,26|add:2734,exp,salary,245
add:926,inc,salary,336|add:1281,xfer,food,432|add:2735,inc,food,445|upd:e0,ts,2503|upd:e2,refund,33|add:4885,exp,transfer,90
add:4626,exp,salary,293|upd:e0,refund,45
add:4896,inc,salary,69
add:1564,xfer,salary,239|upd:e0,ts,6258|upd:e0,amt,185|add:1309,inc,food,224|rm:e1|add:3516,exp,salary,70|rm:e2
add:2143,exp,food,418|add:831,xfer,transport,484,e0,73|upd:e0,note,b|add:3927,exp,food,266
add:2707,exp,food,280
add:842,xfer,transfer,49
add:4622,inc,food,173|add:1680,inc,transfer,287
add:2382,exp,salary,441|rm:e0|add:3867,exp,transport,164,e0,42|add:2151,exp,food,375|undo:0
add:2918,xfer,transfer,500|rm:e0|add:4122,exp,transfer,34|add:883,exp,salary,474
add:3981,inc,transfer,399|upd:e0,refund,85|add:3233,xfer,food,330,e0,60|rm:e1|undo:0
add:3204,exp,transfer,172|add:1753,xfer,salary,404|add:3678,inc,salary,442|add:4586,exp,transfer,287,e0,24|rm:e1|rm:e2|upd:e3,refund,84
add:3959,xfer,transport,7|add:2175,xfer,transport,155|upd:e1,note,b|rm:e1|rm:e1
add:4396,exp,salary,233|add:671,xfer,transfer,194,e0,56
add:3338,xfer,salary,33|upd:e0,amt,19|add:4096,inc,food,414
add:1492,xfer,transport,445|add:85,exp,transport,455,e0,8|upd:e1,cat,food|add:3019,inc,transport,122|rm:e1
add:816,inc,transfer,323
add:4397,inc,food,256|upd:e0,cat,food|add:3219,exp,transport,290,e0,49
add:1138,exp,transport,61|add:2621,xfer,salary,120,e0,71|add:4911,xfer,salary,332|rm:e0|upd:e0,cat,misc|undo:0
add:4473,inc,transfer,429|add:257,xfer,transport,170|upd:e1,refund,56
add:3533,exp,salary,200|add:2980,inc,food,444|upd:e0,cat,food
add:2850,inc,transport,148|rm:e0
add:3749,exp,salary,243
add:1146,exp,salary,89|add:2900,exp,food,495|add:2230,exp,food,117
add:707,exp,transport,219
add:4567,inc,salary,349|add:4221,exp,food,11|upd:e0,note,a|add:1622,inc,salary,214|add:523,inc,transfer,199
add:2824,xfer,salary,339|upd:e0,cat,food|upd:e0,note,a|add:3431,xfer,food,216|rm:e0|upd:e0,cat,misc
add:1048,exp,transport,238|upd:e0,cat,food
add:287,exp,transport,490|add:4430,inc,transfer,130,e0,14
add:632,exp,transport,154|rm:e0|upd:e0,refund,60|rm:e0|add:448,exp,transfer,156,e0,32
add:3838,inc,food,70|add:2441,exp,salary,336|rm:e0|rm:e1|rm:e0
add:1722,exp,transfer,352|add:4251,xfer,salary,337
add:3187,xfer,transfer,388|rm:e0|undo:0
add:3252,exp,salary,76|rm:e0|undo:0|undo:0|undo:0|add:1736,exp,salary,295,e0,64
add:133,inc,food,117|add:881,xfer,transfer,293|upd:e1,amt,17|rm:e0|upd:e0,note,a|upd:e1,amt,291
add:3941,inc,transport,407|upd:e0,note,b|add:1045,exp,transfer,366|upd:e1,ts,247|rm:e1|upd:e1,refund,25
add:3637,xfer,salary,155|upd:e0,note,b|add:2155,xfer,food,402|add:4717,exp,transfer,95
add:3875,xfer,food,151|add:1946,inc,transport,439
add:3034,inc,salary,117
add:3677,inc,transfer,470|upd:e0,refund,6|add:3865,xfer,food,474|add:3911,xfer,transfer,398|rm:e1
add:867,xfer,food,47|upd:e0,ts,5155|rm:e0|add:2926,xfer,food,497
add:3352,exp,salary,269
add:2423,inc,transport,308|upd:e0,note,a|rm:e0|add:2328,xfer,transport,38|upd:e1,refund,49|undo:0|rm:e1
add:413,exp,transfer,323|upd:e0,amt,249|add:1588,xfer,transfer,172,e0,38|rm:e0
add:4453,xfer,salary,246|add:4756,inc,transport,120,e0,1|add:26,xfer,transfer,44|upd:e0,amt,278
add:2644,inc,food,316|add:4241,xfer,transport,448,e0,46|add:2523,xfer,food,233|rm:e2
add:1932,inc,transport,314|add:1849,xfer,food,493|add:3870,xfer,transfer,232|add:1575,inc,transport,112
add:2125,inc,transfer,12|add:2813,xfer,transfer,20|rm:e1|add:4187,xfer,salary,83
add:2042,inc,food,488|add:114,xfer,salary,182,e0,49
add:165,inc,transfer,348|rm:e0|add:4480,exp,food,388|rm:e0|undo:0|add:2507,exp,transport,135
add:3116,exp,salary,260
add:2510,xfer,transport,404|upd:e0,ts,6695|add:2143,xfer,salary,148,e0,53|add:942,xfer,transport,425|rm:e0|upd:e1,amt,32
add:4884,inc,transport,61|add:1499,xfer,transport,373|rm:e1|upd:e1,amt,293|add:3939,inc,food,349
add:4277,inc,transfer,29|upd:e0,amt,153
add:129,inc,food,210|add:160,inc,transfer,70,e0,80|add:4389,xfer,salary,153|upd:e2,cat,misc|add:2049,xfer,salary,400|add:173,inc,transport,493,e3,69|rm:e2
add:2175,exp,transport,492|upd:e0,cat,misc|upd:e0,ts,7065
add:2497,xfer,salary,344|add:3825,xfer,food,430|add:3426,inc,transport,136|add:4042,inc,food,284|rm:e2|undo:0
add:1866,xfer,transfer,373|add:1217,inc,transport,388|add:4293,inc,salary,383|add:2479,inc,food,275,e0,78|add:500,inc,salary,300|rm:e3|add:1839,inc,food,293
add:787,xfer,transfer,319|add:3873,exp,food,189,e0,20
add:4096,inc,food,495|rm:e0|undo:0|rm:e0
add:4446,inc,transfer,341|rm:e0|undo:0|rm:e0|undo:1
add:4066,inc,food,387|add:1357,exp,transport,116,e0,80
add:304,exp,transport,141|rm:e0|add:3840,xfer,transport,148|undo:0
add:2963,xfer,transfer,8|add:2767,exp,transport,7|upd:e0,refund,77
add:1624,xfer,food,257|add:2749,xfer,food,384,e0,26|upd:e0,amt,282|upd:e1,refund,18
add:413,inc,transport,14|rm:e0
add:3288,inc,food,144
add:1938,exp,transport,347|add:1325,inc,transfer,414
add:3846,xfer,salary,291|add:3798,exp,transfer,438|rm:e1|add:69,inc,transfer,145,e1,25
add:3137,xfer,salary,187|upd:e0,cat,misc|add:1698,exp,transfer,145|add:1717,exp,transport,294,e0,57
add:4785,exp,transfer,327|add:3648,inc,food,217|add:550,inc,salary,431|upd:e1,cat,food
add:270,xfer,salary,173|add:1660,exp,transport,469|rm:e0|rm:e1
add:217,xfer,food,46|upd:e0,refund,65|upd:e0,cat,misc
add:1394,inc,salary,438
add:3663,exp,transport,334|rm:e0|rm:e0|rm:e0
add:218,inc,salary,142
add:3161,inc,salary,329|add:410,exp,transport,288,e0,18
add:2679,inc,transfer,184|add:1473,exp,food,39|add:1263,exp,transfer,24|add:2141,exp,transfer,458
add:1752,inc,food,210|upd:e0,amt,62|add:3398,exp,salary,50
add:1898,xfer,transport,308|rm:e0|upd:e0,amt,291|rm:e0|add:3590,exp,transport,102,e0,19|rm:e0|add:4345,xfer,salary,212,e1,42
add:3251,exp,salary,276|add:4169,inc,transport,189,e0,30
add:2479,exp,food,160|add:3093,inc,transfer,21,e0,40|upd:e1,amt,96|add:4869,inc,transfer,461,e0,62|upd:e0,refund,32|add:2901,exp,salary,423,e2,63|upd:e3,note,a
add:1541,xfer,transfer,390|upd:e0,refund,13|upd:e0,refund,70
add:1822,exp,transfer,108|upd:e0,cat,food|rm:e0|add:2980,inc,salary,239,e0,23
add:766,exp,food,215|add:1290,inc,transport,480|add:829,exp,salary,87,e1,35|upd:e0,ts,7480
add:171,exp,transport,312|add:4035,exp,salary,204,e0,51|add:811,exp,transport,367,e0,46|add:2523,inc,transport,487,e1,33|add:1936,exp,salary,320,e1,43|add:4926,inc,food,188,e0,37|upd:e3,ts,4407
add:1993,exp,salary,238|rm:e0|undo:0
add:4360,exp,transport,114
add:1647,inc,transport,166|rm:e0|add:1399,xfer,transport,278,e0,44|upd:e0,ts,3754
add:2894,exp,food,171|rm:e0|upd:e0,amt,123|rm:e0|add:4698,inc,transfer,30
add:875,inc,salary,365|add:4746,exp,transfer,75,e0,7
add:3743,inc,transfer,140|upd:e0,refund,38|add:424,exp,food,134|rm:e1|undo:0
add:3673,inc,transfer,407|add:2527,exp,salary,171|rm:e0|rm:e0
add:4820,inc,transfer,102
add:3808,inc,transport,98|rm:e0|undo:0|add:3984,inc,salary,30,e0,51
add:4463,xfer,transfer,61|add:1327,inc,food,402,e0,45|add:4354,xfer,food,140,e0,61|rm:e1|add:1847,xfer,transfer,66|add:1228,xfer,food,457|undo:0
add:3162,inc,food,206|add:2522,xfer,transfer,86|add:1343,xfer,food,44,e1,42|add:1843,inc,salary,146|rm:e3|add:4477,inc,transport,364,e3,34|rm:e1
add:1839,inc,transfer,110|add:3462,exp,transport,492|add:1754,xfer,food,85|add:124,exp,transfer,309
add:667,inc,food,201|rm:e0|rm:e0
add:2792,exp,transport,109|add:3690,xfer,salary,264,e0,24
add:892,exp,transport,183|rm:e0
add:4889,xfer,salary,193|upd:e0,note,b|add:3405,xfer,food,481,e0,24
add:4217,exp,food,483|add:4154,xfer,salary,159,e0,62|add:864,xfer,salary,252,e1,34
add:2622,xfer,food,314|upd:e0,refund,56|add:2569,inc,salary,56,e0,22|add:653,exp,salary,360,e1,18|add:2452,inc,salary,110,e0,58
add:4004,inc,salary,100|rm:e0|rm:e0|upd:e0,amt,219
add:4850,xfer,transfer,489|add:1062,xfer,transfer,26|rm:e1|rm:e0|upd:e1,amt,264
add:2696,xfer,transport,170|add:1608,exp,food,36|upd:e1,cat,food|upd:e0,ts,5516
add:536,inc,transport,223|add:2475,exp,transport,224|add:3213,xfer,transport,337,e0,33|upd:e2,cat,misc
add:1919,inc,food,465|upd:e0,ts,7399
add:594,inc,food,286|upd:e0,cat,misc|rm:e0|upd:e0,ts,3818|add:3601,inc,food,115,e0,40|undo:0
add:4162,inc,salary,201|rm:e0|add:3477,xfer,transport,497
add:4617,inc,transport,370|upd:e0,cat,misc|add:504,exp,transfer,379|add:1373,inc,food,275|rm:e1|add:2098,xfer,salary,420,e0,76|add:754,exp,food,493,e0,46
add:304,exp,salary,287|add:1484,exp,transfer,254|add:4079,xfer,salary,141|rm:e1|upd:e1,ts,6787|add:4354,exp,food,382
add:953,inc,transport,311|upd:e0,note,a|upd:e0,amt,215
add:4202,xfer,salary,206|add:2903,xfer,food,86,e0,0
add:3919,exp,transfer,235|rm:e0|add:2263,exp,salary,220|add:1304,inc,food,336|upd:e2,cat,misc|rm:e0
add:2024,exp,transport,76|upd:e0,refund,20|add:4564,xfer,salary,7,e0,64|add:1274,xfer,food,264|rm:e2
add:579,exp,transfer,259|upd:e0,ts,5289
add:2254,xfer,salary,407|rm:e0|rm:e0|rm:e0
add:2589,xfer,transport,150|upd:e0,refund,28|upd:e0,refund,8|add:2288,inc,salary,205,e0,61|rm:e0|undo:0|add:4421,xfer,food,332
add:2278,inc,transport,333
add:542,exp,transfer,187|add:1677,xfer,transfer,482,e0,53
add:1937,inc,salary,306|add:4950,exp,salary,356|add:2964,xfer,food,441,e0,66
add:189,xfer,food,195|add:4320,xfer,salary,75,e0,13|rm:e1|add:254,inc,food,257|rm:e1|rm:e2|undo:1
add:1263,inc,transport,27|add:3711,exp,salary,311|rm:e1|rm:e0|add:2806,xfer,food,116,e0,4|rm:e2
add:3672,xfer,food,30|rm:e0|add:4571,inc,salary,296,e0,35|upd:e1,refund,94|rm:e1|add:509,inc,transfer,229|upd:e1,note,b
add:4880,inc,transport,55|add:1196,exp,salary,60,e0,72|rm:e1|add:219,exp,transport,124
add:3426,exp,transfer,282|add:2111,inc,salary,400,e0,79|add:2784,xfer,transport,264
add:67,inc,transfer,421|upd:e0,refund,45|upd:e0,refund,0|add:1368,xfer,salary,435|upd:e1,amt,1|add:1436,inc,transport,276,e1,73
add:3948,exp,transport,417|rm:e0|rm:e0|add:2904,exp,transfer,376,e0,36|add:4478,exp,transfer,340
add:1449,xfer,transfer,174
add:3858,xfer,transport,88|rm:e0|upd:e0,note,b|add:4527,xfer,food,203,e0,22
add:4842,xfer,transport,284|upd:e0,ts,1008|rm:e0|add:4610,exp,food,224
add:902,xfer,food,253|add:228,exp,transport,117|rm:e1|add:3244,exp,transfer,433|undo:0
add:1469,exp,transfer,343|add:467,exp,food,6|add:848,exp,salary,60
add:4628,exp,food,359|add:2342,inc,salary,149|rm:e1|add:2182,xfer,food,148|add:3989,xfer,transfer,395,e0,1|add:3006,xfer,food,476
add:1617,exp,transport,56|upd:e0,cat,misc
add:1166,xfer,food,7|upd:e0,cat,food|add:3871,xfer,salary,441,e0,79|add:688,exp,salary,32,e0,12|rm:e1|upd:e0,refund,28
add:1202,inc,food,250|add:3025,inc,transport,78|add:3000,xfer,food,340,e1,44|rm:e2|upd:e0,cat,food|add:2108,xfer,transfer,243|add:423,inc,transport,54
add:3270,exp,food,126|add:3523,xfer,food,131|upd:e1,refund,62
add:314,xfer,transfer,196|rm:e0|undo:0
add:3696,xfer,transport,137|rm:e0|rm:e0|upd:e0,cat,misc|undo:1
add:398,exp,transfer,178
add:512,inc,transport,283|add:1165,inc,transfer,57
add:3556,inc,salary,233|add:4660,xfer,food,401|add:1164,exp,transfer,391
add:349,xfer,transport,108
add:3729,xfer,salary,392|add:2927,inc,salary,74|rm:e0|add:1793,inc,food,204|upd:e2,refund,59|rm:e0|undo:1
add:2521,inc,transport,256|upd:e0,cat,food|rm:e0|add:157,exp,transfer,133|add:2974,inc,transfer,123|add:29,inc,food,359
add:4490,xfer,transport,160|add:2511,inc,salary,445|add:1707,inc,transfer,233,e0,46|rm:e0
add:917,xfer,transfer,77|upd:e0,note,b
add:3819,xfer,salary,413|rm:e0|upd:e0,cat,misc|add:1186,inc,transport,351|add:653,inc,transport,257,e1,17|add:2789,inc,transfer,73
add:3454,exp,transfer,27|add:2269,xfer,transfer,283,e0,57
add:1633,inc,salary,496|rm:e0|add:958,inc,transfer,262,e0,18
add:748,exp,food,152|rm:e0|undo:0
add:1042,inc,transfer,319|add:4964,xfer,salary,288,e0,58|add:3992,inc,transport,291|add:2033,exp,transfer,292|add:1517,xfer,food,255,e3,69|upd:e0,amt,97
add:3892,exp,food,387|upd:e0,ts,6431|add:1545,inc,transport,189|rm:e1|upd:e0,cat,misc|undo:0
add:122,exp,transfer,500|upd:e0,ts,1074|upd:e0,note,b|upd:e0,cat,misc|add:2364,exp,transfer,496
add:4766,inc,transfer,392|upd:e0,cat,food
add:3082,inc,food,472|add:4770,xfer,food,201|upd:e1,note,a
add:336,exp,transfer,352|rm:e0|upd:e0,cat,misc
add:374,inc,food,7|upd:e0,ts,3889|add:1058,xfer,transfer,123|upd:e1,note,a|rm:e1|undo:0|rm:e1
add:2937,exp,food,225|rm:e0|add:1077,xfer,transfer,499,e0,68
add:2203,xfer,transfer,199|add:1702,inc,transport,111|add:233,exp,salary,35|add:4807,inc,transport,426,e1,43
add:183,inc,transport,238|rm:e0|rm:e0|upd:e0,ts,958|rm:e0|rm:e0
add:3206,inc,salary,91|upd:e0,refund,76
add:874,inc,salary,367|add:4504,exp,food,244
add:1667,exp,salary,153|add:1949,xfer,food,429|add:214,exp,food,471|add:2035,exp,transfer,352,e1,12
add:2,inc,transport,124|rm:e0|add:515,xfer,transport,454|add:2952,inc,food,140,e1,70|add:2076,inc,food,362|rm:e3
add:3249,xfer,salary,139|upd:e0,amt,182|add:3360,inc,transport,406,e0,75|rm:e0|undo:0|rm:e1|add:1913,xfer,salary,338,e1,21
add:1865,inc,transport,194|upd:e0,refund,39|rm:e0
add:4401,exp,transport,174|add:1590,xfer,food,333,e0,63|add:3554,exp,food,428,e0,68
add:3396,inc,transport,470|rm:e0|add:2018,inc,transfer,110|undo:0|add:1519,xfer,food,141
add:1284,exp,salary,244|upd:e0,amt,24|add:3835,xfer,transfer,355|add:1023,inc,transport,176|rm:e2|undo:0|add:4434,inc,food,119,e1,56
add:1828,exp,food,77|add:384,exp,salary,172
add:4247,xfer,food,206|add:3120,xfer,transfer,226|upd:e1,note,a
add:3665,inc,food,210|add:2492,inc,food,99|add:1658,inc,transport,88,e0,63|upd:e2,cat,food|upd:e2,amt,94|upd:e0,refund,32|add:3686,inc,salary,457
add:2859,exp,food,376|upd:e0,cat,food
add:1932,xfer,transfer,254|add:2091,inc,transfer,123|upd:e1,cat,food
add:2825,xfer,salary,45|add:2966,xfer,salary,143|rm:e1|undo:0|undo:0
add:4357,xfer,salary,157|add:1421,inc,salary,32|add:2839,exp,transport,171|add:1193,inc,transfer,364
add:2390,inc,transport,275|add:4569,xfer,food,243,e0,61
add:2117,xfer,food,0|rm:e0|add:2813,xfer,food,133|add:4296,xfer,food,331|add:4802,inc,food,362
add:4074,inc,transfer,285|add:4053,exp,salary,473|add:1265,xfer,salary,419|rm:e0
add:2547,exp,transport,488|add:3436,xfer,salary,357|add:859,exp,transport,205,e1,61|add:1736,inc,transport,368,e2,77|upd:e1,refund,32|upd:e3,cat,misc
add:2189,xfer,transfer,187|add:1117,exp,food,182|rm:e0|add:3927,exp,salary,85,e0,1
add:431,inc,transport,134|add:4688,inc,food,257|rm:e0
add:943,inc,transport,179|add:617,exp,transport,208|add:2299,exp,food,338|add:3536,exp,salary,456,e2,39|add:4344,inc,transport,383|add:3425,inc,transport,325
add:4740,exp,salary,158|add:1803,xfer,transfer,84
add:2299,exp,food,313|upd:e0,cat,misc|upd:e0,cat,food|add:3599,exp,food,394,e0,26|rm:e1|upd:e0,ts,143
add:3403,exp,transport,245|add:1229,xfer,salary,21|upd:e0,cat,misc|upd:e1,refund,70|rm:e0|undo:0|rm:e1
add:3680,inc,transfer,136|rm:e0|upd:e0,cat,misc|add:1993,exp,transfer,315
add:461,exp,transport,428|add:503,inc,salary,489|upd:e1,cat,misc|rm:e1|rm:e0
add:4772,inc,transfer,482|upd:e0,refund,12
add:4830,inc,transport,391|rm:e0
add:1041,xfer,salary,99|rm:e0|upd:e0,note,a
add:2422,exp,transfer,420|add:1160,inc,salary,206,e0,77|upd:e1,refund,6|add:4709,inc,transport,417|add:442,inc,transfer,466,e0,10|upd:e1,note,b
add:84,inc,transport,317|rm:e0|add:3127,xfer,food,412|add:3630,xfer,food,173|upd:e0,refund,75|add:1208,exp,transport,49,e2,37
add:1871,exp,transport,32
add:3232,exp,transport,463|upd:e0,cat,misc|upd:e0,refund,61
add:4045,inc,food,466
add:3374,inc,food,434|add:776,exp,transport,174|upd:e1,amt,193
add:134,exp,food,402|add:1170,exp,transfer,481|add:456,xfer,transport,165
add:2089,exp,salary,244|upd:e0,ts,8513|upd:e0,ts,7715|rm:e0|upd:e0,amt,252
add:147,xfer,salary,342
add:4951,inc,transfer,283
add:2010,xfer,salary,297|upd:e0,cat,misc|add:4391,exp,food,437|upd:e1,note,a|rm:e0
add:4603,xfer,salary,401|add:4259,exp,transfer,297|add:3075,inc,transfer,411
add:908,exp,food,88|add:2249,inc,food,285|add:4740,inc,salary,74
add:2153,exp,transport,257
add:1031,xfer,food,272|add:2741,xfer,transport,367|add:3514,exp,food,87,e0,57|rm:e2|undo:0
add:1529,xfer,food,386|upd:e0,note,a|upd:e0,note,b|rm:e0|rm:e0|upd:e0,refund,71
add:1918,xfer,transport,290|add:988,xfer,food,213,e0,36|add:2362,exp,transport,278
add:2072,inc,transport,256|add:3873,exp,transport,134,e0,17|add:3501,exp,transport,339
add:1232,exp,food,407|rm:e0|rm:e0|upd:e0,refund,87|rm:e0
add:3899,exp,food,353|add:2238,exp,salary,324|add:775,inc,transport,73|add:3922,xfer,salary,393|rm:e1|undo:0
add:1694,exp,transfer,311|add:2249,inc,salary,194
add:2616,xfer,transport,466|upd:e0,refund,19
add:2783,xfer,transfer,420|upd:e0,refund,20|upd:e0,refund,20|upd:e0,refund,58|add:1490,exp,transfer,24,e0,57
add:4052,inc,food,24|rm:e0|undo:0|add:337,inc,food,213
add:1726,exp,salary,176|rm:e0|add:2879,exp,salary,43
add:26,xfer,food,166|upd:e0,note,b|rm:e0|upd:e0,refund,19|upd:e0,refund,11|upd:e0,note,a|add:430,xfer,food,62,e0,7
add:4106,exp,salary,197|add:1252,xfer,salary,372,e0,30|add:2842,xfer,transfer,183|add:4428,xfer,transport,68
add:2024,inc,food,195|add:4670,inc,transfer,135|rm:e1|add:3305,exp,food,275
add:3144,exp,food,168|add:1806,xfer,transport,305
add:4109,xfer,transport,359|upd:e0,ts,8172|rm:e0
add:479,inc,food,436|rm:e0
add:1890,inc,salary,479|rm:e0|rm:e0|add:4638,inc,transfer,477|add:3058,xfer,transport,211
add:1696,inc,food,42|rm:e0|rm:e0|rm:e0|undo:2|rm:e0
add:513,inc,transport,50|add:2191,exp,salary,350,e0,71|upd:e0,note,b|rm:e0|add:2807,exp,food,343|add:1201,xfer,food,498,e1,65
add:3413,xfer,transfer,432|add:542,exp,transport,135,e0,19
add:3863,xfer,transport,241|rm:e0|rm:e0
add:3498,exp,transfer,233|upd:e0,refund,7|rm:e0|add:515,inc,transport,183|add:1943,exp,salary,57,e0,11|undo:0
add:3265,xfer,transport,421|add:4106,exp,food,177|rm:e0|rm:e1|add:3777,inc,food,39|upd:e0,cat,food
add:3154,exp,transfer,116|add:3271,exp,transport,81|upd:e0,note,b
add:2773,xfer,transfer,423|add:3697,exp,transport,48,e0,24|rm:e1|upd:e0,note,a
add:2389,xfer,salary,82|upd:e0,refund,76|upd:e0,amt,294|add:1853,inc,transfer,465|upd:e0,note,b|add:2759,xfer,transfer,149|rm:e1
add:1219,exp,salary,199|add:3846,xfer,transfer,190|add:1851,inc,transport,474
add:4675,xfer,transport,55|upd:e0,refund,9|add:1485,inc,transport,343,e0,57|rm:e0|add:3096,xfer,salary,374|add:2228,xfer,transport,289
add:1779,xfer,food,263|upd:e0,ts,210
add:222,inc,transfer,429|upd:e0,cat,misc|upd:e0,ts,3901|upd:e0,cat,misc|rm:e0|rm:e0
add:3038,inc,transport,198|rm:e0|rm:e0|upd:e0,cat,food|add:1102,exp,transport,433
add:182,inc,salary,331|add:926,exp,salary,388|add:4557,inc,transport,172|add:2332,exp,transport,20|add:2002,inc,food,58|add:3350,xfer,salary,339,e1,16
add:351,inc,transport,247|add:56,exp,transport,203|add:1804,inc,salary,151|upd:e2,amt,271
add:3680,exp,transfer,261|rm:e0
add:3778,exp,salary,489|add:1831,xfer,food,60,e0,57|add:2533,inc,food,439,e0,68|upd:e0,cat,food|rm:e0|add:1326,inc,transport,150,e2,63
add:4170,exp,transfer,469|add:204,exp,salary,401|add:58,xfer,transport,475|add:2155,exp,food,122
add:4277,exp,food,486|rm:e0|undo:0
add:2307,xfer,transport,301|upd:e0,note,b|upd:e0,note,b|add:3934,inc,transport,177|add:1382,inc,food,119,e1,51
add:2942,xfer,transport,210|rm:e0|add:2577,exp,food,216|rm:e0|rm:e0|add:2788,xfer,salary,380
add:4892,inc,transport,71|rm:e0|add:2532,exp,transport,367|add:3512,inc,transfer,59|add:1781,exp,transfer,459|undo:0|undo:0
add:1350,exp,salary,312|add:3012,exp,food,386|upd:e1,ts,1499|rm:e0|add:4171,exp,transport,453,e0,64|add:2419,xfer,salary,487,e1,48|add:764,exp,transfer,202
add:562,xfer,transport,348|upd:e0,refund,89|add:4965,inc,salary,252|add:2168,inc,food,346|rm:e0|add:2935,exp,salary,49,e1,70
add:2854,xfer,salary,153|rm:e0
add:2289,inc,transfer,146|add:1395,xfer,transfer,192,e0,5|upd:e1,refund,54|add:3809,inc,salary,122|add:3712,inc,transfer,177
add:2549,exp,food,69|rm:e0|rm:e0|undo:1|add:693,xfer,transfer,114,e0,37|add:289,inc,transfer,317
add:149,xfer,salary,265|add:574,exp,salary,66|add:694,inc,transport,290|upd:e1,amt,216|add:4400,inc,salary,190|rm:e0|upd:e1,refund,27
add:3333,xfer,salary,399|add:3200,exp,transport,114,e0,7
add:4635,xfer,food,394|upd:e0,cat,food|add:619,xfer,transfer,414,e0,21|add:834,exp,food,458,e0,2|add:1493,exp,transfer,289,e0,55|upd:e2,cat,food|rm:e2
add:3296,exp,salary,164|add:4130,exp,salary,313,e0,34|upd:e1,refund,67|rm:e0
add:1176,inc,transport,180
add:3895,inc,transport,124|rm:e0|rm:e0|upd:e0,note,b|add:444,inc,transport,469,e0,64|rm:e0
add:1044,xfer,transport,341|add:3201,xfer,transfer,139,e0,36|add:2022,inc,transport,377,e1,67|add:1081,inc,salary,239|rm:e2|rm:e2
add:3952,exp,transfer,450|rm:e0|add:779,xfer,transfer,421|undo:0|upd:e1,note,b
add:4941,exp,transfer,418|rm:e0
add:3545,exp,salary,106|upd:e0,cat,misc|rm:e0|undo:0|add:4136,xfer,transfer,425,e0,33
add:712,xfer,transport,144|add:191,exp,salary,4,e0,74
add:205,xfer,salary,261|add:3092,xfer,transport,109,e0,37|rm:e0|add:2799,inc,food,160
add:2977,inc,transfer,215|rm:e0|undo:0
add:1338,xfer,transfer,201|upd:e0,amt,267|add:898,xfer,transfer,290|rm:e1|undo:0
add:621,inc,transfer,424|upd:e0,ts,6122|add:429,inc,transfer,479,e0,2|rm:e1|add:4753,exp,food,379,e0,26|upd:e0,cat,misc|add:3464,inc,food,98
add:3577,xfer,transport,69|add:867,inc,transfer,247|add:2098,inc,transport,1,e1,75|rm:e0|upd:e0,refund,25|add:4865,xfer,salary,370|rm:e0
add:2479,inc,food,335|add:3081,inc,salary,163,e0,66|rm:e1
add:737,xfer,food,55|upd:e0,refund,50
add:1530,xfer,transfer,335
add:1729,exp,salary,495
add:4461,exp,transport,477|upd:e0,refund,68|add:2403,inc,transport,188,e0,48|rm:e1
add:2342,inc,transport,262|upd:e0,amt,158
add:4532,exp,transport,5|rm:e0|undo:0
add:4480,xfer,transport,53|rm:e0|add:4345,exp,transport,242|rm:e0|rm:e1|add:590,exp,transfer,211|rm:e2
add:1809,exp,transfer,342|rm:e0
add:564,inc,salary,106|add:4690,inc,salary,77,e0,17
add:2317,xfer,salary,317|rm:e0
add:1174,exp,transport,33|upd:e0,cat,food|add:949,exp,transfer,500|rm:e0|upd:e0,amt,97
add:3907,xfer,transfer,312|add:862,xfer,food,187,e0,0|add:2049,exp,transport,467|upd:e2,cat,misc|add:1673,inc,transport,137
add:3280,xfer,salary,235|add:897,inc,food,300|upd:e0,note,a|add:2140,xfer,transfer,361|add:1074,xfer,transport,109|add:1267,inc,salary,413|add:1691,xfer,transfer,241,e2,21
add:542,inc,salary,62|upd:e0,note,b
add:2569,xfer,salary,62|add:2939,xfer,food,415|add:3162,exp,transport,143|add:4164,xfer,transport,440|add:1354,exp,food,126
add:3489,xfer,transport,496
add:3964,exp,transport,277|add:1640,inc,food,387|rm:e0|upd:e0,cat,food|upd:e1,refund,49|add:1682,xfer,salary,233
add:3839,xfer,food,338|rm:e0|add:1463,inc,salary,184,e0,35
add:4599,xfer,food,188|rm:e0|undo:0|add:1393,xfer,transfer,5|add:3470,inc,transport,36
add:2453,exp,salary,295|add:3510,inc,transfer,33,e0,74|upd:e0,cat,misc
add:4287,exp,food,464|add:4880,inc,transfer,24|add:950,exp,transport,111|rm:e2
add:4161,exp,salary,487|add:244,xfer,salary,198|add:374,xfer,transport,430|add:861,xfer,salary,178|upd:e3,amt,253|upd:e0,amt,282
add:1559,xfer,transfer,101|add:3265,inc,salary,463|add:4224,inc,salary,256|add:838,inc,food,338
add:4042,exp,transfer,370
add:574,exp,transfer,38|add:486,inc,food,467|upd:e1,cat,food|add:593,exp,transport,191|add:4402,exp,food,34|add:42,inc,transfer,290|add:2395,exp,salary,41,e4,55
add:4727,inc,transport,351|upd:e0,ts,6167
add:3175,xfer,transport,264
add:1163,exp,salary,157|upd:e0,refund,90|rm:e0|upd:e0,cat,food|undo:0|add:752,inc,salary,467|upd:e1,cat,misc
add:978,exp,transport,382|rm:e0|undo:0|undo:0
add:3106,inc,salary,158|upd:e0,amt,77
add:3405,exp,transfer,319|upd:e0,ts,3577|add:3939,inc,transport,234|add:1045,xfer,food,174|add:3786,exp,salary,410,e2,27|rm:e1
add:4111,xfer,salary,63|add:3474,xfer,food,458|rm:e0|upd:e1,amt,233|upd:e1,note,b
add:3031,inc,transfer,247|upd:e0,note,b|add:2485,xfer,salary,361,e0,46|add:1203,exp,salary,311|rm:e2|add:3241,xfer,salary,298|rm:e1
add:857,exp,transport,332|upd:e0,note,b|upd:e0,amt,240|add:3306,inc,transfer,313,e0,77|rm:e1|add:842,xfer,food,208,e0,71|upd:e2,note,b
add:3870,exp,transport,391|upd:e0,note,b|add:4026,inc,food,279
add:1756,xfer,transport,367|add:4347,inc,transfer,340|add:2355,inc,transfer,110,e0,75|add:979,xfer,salary,265,e2,12|upd:e2,note,a|add:2382,inc,transfer,20
add:2646,xfer,transfer,224|rm:e0|undo:0|add:2034,xfer,transport,361|rm:e0
add:1305,exp,transport,180|upd:e0,cat,misc|add:3454,exp,food,373
add:596,exp,salary,364|upd:e0,note,a|add:4754,xfer,salary,161
add:3013,inc,food,233|upd:e0,note,b|rm:e0
add:3505,exp,salary,435|rm:e0
add:4836,exp,transport,111|upd:e0,amt,180|add:1383,inc,transport,286|upd:e1,ts,2003|upd:e0,amt,179|upd:e1,amt,144
add:4089,inc,transport,486|upd:e0,ts,2476|add:1303,inc,transfer,451|add:2862,inc,transfer,333
add:1127,exp,salary,122|add:2530,xfer,food,369
add:3720,exp,transport,319|rm:e0|upd:e0,ts,3140|add:2694,exp,salary,245,e0,6
add:2876,inc,transport,432|rm:e0|upd:e0,ts,3848|add:1437,inc,salary,316
add:1627,exp,salary,243|rm:e0|add:2135,inc,salary,325|rm:e1|add:235,exp,transport,96|add:2353,inc,transfer,432|upd:e1,cat,misc
add:3163,exp,food,332|add:4130,inc,salary,224|rm:e1|add:3491,inc,food,319|add:2648,xfer,transfer,7,e1,36|upd:e1,note,a
add:3721,xfer,transport,355
add:2306,xfer,transfer,92|upd:e0,ts,8722
add:1708,xfer,transfer,194|upd:e0,note,b|rm:e0|upd:e0,amt,288|upd:e0,amt,11
add:336,inc,food,249|add:975,inc,transfer,336,e0,65
add:2102,inc,food,212|upd:e0,ts,835|add:2707,inc,transport,478|upd:e0,cat,food
add:2997,exp,transfer,72|rm:e0|undo:0
add:21,xfer,transfer,462|upd:e0,cat,food|rm:e0|upd:e0,ts,7071|undo:0|upd:e0,amt,200
add:3484,inc,transport,494|add:1490,inc,food,208|add:2002,exp,transfer,178,e1,62|add:1838,xfer,food,146,e0,80|add:808,exp,food,311|upd:e0,refund,3|rm:e3
add:4833,inc,transport,45
add:2797,xfer,transport,331
add:1653,inc,transfer,52|add:3012,inc,salary,45|upd:e0,note,a|add:4561,inc,food,125,e0,11|add:3796,xfer,transfer,355|add:762,xfer,transfer,117|add:3694,xfer,food,171
add:1087,inc,transport,415|add:471,xfer,transport,446|rm:e1
add:310,exp,transfer,408|add:3241,xfer,transport,484,e0,59|add:23,xfer,food,479
add:4538,inc,transport,160|upd:e0,refund,4|rm:e0|upd:e0,ts,3116|upd:e0,refund,19|undo:0|upd:e0,refund,64
add:2663,exp,food,65|rm:e0|upd:e0,amt,32|rm:e0|add:1707,exp,transfer,352|undo:1|upd:e1,cat,food
add:1791,xfer,food,480|upd:e0,amt,257
add:3985,inc,transfer,145|upd:e0,amt,41|add:4469,xfer,transfer,253,e0,22|add:4771,inc,food,86|add:1999,inc,transfer,46,e0,15|rm:e2
add:1964,xfer,salary,423
add:2005,inc,food,221|upd:e0,cat,food|rm:e0|add:2888,exp,transfer,355,e0,35|upd:e1,amt,173|add:3915,inc,salary,370,e1,11
add:1537,exp,transfer,127|add:2232,inc,transport,468|rm:e1
add:3158,exp,transport,145|rm:e0|rm:e0
add:1665,inc,transport,260|add:3716,inc,food,134|add:549,xfer,transport,186,e1,73|rm:e2
add:2483,inc,salary,211|add:1666,inc,salary,151|add:287,exp,food,71|add:4277,xfer,food,245|add:168,inc,salary,427,e1,61|rm:e2
add:1532,xfer,transfer,209|rm:e0|upd:e0,amt,26|undo:0|upd:e0,amt,286|undo:0|upd:e0,note,b
add:4514,inc,transfer,371|upd:e0,cat,food
add:4557,exp,transfer,367|add:3145,xfer,salary,31|rm:e1
add:2686,inc,food,278|rm:e0
add:3629,exp,food,168|upd:e0,amt,171|upd:e0,refund,99|upd:e0,refund,59
add:3938,xfer,transfer,354
add:3229,inc,transfer,281|add:1699,inc,salary,250
add:193,exp,food,169|upd:e0,refund,85|add:3544,xfer,food,420,e0,7|add:1309,inc,transport,487,e1,12|add:1844,xfer,salary,353,e0,77|upd:e0,cat,misc
add:987,inc,salary,69|add:3481,exp,transfer,168|add:1152,inc,transfer,195|add:435,exp,food,266
add:4367,xfer,food,279|upd:e0,amt,120|add:71,exp,food,164|add:2843,xfer,transfer,43|upd:e2,ts,2248|upd:e0,note,b|add:3835,inc,salary,461,e1,59
add:2405,inc,food,161|rm:e0|upd:e0,ts,6235|add:1198,xfer,transport,371|upd:e1,amt,160|add:3831,xfer,salary,496,e0,27
add:184,inc,transport,153
add:2725,exp,transport,269|add:4820,exp,salary,488|upd:e1,refund,12|upd:e1,ts,4079|rm:e1
add:3204,xfer,salary,448|rm:e0
add:584,exp,transport,98
add:4756,inc,transport,384|add:2567,exp,salary,38,e0,30|rm:e1
add:1644,exp,transfer,406|upd:e0,ts,8877|upd:e0,cat,misc|add:360,xfer,food,199,e0,56|add:3493,xfer,transport,165|add:2586,inc,salary,328,e2,68
add:4000,exp,food,208|upd:e0,refund,54
add:63,inc,salary,13|upd:e0,ts,8875
add:4400,inc,transfer,402|rm:e0|rm:e0
add:648,exp,transport,79
add:2550,exp,transfer,308|rm:e0|add:4120,xfer,salary,95|rm:e0|upd:e1,amt,246|rm:e0|add:3644,inc,food,485
add:1712,exp,transfer,225|rm:e0|upd:e0,refund,47
add:3866,inc,salary,453|rm:e0|rm:e0|add:4487,inc,salary,419|undo:1|undo:1
add:3487,xfer,salary,156|add:4135,inc,transport,136|add:2786,inc,transport,390,e0,66|rm:e1|add:264,xfer,salary,257|add:2174,xfer,transfer,290
add:706,xfer,food,435|add:1465,exp,transfer,424|upd:e1,note,b
add:1689,inc,transfer,323|upd:e0,note,a|add:2643,inc,food,280,e0,4|add:2546,exp,salary,380|rm:e1|add:2666,xfer,transport,396|add:2386,exp,food,218,e2,42
add:617,inc,salary,199|rm:e0|rm:e0|upd:e0,refund,76|rm:e0|add:1513,exp,transfer,318,e0,44|add:153,inc,food,386,e0,10
add:4980,xfer,transport,446|add:2124,inc,food,364
add:793,exp,transfer,298|add:3965,exp,transfer,55|upd:e0,refund,99|add:1824,exp,transfer,385,e1,56|add:4043,inc,transport,215,e2,51|add:1067,inc,transport,186|upd:e0,note,b
add:2768,exp,transport,140|upd:e0,refund,33|add:3445,inc,salary,85
add:4508,inc,transport,124|rm:e0
add:504,inc,salary,203|add:827,xfer,transport,311,e0,9|add:2049,inc,salary,194|add:842,xfer,salary,387|upd:e2,ts,2055|upd:e0,amt,57|add:1922,xfer,transport,415
add:4948,xfer,salary,2|add:3562,exp,transport,68,e0,24|add:2268,inc,food,393|upd:e1,refund,60|add:1099,exp,food,233
add:4518,exp,salary,353|add:2513,xfer,food,482|add:3701,exp,transfer,17,e1,65|add:86,inc,food,184,e2,55|add:2641,inc,transport,174,e3,65
add:140,xfer,food,418
add:667,inc,transfer,337|upd:e0,cat,food|rm:e0|add:4714,xfer,food,110,e0,61
add:4792,xfer,transport,481|rm:e0|upd:e0,ts,6220
add:69,inc,transfer,285|rm:e0|add:3721,inc,food,432|undo:0
add:4681,xfer,food,338|upd:e0,refund,86|upd:e0,ts,2694|add:4590,exp,transfer,135,e0,17|add:756,xfer,transport,474|rm:e1|undo:0
add:815,xfer,salary,225|add:65,inc,transfer,110|rm:e0|undo:0
add:118,inc,salary,285|rm:e0
add:1644,exp,transport,438|upd:e0,amt,83|rm:e0
add:4470,inc,transfer,257|rm:e0|add:3781,xfer,transport,411,e0,12
add:1073,inc,salary,424|upd:e0,cat,misc|rm:e0|add:978,inc,transfer,52,e0,33
add:1557,exp,transfer,149|rm:e0
add:763,xfer,salary,317|rm:e0|upd:e0,amt,254|rm:e0
add:4855,exp,salary,280|upd:e0,refund,75|add:4697,exp,transfer,301|rm:e0|rm:e1|rm:e0
add:4865,exp,transport,15|add:4454,xfer,food,184|rm:e0|undo:0|upd:e0,note,a|upd:e0,cat,misc
add:2244,inc,food,150|rm:e0
add:1860,exp,salary,109|add:598,xfer,food,349,e0,60|rm:e0
add:3647,exp,transfer,463|add:1025,xfer,salary,464,e0,60
add:885,xfer,transport,449|upd:e0,cat,misc|add:4309,exp,food,264,e0,76|add:4537,xfer,transport,447|rm:e0
add:4623,xfer,salary,156|add:1523,inc,food,50,e0,52|rm:e1|upd:e0,ts,2595|add:665,exp,transfer,188,e1,27|upd:e1,amt,140|upd:e2,refund,56
add:1685,inc,salary,97|upd:e0,amt,217|add:2011,inc,transport,281|add:2558,exp,food,215|add:1913,xfer,transfer,324
add:3434,xfer,transport,228|add:2987,inc,transport,14|add:1229,inc,transfer,352,e1,72|rm:e1|add:4128,xfer,transfer,194,e2,40
add:970,exp,food,318|add:3379,inc,transfer,225,e0,30|add:600,inc,transport,243
add:3744,xfer,salary,301|rm:e0|add:646,inc,food,149,e0,4|add:3049,inc,transfer,437|rm:e0
add:3991,xfer,food,117
add:3131,inc,salary,301|upd:e0,amt,64|add:4834,inc,food,40|upd:e0,ts,4678
add:4580,exp,transport,136|add:2004,inc,food,496|upd:e1,note,b
add:957,xfer,transport,62
add:694,inc,salary,193
add:4686,inc,food,386
add:4221,xfer,transport,391|rm:e0
add:1483,exp,food,149|add:3516,xfer,transport,143|add:2156,exp,salary,409,e1,64|add:3381,xfer,salary,274|rm:e0
add:2759,inc,transport,373|rm:e0|add:2186,xfer,salary,190|add:4166,inc,transfer,45|undo:0
add:1965,exp,food,497|add:2353,xfer,salary,75|add:1082,inc,transfer,299,e0,30|add:3397,xfer,transport,54|upd:e3,ts,4174|add:1438,exp,transport,371
add:2089,exp,transport,461
add:4452,inc,salary,432|rm:e0
add:2178,xfer,salary,169|rm:e0|add:2612,xfer,transport,418|add:1264,xfer,salary,2|add:2063,inc,transfer,108,e1,34|undo:0
add:4987,exp,transfer,335|add:4131,xfer,salary,447|add:3505,exp,salary,186|upd:e0,note,b|add:1463,inc,salary,204,e0,5|rm:e2
add:4629,inc,transfer,162|add:1189,xfer,transport,232|upd:e0,refund,15|add:3761,inc,transfer,280|rm:e1
add:1146,xfer,transfer,100|add:53,inc,transport,121|add:1905,inc,transport,255,e0,0|add:1291,xfer,salary,367,e2,77|add:898,inc,transport,352,e0,74
add:2874,exp,transport,43|upd:e0,cat,misc|rm:e0|undo:0
add:4634,inc,food,193|upd:e0,refund,40|upd:e0,ts,6984|rm:e0|add:4023,inc,salary,386
add:3550,inc,transfer,173|add:1819,inc,transport,414,e0,32|add:2205,exp,transport,449|add:1946,xfer,transport,443,e2,78|rm:e3|undo:0|rm:e2
add:165,inc,transport,76|rm:e0
add:1122,xfer,transport,191|add:4826,xfer,transport,223
add:3219,xfer,transport,77|upd:e0,cat,misc|upd:e0,ts,622|add:1776,exp,transport,235|rm:e0|add:909,inc,transfer,322|upd:e1,refund,11
add:4074,inc,salary,327
add:1275,inc,transfer,327|rm:e0|add:1664,inc,transfer,93,e0,6|upd:e1,amt,11|rm:e0
add:4931,xfer,food,252|add:815,exp,transport,373|upd:e0,amt,146
add:3067,xfer,transport,489|rm:e0|add:2216,inc,transfer,35
add:4033,inc,transport,447|add:3679,inc,food,230|add:3149,xfer,transport,298,e1,20
add:231,inc,transport,207|rm:e0|undo:0|upd:e0,cat,misc|upd:e0,ts,2153|add:4190,xfer,transport,464,e0,45|undo:0
add:1263,exp,transport,322|add:3081,exp,food,290,e0,27
add:752,xfer,food,193|rm:e0
add:1247,inc,transport,34|upd:e0,cat,misc|upd:e0,ts,1418|upd:e0,amt,203|add:3266,inc,transport,388,e0,50
add:1525,xfer,transport,463|upd:e0,ts,4278
add:17,inc,salary,250
add:2300,xfer,transport,496|upd:e0,amt,9|rm:e0|upd:e0,amt,174|undo:0|undo:0|upd:e0,note,b
add:1519,xfer,transport,397
add:4952,xfer,salary,441
add:1135,exp,transfer,182|add:1853,xfer,food,412|add:3451,inc,food,381,e1,58
add:1683,inc,food,106|add:3629,exp,transport,476|upd:e1,note,a|upd:e0,note,b
add:1499,exp,transport,186
add:4461,inc,transport,246|add:4988,xfer,transport,259,e0,31
add:2850,xfer,food,207
add:3105,exp,salary,77|add:4082,xfer,food,171|add:3496,inc,transport,397|add:311,exp,transport,169,e0,3|add:3379,xfer,food,73,e1,41|upd:e4,note,a|upd:e1,cat,food
add:1000,exp,food,100,,30|add:2000,inc,refund,30,e0|rm:e1
add:1000,exp,food,286,,572|add:2000,inc,refund,0,e0|rm:e1|undo:0|rm:e1
add:1000,exp,food,189|add:2000,inc,refund,1,e0|rm:e1|undo:0|upd:e0,refund,0
add:1000,exp,food,242,,242|add:2000,inc,refund,1,e0|rm:e0|undo:0
add:1000,exp,food,157,,1|add:2000,inc,refund,50,e0|rm:e0|undo:0
add:1000,exp,food,91,,182|add:2000,inc,refund,1,e0|rm:e0
add:1000,exp,food,34,,68|add:2000,inc,refund,5,e0|rm:e1|undo:0
add:1000,exp,food,278,,50|add:2000,inc,refund,50,e0|rm:e1|undo:0
add:1000,exp,food,32,,30|add:2000,inc,refund,1,e0|rm:e0
add:1000,exp,food,11,,50|add:2000,inc,refund,5,e0|rm:e0|undo:0
add:1000,exp,food,187|add:2000,inc,refund,30,e0|rm:e0
add:1000,exp,food,2,,4|add:2000,inc,refund,5,e0|rm:e1
add:1000,exp,food,264,,30|add:2000,inc,refund,0,e0|rm:e1|undo:0|upd:e0,refund,0
add:1000,exp,food,221|add:2000,inc,refund,0,e0|rm:e1
add:1000,exp,food,25,,50|add:2000,inc,refund,30,e0|upd:e0,refund,70|rm:e1
add:1000,exp,food,209,,5|add:2000,inc,refund,5,e0|rm:e1|undo:0
add:1000,exp,food,183,,50|add:2000,inc,refund,50,e0|rm:e1
add:1000,exp,food,107,,1|add:2000,inc,refund,5,e0|rm:e1|undo:0|rm:e1
add:1000,exp,food,43,,50|add:2000,inc,refund,1,e0|rm:e0|undo:0
add:1000,exp,food,248|add:2000,inc,refund,0,e0|rm:e1|undo:0|upd:e0,refund,0
add:1000,exp,food,11,,30|add:2000,inc,refund,50,e0|rm:e1
add:1000,exp,food,92,,50|add:2000,inc,refund,50,e0|rm:e1
add:1000,exp,food,51,,102|add:2000,inc,refund,50,e0|rm:e0|undo:0
add:1000,exp,food,192,,384|add:2000,inc,refund,1,e0|rm:e0
add:1000,exp,food,198,,50|add:2000,inc,refund,0,e0|rm:e1|undo:0|upd:e0,refund,0
add:1000,exp,food,105,,50|add:2000,inc,refund,60,e0|rm:e0
add:1000,exp,food,98,,1|add:2000,inc,refund,98,e0|rm:e1|undo:0
add:1000,exp,food,193,,386|add:2000,inc,refund,50,e0|rm:e0
add:1000,exp,food,97|add:2000,inc,refund,0,e0|rm:e0|undo:0
add:1000,exp,food,129,,50|add:2000,inc,refund,1,e0|rm:e1|undo:0|upd:e0,refund,0
add:1000,exp,food,138,,1|add:2000,inc,refund,1,e0|rm:e1|undo:0|rm:e1
add:1000,exp,food,290,,5|add:2000,inc,refund,5,e0|rm:e0
add:1000,exp,food,298,,1|add:2000,inc,refund,11,e0|rm:e1|undo:0|rm:e1
add:1000,exp,food,64,,50|add:2000,inc,refund,5,e0|rm:e0
add:1000,exp,food,62,,1|add:2000,inc,refund,30,e0|upd:e0,refund,19|rm:e1
add:1000,exp,food,2,,30|add:2000,inc,refund,40,e0|rm:e0
add:1000,exp,food,267,,30|add:2000,inc,refund,40,e0|rm:e1|undo:0|upd:e0,refund,0
add:1000,exp,food,146,,30|add:2000,inc,refund,40,e0|rm:e0|undo:0
add:1000,exp,food,114,,30|add:2000,inc,refund,50,e0|rm:e1|undo:0|upd:e0,refund,0
add:1000,exp,food,255,,510|add:2000,inc,refund,255,e0|rm:e0|undo:0
add:1000,exp,food,94,,1|add:2000,inc,refund,94,e0|rm:e1|undo:0|upd:e0,refund,0
add:1000,exp,food,109,,1|add:2000,inc,refund,1,e0|upd:e0,refund,46|rm:e1
add:1000,exp,food,73,,146|add:2000,inc,refund,1,e0|rm:e0
add:1000,exp,food,220|add:2000,inc,refund,1,e0|rm:e1|undo:0|upd:e0,refund,0
add:1000,exp,food,170,,30|add:2000,inc,refund,170,e0|rm:e1|undo:0|upd:e0,refund,0
add:1000,exp,food,280|add:2000,inc,refund,50,e0|rm:e1|undo:0|rm:e1
add:1000,exp,food,260,,5|add:2000,inc,refund,30,e0|rm:e1|rm:e0
add:1000,exp,food,40,,30|add:2000,inc,refund,40,e0|upd:e0,refund,69|rm:e1
add:1000,exp,food,169,,169|add:2000,inc,refund,30,e0|rm:e1
add:1000,exp,food,169,,5|add:2000,inc,refund,5,e0|rm:e1|rm:e0
add:1000,exp,food,110|add:2000,inc,refund,1,e0|rm:e1|undo:0|rm:e1
add:1000,exp,food,39,,50|add:2000,inc,refund,30,e0|rm:e0|undo:0
add:1000,exp,food,156,,5|add:2000,inc,refund,1,e0|rm:e1|undo:0|rm:e1
add:1000,exp,food,266,,1|add:2000,inc,refund,5,e0|rm:e1
add:1000,exp,food,223,,1|add:2000,inc,refund,30,e0|upd:e0,refund,61|rm:e1
add:1000,exp,food,57,,50|add:2000,inc,refund,50,e0|rm:e0|undo:0
add:1000,exp,food,114,,30|add:2000,inc,refund,30,e0|rm:e1|rm:e0
add:1000,exp,food,268|add:2000,inc,refund,30,e0|rm:e1
add:1000,exp,food,102,,1|add:2000,inc,refund,50,e0|rm:e1
add:1000,exp,food,180,,50|add:2000,inc,refund,60,e0|rm:e0
add:1000,exp,food,95,,5|add:2000,inc,refund,5,e0|rm:e0
add:1000,exp,food,76,,152|add:2000,inc,refund,5,e0|rm:e1
add:1000,exp,food,69,,50|add:2000,inc,refund,1,e0|rm:e1
add:1000,exp,food,202,,1|add:2000,inc,refund,5,e0|rm:e1|undo:0|rm:e1
add:1000,exp,food,40|add:2000,inc,refund,30,e0|rm:e1|rm:e0
add:1000,exp,food,56|add:2000,inc,refund,0,e0|rm:e1
add:1000,exp,food,70,,30|add:2000,inc,refund,30,e0|rm:e0
add:1000,exp,food,160,,5|add:2000,inc,refund,5,e0|rm:e0|undo:0
add:1000,exp,food,257,,257|add:2000,inc,refund,1,e0|rm:e1
add:1000,exp,food,182,,5|add:2000,inc,refund,15,e0|upd:e0,refund,89|rm:e1
add:1000,exp,food,86,,86|add:2000,inc,refund,0,e0|rm:e0
add:1000,exp,food,65|add:2000,inc,refund,0,e0|upd:e0,refund,25|rm:e1
add:1000,exp,food,108,,50|add:2000,inc,refund,60,e0|rm:e1|undo:0|rm:e1
add:1000,exp,food,268|add:2000,inc,refund,268,e0|rm:e1|undo:0|upd:e0,refund,0
add:1000,exp,food,34,,50|add:2000,inc,refund,0,e0|rm:e1
add:1000,exp,food,90|add:2000,inc,refund,5,e0|rm:e0|undo:0
add:1000,exp,food,17,,30|add:2000,inc,refund,17,e0|rm:e1|undo:0|rm:e1
add:1000,exp,food,95,,190|add:2000,inc,refund,190,e0|rm:e1|undo:0|upd:e0,refund,0
add:1000,exp,food,190,,30|add:2000,inc,refund,0,e0|rm:e1|rm:e0
add:1000,exp,food,198,,50|add:2000,inc,refund,50,e0|rm:e1|undo:0|rm:e1
add:1000,exp,food,3,,6|add:2000,inc,refund,16,e0|rm:e0
add:1000,exp,food,150,,150|add:2000,inc,refund,160,e0|rm:e1|undo:0|rm:e1
add:1000,exp,food,277,,554|add:2000,inc,refund,50,e0|rm:e1|rm:e0
add:1000,exp,food,209,,209|add:2000,inc,refund,219,e0|rm:e1|rm:e0
add:1000,exp,food,281,,281|add:2000,inc,refund,281,e0|rm:e1|rm:e0
add:1000,exp,food,25,,1|add:2000,inc,refund,30,e0|rm:e1|undo:0
add:1000,exp,food,18,,50|add:2000,inc,refund,1,e0|rm:e1|undo:0|rm:e1
add:1000,exp,food,118,,118|add:2000,inc,refund,118,e0|rm:e1|undo:0|rm:e1
add:1000,exp,food,255,,510|add:2000,inc,refund,1,e0|rm:e0|undo:0
add:1000,exp,food,222,,5|add:2000,inc,refund,5,e0|rm:e1|rm:e0
add:1000,exp,food,298,,50|add:2000,inc,refund,60,e0|rm:e1|undo:0
add:1000,exp,food,148,,50|add:2000,inc,refund,30,e0|rm:e1|rm:e0
add:1000,exp,food,55,,50|add:2000,inc,refund,5,e0|rm:e1|undo:0|rm:e1
add:1000,exp,food,209,,1|add:2000,inc,refund,1,e0|upd:e0,refund,85|rm:e1
add:1000,exp,food,81,,81|add:2000,inc,refund,91,e0|rm:e0
add:1000,exp,food,300,,30|add:2000,inc,refund,300,e0|rm:e0|undo:0
add:1000,exp,food,109|add:2000,inc,refund,5,e0|rm:e0
add:1000,exp,food,298,,298|add:2000,inc,refund,30,e0|rm:e1|undo:0|rm:e1
add:1000,exp,food,24,,24|add:2000,inc,refund,24,e0|rm:e1
add:1000,exp,food,83,,50|add:2000,inc,refund,50,e0|rm:e0|undo:0
add:1000,exp,food,108,,1|add:2000,inc,refund,108,e0|rm:e1|undo:0
add:1000,exp,food,216,,30|add:2000,inc,refund,50,e0|rm:e1|undo:0|rm:e1
add:1000,exp,food,123,,5|add:2000,inc,refund,30,e0|rm:e1|undo:0|rm:e1
add:1000,exp,food,240,,480|add:2000,inc,refund,480,e0|rm:e1|undo:0|rm:e1
add:1000,exp,food,266,,50|add:2000,inc,refund,60,e0|rm:e1|undo:0
add:1000,exp,food,32,,32|add:2000,inc,refund,32,e0|rm:e0
add:1000,exp,food,17,,1|add:2000,inc,refund,1,e0|rm:e1|undo:0|rm:e1
add:1000,exp,food,183,,5|add:2000,inc,refund,183,e0|rm:e1
add:1000,exp,food,197,,394|add:2000,inc,refund,50,e0|rm:e1|rm:e0
add:1000,exp,food,69,,5|add:2000,inc,refund,30,e0|rm:e0|undo:0
add:1000,exp,food,247,,247|add:2000,inc,refund,1,e0|rm:e0
add:1000,exp,food,267,,5|add:2000,inc,refund,15,e0|rm:e1|undo:0
add:1000,exp,food,225,,5|add:2000,inc,refund,30,e0|rm:e1|undo:0|upd:e0,refund,0
add:1000,exp,food,233|add:2000,inc,refund,1,e0|rm:e1|undo:0|rm:e1
add:1000,exp,food,76,,30|add:2000,inc,refund,0,e0|rm:e1
add:1000,exp,food,190,,1|add:2000,inc,refund,50,e0|rm:e1|undo:0|rm:e1
add:1000,exp,food,214,,30|add:2000,inc,refund,30,e0|rm:e1|undo:0|rm:e1
add:1000,exp,food,48,,48|add:2000,inc,refund,58,e0|rm:e0|undo:0
add:1000,exp,food,190,,1|add:2000,inc,refund,0,e0|rm:e1|undo:0
add:1000,exp,food,46,,92|add:2000,inc,refund,102,e0|rm:e0
add:1000,exp,food,128,,128|add:2000,inc,refund,1,e0|upd:e0,refund,67|rm:e1
add:1000,exp,food,184,,30|add:2000,inc,refund,1,e0|upd:e0,refund,87|rm:e1
add:1000,exp,food,297,,1|add:2000,inc,refund,297,e0|rm:e0
add:1000,exp,food,173|add:2000,inc,refund,173,e0|rm:e1|rm:e0
add:1000,exp,food,88,,30|add:2000,inc,refund,40,e0|rm:e0|undo:0
add:1000,exp,food,59,,118|add:2000,inc,refund,30,e0|rm:e1|undo:0
add:1000,exp,food,44,,88|add:2000,inc,refund,44,e0|rm:e1
add:1000,exp,food,270,,1|add:2000,inc,refund,0,e0|rm:e1|undo:0|upd:e0,refund,0
add:1000,exp,food,183|add:2000,inc,refund,0,e0|rm:e1|undo:0|upd:e0,refund,0
add:1000,exp,food,2,,30|add:2000,inc,refund,5,e0|upd:e0,refund,48|rm:e1
add:1000,exp,food,239,,478|add:2000,inc,refund,1,e0|rm:e1|undo:0
add:1000,exp,food,245,,5|add:2000,inc,refund,30,e0|rm:e0
add:1000,exp,food,145,,290|add:2000,inc,refund,30,e0|rm:e1|undo:0|upd:e0,refund,0
add:1000,exp,food,237,,30|add:2000,inc,refund,0,e0|rm:e1
add:1000,exp,food,54,,50|add:2000,inc,refund,50,e0|rm:e0
add:1000,exp,food,256,,50|add:2000,inc,refund,1,e0|rm:e1|undo:0|upd:e0,refund,0
add:1000,exp,food,109,,1|add:2000,inc,refund,50,e0|rm:e1
add:1000,exp,food,34,,50|add:2000,inc,refund,1,e0|rm:e0
add:1000,exp,food,53,,1|add:2000,inc,refund,50,e0|rm:e1|undo:0|upd:e0,refund,0
add:1000,exp,food,183,,30|add:2000,inc,refund,1,e0|rm:e0|undo:0
add:1000,exp,food,143,,286|add:2000,inc,refund,296,e0|rm:e1
add:1000,exp,food,160,,30|add:2000,inc,refund,1,e0|rm:e0
add:1000,exp,food,76,,5|add:2000,inc,refund,15,e0|rm:e1|undo:0
add:1000,exp,food,254,,5|add:2000,inc,refund,0,e0|upd:e0,refund,75|rm:e1
add:1000,exp,food,195|add:2000,inc,refund,10,e0|rm:e0|undo:0
add:1000,exp,food,160|add:2000,inc,refund,160,e0|rm:e1|undo:0|rm:e1
add:1000,exp,food,97,,5|add:2000,inc,refund,0,e0|rm:e0|undo:0
add:1000,exp,food,152,,1|add:2000,inc,refund,30,e0|rm:e1|rm:e0
add:1000,exp,food,179,,5|add:2000,inc,refund,179,e0|rm:e1|rm:e0
add:1000,exp,food,158,,5|add:2000,inc,refund,5,e0|rm:e0|undo:0
add:1000,exp,food,207|add:2000,inc,refund,50,e0|rm:e1
add:1000,exp,food,270,,5|add:2000,inc,refund,15,e0|rm:e1|rm:e0
add:1000,exp,food,246,,492|add:2000,inc,refund,50,e0|rm:e1|rm:e0
add:1000,exp,food,83,,50|add:2000,inc,refund,60,e0|rm:e0
add:1000,exp,food,126,,50|add:2000,inc,refund,50,e0|upd:e0,refund,5|rm:e1
add:1000,exp,food,2|add:2000,inc,refund,1,e0|rm:e0|undo:0
add:1000,exp,food,298|add:2000,inc,refund,30,e0|rm:e1|undo:0
add:1000,exp,food,165,,50|add:2000,inc,refund,5,e0|rm:e1|rm:e0
add:1000,exp,food,164,,30|add:2000,inc,refund,50,e0|rm:e1
add:1000,exp,food,262,,50|add:2000,inc,refund,50,e0|rm:e1|undo:0|upd:e0,refund,0
add:1000,exp,food,155|add:2000,inc,refund,50,e0|rm:e1|rm:e0
add:1000,exp,food,237,,237|add:2000,inc,refund,30,e0|rm:e1|undo:0|upd:e0,refund,0
add:1000,exp,food,232,,464|add:2000,inc,refund,30,e0|rm:e1|undo:0|rm:e1
add:1000,exp,food,210,,5|add:2000,inc,refund,30,e0|rm:e1|undo:0|rm:e1
add:1000,exp,food,112,,5|add:2000,inc,refund,112,e0|rm:e1
add:1000,exp,food,263|add:2000,inc,refund,50,e0|rm:e1
add:1000,exp,food,133,,30|add:2000,inc,refund,30,e0|upd:e0,refund,74|rm:e1
add:1000,exp,food,275,,5|add:2000,inc,refund,30,e0|rm:e0|undo:0
add:1000,exp,food,2,,50|add:2000,inc,refund,60,e0|rm:e1|undo:0|rm:e1
add:1000,exp,food,179,,179|add:2000,inc,refund,30,e0|rm:e0
add:1000,exp,food,272,,1|add:2000,inc,refund,30,e0|rm:e1
add:1000,exp,food,287|add:2000,inc,refund,287,e0|rm:e1|rm:e0
add:1000,exp,food,20,,30|add:2000,inc,refund,5,e0|rm:e0|undo:0
add:1000,exp,food,113,,5|add:2000,inc,refund,113,e0|rm:e1|rm:e0
add:1000,exp,food,13,,50|add:2000,inc,refund,5,e0|rm:e1|undo:0|rm:e1
add:1000,exp,food,24,,30|add:2000,inc,refund,40,e0|rm:e1|undo:0|upd:e0,refund,0
add:1000,exp,food,19,,50|add:2000,inc,refund,60,e0|rm:e1|rm:e0
add:1000,exp,food,259,,50|add:2000,inc,refund,50,e0|rm:e1|rm:e0
add:1000,exp,food,209|add:2000,inc,refund,209,e0|rm:e0
add:1000,exp,food,33|add:2000,inc,refund,30,e0|rm:e0
add:1000,exp,food,259,,518|add:2000,inc,refund,518,e0|upd:e0,refund,39|rm:e1
add:1000,exp,food,285,,5|add:2000,inc,refund,5,e0|rm:e1|undo:0|upd:e0,refund,0
add:1000,exp,food,197,,197|add:2000,inc,refund,5,e0|rm:e0|undo:0
add:1000,exp,food,78,,50|add:2000,inc,refund,78,e0|rm:e1
add:1000,exp,food,66,,30|add:2000,inc,refund,1,e0|rm:e1|rm:e0
add:1000,exp,food,282,,50|add:2000,inc,refund,50,e0|rm:e1|undo:0
add:1000,exp,food,274,,5|add:2000,inc,refund,50,e0|rm:e1|undo:0
add:1000,exp,food,184,,368|add:2000,inc,refund,378,e0|rm:e1|rm:e0
add:1000,exp,food,68,,50|add:2000,inc,refund,1,e0|rm:e1|undo:0
add:1000,exp,food,199,,398|add:2000,inc,refund,0,e0|rm:e0
add:1000,exp,food,282,,30|add:2000,inc,refund,282,e0|rm:e1|undo:0|upd:e0,refund,0
add:1000,exp,food,69,,5|add:2000,inc,refund,5,e0|rm:e1|rm:e0
add:1000,exp,food,160,,1|add:2000,inc,refund,1,e0|rm:e1
add:1000,exp,food,84,,30|add:2000,inc,refund,30,e0|rm:e0
add:1000,exp,food,19,,1|add:2000,inc,refund,1,e0|rm:e0
add:1000,exp,food,97,,1|add:2000,inc,refund,97,e0|rm:e1
add:1000,exp,food,286,,1|add:2000,inc,refund,11,e0|rm:e0
add:1000,exp,food,100,,5|add:2000,inc,refund,1,e0|rm:e1|undo:0
add:1000,exp,food,18,,36|add:2000,inc,refund,18,e0|rm:e1|undo:0|upd:e0,refund,0
add:1000,exp,food,260,,260|add:2000,inc,refund,0,e0|rm:e1
add:1000,exp,food,229,,1|add:2000,inc,refund,11,e0|rm:e0|undo:0
add:1000,exp,food,67|add:2000,inc,refund,0,e0|rm:e1|undo:0
add:1000,exp,food,172,,1|add:2000,inc,refund,172,e0|rm:e1
add:1000,exp,food,36,,1|add:2000,inc,refund,30,e0|rm:e1
add:1000,exp,food,133,,133|add:2000,inc,refund,143,e0|rm:e0
add:1000,exp,food,25,,50|add:2000,inc,refund,60,e0|rm:e1
add:1000,exp,food,286,,30|add:2000,inc,refund,30,e0|rm:e0|undo:0
add:1000,exp,food,254,,1|add:2000,inc,refund,254,e0|upd:e0,refund,19|rm:e1
add:1000,exp,food,3,,30|add:2000,inc,refund,30,e0|rm:e1|rm:e0
add:1000,exp,food,158,,5|add:2000,inc,refund,0,e0|rm:e0
add:1000,exp,food,208,,30|add:2000,inc,refund,0,e0|rm:e0
add:1000,exp,food,279|add:2000,inc,refund,10,e0|rm:e1|undo:0|rm:e1
add:1000,exp,food,237,,474|add:2000,inc,refund,1,e0|rm:e0
add:1000,exp,food,186|add:2000,inc,refund,1,e0|rm:e1|undo:0|upd:e0,refund,0
add:1000,exp,food,106,,30|add:2000,inc,refund,30,e0|rm:e1|undo:0
add:1000,exp,food,217|add:2000,inc,refund,10,e0|rm:e0|undo:0
add:1000,exp,food,121,,30|add:2000,inc,refund,1,e0|rm:e1|rm:e0
add:1000,exp,food,88,,88|add:2000,inc,refund,30,e0|upd:e0,refund,78|rm:e1
add:1000,exp,food,91,,91|add:2000,inc,refund,1,e0|rm:e1|undo:0|rm:e1
add:1000,exp,food,164,,328|add:2000,inc,refund,30,e0|rm:e1
add:1000,exp,food,209|add:2000,inc,refund,50,e0|rm:e1|undo:0|rm:e1
add:1000,exp,food,70,,1|add:2000,inc,refund,70,e0|rm:e1|rm:e0
add:1000,exp,food,168,,168|add:2000,inc,refund,0,e0|rm:e1|rm:e0
add:1000,exp,food,246,,492|add:2000,inc,refund,50,e0|rm:e1|undo:0|rm:e1
add:1000,exp,food,21,,1|add:2000,inc,refund,21,e0|rm:e1|rm:e0
add:1000,exp,food,59,,30|add:2000,inc,refund,0,e0|rm:e1|undo:0|rm:e1
add:1000,exp,food,94,,94|add:2000,inc,refund,0,e0|rm:e0
add:1000,exp,food,46,,92|add:2000,inc,refund,102,e0|rm:e1|undo:0
add:1000,exp,food,166,,50|add:2000,inc,refund,166,e0|rm:e0
add:1000,exp,food,19,,30|add:2000,inc,refund,0,e0|rm:e0
add:1000,exp,food,288,,288|add:2000,inc,refund,5,e0|upd:e0,refund,40|rm:e1
add:1000,exp,food,245,,490|add:2000,inc,refund,0,e0|upd:e0,refund,67|rm:e1
add:1000,exp,food,28,,56|add:2000,inc,refund,1,e0|rm:e1|undo:0
add:1000,exp,food,35|add:2000,inc,refund,30,e0|rm:e1|undo:0|upd:e0,refund,0
add:1000,exp,food,33,,5|add:2000,inc,refund,15,e0|rm:e1|rm:e0
add:1000,exp,food,254,,5|add:2000,inc,refund,1,e0|rm:e1
add:1000,exp,food,220|add:2000,inc,refund,0,e0|rm:e1|undo:0
add:1000,exp,food,186,,372|add:2000,inc,refund,382,e0|rm:e0
add:1000,exp,food,201,,30|add:2000,inc,refund,50,e0|upd:e0,refund,18|rm:e1
add:1000,exp,food,213|add:2000,inc,refund,1,e0|rm:e1|undo:0|upd:e0,refund,0
add:1000,exp,food,126,,252|add:2000,inc,refund,50,e0|rm:e1|undo:0|rm:e1
add:1000,exp,food,214,,50|add:2000,inc,refund,50,e0|rm:e0
add:1000,exp,food,292,,292|add:2000,inc,refund,50,e0|rm:e1|undo:0|upd:e0,refund,0
add:1000,exp,food,195,,195|add:2000,inc,refund,50,e0|rm:e0|undo:0
add:1000,exp,food,60,,5|add:2000,inc,refund,0,e0|rm:e1|rm:e0
add:1000,exp,food,163,,326|add:2000,inc,refund,163,e0|rm:e1|undo:0
add:1000,exp,food,54,,54|add:2000,inc,refund,1,e0|rm:e1|undo:0
add:1000,exp,food,39,,5|add:2000,inc,refund,30,e0|rm:e0
add:1000,exp,food,141,,141|add:2000,inc,refund,141,e0|rm:e0|undo:0
add:1000,exp,food,25,,1|add:2000,inc,refund,30,e0|rm:e1|undo:0
add:1000,exp,food,190|add:2000,inc,refund,0,e0|rm:e1|undo:0|rm:e1
add:1000,exp,food,261,,5|add:2000,inc,refund,30,e0|rm:e1|undo:0|upd:e0,refund,0
add:1000,exp,food,235|add:2000,inc,refund,5,e0|rm:e0
add:1000,exp,food,266,,30|add:2000,inc,refund,30,e0|rm:e1|undo:0|upd:e0,refund,0
add:1000,exp,food,255,,1|add:2000,inc,refund,50,e0|rm:e1|rm:e0
add:1000,exp,food,189,,50|add:2000,inc,refund,5,e0|rm:e1|undo:0|upd:e0,refund,0
add:1000,exp,food,181|add:2000,inc,refund,0,e0|rm:e1|undo:0|rm:e1
add:1000,exp,food,66,,1|add:2000,inc,refund,1,e0|rm:e1|undo:0|rm:e1
add:1000,exp,food,274,,274|add:2000,inc,refund,274,e0|rm:e1|undo:0
add:1000,exp,food,60,,5|add:2000,inc,refund,50,e0|rm:e1|rm:e0
add:1000,exp,food,164,,328|add:2000,inc,refund,164,e0|rm:e0|undo:0
add:1000,exp,food,176,,50|add:2000,inc,refund,176,e0|rm:e1|undo:0|rm:e1
add:1000,exp,food,202,,30|add:2000,inc,refund,1,e0|rm:e1|undo:0|upd:e0,refund,0
add:1000,exp,food,46,,30|add:2000,inc,refund,30,e0|rm:e0|undo:0
add:1000,exp,food,144,,50|add:2000,inc,refund,1,e0|upd:e0,refund,28|rm:e1
add:1000,exp,food,208,,30|add:2000,inc,refund,5,e0|rm:e1|undo:0
add:1000,exp,food,220,,440|add:2000,inc,refund,5,e0|rm:e0
add:1000,exp,food,196,,50|add:2000,inc,refund,50,e0|rm:e1|undo:0
add:1000,exp,food,78,,50|add:2000,inc,refund,60,e0|rm:e1
add:1000,exp,food,60|add:2000,inc,refund,30,e0|rm:e1|undo:0|rm:e1
add:1000,exp,food,14,,14|add:2000,inc,refund,14,e0|rm:e1|undo:0
add:1000,exp,food,159,,318|add:2000,inc,refund,0,e0|rm:e1|undo:0|upd:e0,refund,0
add:1000,exp,food,72,,144|add:2000,inc,refund,72,e0|rm:e1|undo:0|upd:e0,refund,0
add:1000,exp,food,262,,524|add:2000,inc,refund,5,e0|rm:e1|undo:0|upd:e0,refund,0
add:1000,exp,food,180,,1|add:2000,inc,refund,11,e0|upd:e0,refund,2|rm:e1
add:1000,exp,food,68,,1|add:2000,inc,refund,1,e0|rm:e0
add:1000,exp,food,223,,50|add:2000,inc,refund,0,e0|rm:e1|undo:0|rm:e1
add:1000,exp,food,291|add:2000,inc,refund,1,e0|rm:e1|undo:0
add:1000,exp,food,282,,282|add:2000,inc,refund,50,e0|upd:e0,refund,39|rm:e1
add:1000,exp,food,157,,314|add:2000,inc,refund,314,e0|rm:e1
add:1000,exp,food,102,,204|add:2000,inc,refund,204,e0|rm:e1|undo:0|rm:e1
add:1000,exp,food,244,,50|add:2000,inc,refund,60,e0|rm:e0|undo:0
add:1000,exp,food,198|add:2000,inc,refund,5,e0|rm:e1|undo:0|rm:e1
add:1000,exp,food,173|add:2000,inc,refund,5,e0|rm:e1|undo:0|rm:e1
add:1000,exp,food,207,,207|add:2000,inc,refund,5,e0|upd:e0,refund,44|rm:e1
add:1000,exp,food,135|add:2000,inc,refund,0,e0|rm:e1
add:1000,exp,food,42|add:2000,inc,refund,10,e0|rm:e1|undo:0
add:1000,exp,food,259,,259|add:2000,inc,refund,269,e0|rm:e1
add:1000,exp,food,222,,444|add:2000,inc,refund,444,e0|rm:e1|undo:0|rm:e1
add:1000,exp,food,151,,50|add:2000,inc,refund,60,e0|rm:e1|undo:0|upd:e0,refund,0
add:1000,exp,food,100,,50|add:2000,inc,refund,100,e0|rm:e1
add:1000,exp,food,91,,1|add:2000,inc,refund,50,e0|rm:e1|undo:0
add:1000,exp,food,86,,86|add:2000,inc,refund,30,e0|rm:e0|undo:0
add:1000,exp,food,238,,1|add:2000,inc,refund,0,e0|rm:e1|rm:e0
add:1000,exp,food,294,,5|add:2000,inc,refund,30,e0|rm:e1|undo:0|rm:e1
add:1000,exp,food,236,,236|add:2000,inc,refund,246,e0|rm:e0|undo:0
add:1000,exp,food,295,,30|add:2000,inc,refund,1,e0|rm:e1|undo:0|upd:e0,refund,0
add:1000,exp,food,30,,60|add:2000,inc,refund,0,e0|rm:e1|undo:0|upd:e0,refund,0
add:1000,exp,food,280|add:2000,inc,refund,1,e0|rm:e1|rm:e0
add:1000,exp,food,151,,50|add:2000,inc,refund,151,e0|rm:e1|undo:0
add:1000,exp,food,200,,36|add:2000,inc,refund,89,e0|add:2001,inc,refund,16,e0|add:2002,inc,refund,97,e0|add:2003,inc,refund,99,e0|rm:e2
add:1000,exp,food,200,,8|add:2000,inc,refund,53,e0|add:2001,inc,refund,45,e0|add:2002,inc,refund,88,e0|add:2003,inc,refund,75,e0|rm:e4|rm:e1|rm:e0|undo:0
add:1000,exp,food,200,,182|add:2000,inc,refund,29,e0|add:2001,inc,refund,48,e0|rm:e0
add:1000,exp,food,200,,52|add:2000,inc,refund,68,e0|add:2001,inc,refund,74,e0|add:2002,inc,refund,85,e0|add:2003,inc,refund,15,e0|rm:e4|rm:e2
add:1000,exp,food,200,,122|add:2000,inc,refund,54,e0|add:2001,inc,refund,45,e0|add:2002,inc,refund,32,e0|add:2003,inc,refund,100,e0|rm:e1|rm:e1|rm:e0
add:1000,exp,food,200,,65|add:2000,inc,refund,82,e0|add:2001,inc,refund,65,e0|add:2002,inc,refund,4,e0|rm:e3|rm:e3|rm:e0|undo:0
add:1000,exp,food,200,,171|add:2000,inc,refund,65,e0|add:2001,inc,refund,86,e0|add:2002,inc,refund,87,e0|rm:e3|rm:e2|undo:0
add:1000,exp,food,200,,175|add:2000,inc,refund,70,e0|add:2001,inc,refund,7,e0|add:2002,inc,refund,64,e0|rm:e0
add:1000,exp,food,200,,190|add:2000,inc,refund,76,e0|add:2001,inc,refund,39,e0|add:2002,inc,refund,48,e0|rm:e2|rm:e3|undo:0
add:1000,exp,food,200,,94|add:2000,inc,refund,62,e0|add:2001,inc,refund,74,e0|add:2002,inc,refund,24,e0|add:2003,inc,refund,14,e0|rm:e4
add:1000,exp,food,200,,10|add:2000,inc,refund,0,e0|add:2001,inc,refund,21,e0|add:2002,inc,refund,10,e0|add:2003,inc,refund,56,e0|rm:e2|rm:e1|rm:e2|undo:0
add:1000,exp,food,200,,37|add:2000,inc,refund,54,e0|add:2001,inc,refund,54,e0|rm:e2|undo:0
add:1000,exp,food,200,,44|add:2000,inc,refund,34,e0|add:2001,inc,refund,57,e0|add:2002,inc,refund,44,e0|rm:e2|rm:e0|rm:e2
add:1000,exp,food,200,,12|add:2000,inc,refund,31,e0|add:2001,inc,refund,2,e0|rm:e0|rm:e0|rm:e0|undo:0
add:1000,exp,food,200,,52|add:2000,inc,refund,84,e0|add:2001,inc,refund,65,e0|add:2002,inc,refund,34,e0|add:2003,inc,refund,11,e0|rm:e3|rm:e3
add:1000,exp,food,200,,86|add:2000,inc,refund,58,e0|add:2001,inc,refund,53,e0|add:2002,inc,refund,0,e0|rm:e2|rm:e1
add:1000,exp,food,200,,111|add:2000,inc,refund,39,e0|add:2001,inc,refund,49,e0|add:2002,inc,refund,34,e0|rm:e3|rm:e2|rm:e3
add:1000,exp,food,200,,176|add:2000,inc,refund,46,e0|add:2001,inc,refund,94,e0|rm:e2|undo:0
add:1000,exp,food,200,,17|add:2000,inc,refund,71,e0|add:2001,inc,refund,0,e0|rm:e1|rm:e1|undo:0
add:1000,exp,food,200,,176|add:2000,inc,refund,64,e0|add:2001,inc,refund,30,e0|add:2002,inc,refund,24,e0|rm:e3|rm:e3|rm:e1
add:1000,exp,food,200,,82|add:2000,inc,refund,26,e0|add:2001,inc,refund,80,e0|rm:e2|rm:e2|rm:e0|undo:0
add:1000,exp,food,200,,25|add:2000,inc,refund,20,e0|add:2001,inc,refund,18,e0|add:2002,inc,refund,25,e0|add:2003,inc,refund,96,e0|rm:e3|undo:0
add:1000,exp,food,200,,30|add:2000,inc,refund,35,e0|add:2001,inc,refund,20,e0|rm:e1|rm:e1|rm:e1|undo:0
add:1000,exp,food,200,,192|add:2000,inc,refund,66,e0|add:2001,inc,refund,87,e0|add:2002,inc,refund,87,e0|add:2003,inc,refund,98,e0|rm:e1|rm:e1
add:1000,exp,food,200,,187|add:2000,inc,refund,31,e0|add:2001,inc,refund,68,e0|add:2002,inc,refund,66,e0|add:2003,inc,refund,95,e0|rm:e2|rm:e1|rm:e3|undo:0
add:1000,exp,food,200,,35|add:2000,inc,refund,84,e0|add:2001,inc,refund,15,e0|add:2002,inc,refund,54,e0|rm:e3|rm:e3
add:1000,exp,food,200,,184|add:2000,inc,refund,41,e0|add:2001,inc,refund,93,e0|add:2002,inc,refund,75,e0|add:2003,inc,refund,82,e0|rm:e4|rm:e2|rm:e4
add:1000,exp,food,200,,184|add:2000,inc,refund,82,e0|add:2001,inc,refund,72,e0|rm:e0|rm:e2|rm:e1|undo:0
add:1000,exp,food,200,,11|add:2000,inc,refund,43,e0|add:2001,inc,refund,48,e0|add:2002,inc,refund,83,e0|add:2003,inc,refund,17,e0|rm:e4|undo:0
add:1000,exp,food,200,,40|add:2000,inc,refund,42,e0|add:2001,inc,refund,88,e0|rm:e0|rm:e0|rm:e1
add:1000,exp,food,200,,31|add:2000,inc,refund,58,e0|add:2001,inc,refund,41,e0|add:2002,inc,refund,94,e0|add:2003,inc,refund,88,e0|rm:e0|rm:e3
add:1000,exp,food,200,,199|add:2000,inc,refund,70,e0|add:2001,inc,refund,45,e0|add:2002,inc,refund,38,e0|add:2003,inc,refund,59,e0|rm:e0|undo:0
add:1000,exp,food,200,,29|add:2000,inc,refund,33,e0|add:2001,inc,refund,13,e0|rm:e1|undo:0
add:1000,exp,food,200,,176|add:2000,inc,refund,6,e0|add:2001,inc,refund,45,e0|add:2002,inc,refund,67,e0|add:2003,inc,refund,72,e0|rm:e1|rm:e4|rm:e3|undo:0
add:1000,exp,food,200,,139|add:2000,inc,refund,72,e0|add:2001,inc,refund,62,e0|rm:e2|undo:0
add:1000,exp,food,200,,188|add:2000,inc,refund,95,e0|add:2001,inc,refund,69,e0|add:2002,inc,refund,13,e0|rm:e1|rm:e1
add:1000,exp,food,200,,43|add:2000,inc,refund,20,e0|add:2001,inc,refund,57,e0|add:2002,inc,refund,48,e0|rm:e0|rm:e0|undo:0
add:1000,exp,food,200,,148|add:2000,inc,refund,59,e0|add:2001,inc,refund,33,e0|rm:e1|rm:e0|undo:0
add:1000,exp,food,200,,89|add:2000,inc,refund,66,e0|add:2001,inc,refund,63,e0|add:2002,inc,refund,51,e0|add:2003,inc,refund,55,e0|rm:e4|rm:e2|undo:0
add:1000,exp,food,200,,93|add:2000,inc,refund,76,e0|add:2001,inc,refund,45,e0|rm:e1|rm:e2|undo:0
add:1000,exp,food,200,,6|add:2000,inc,refund,56,e0|add:2001,inc,refund,42,e0|rm:e1|rm:e2|rm:e1|undo:0
add:1000,exp,food,200,,0|add:2000,inc,refund,18,e0|add:2001,inc,refund,19,e0|rm:e2|rm:e1|rm:e1|undo:0
add:1000,exp,food,200,,132|add:2000,inc,refund,0,e0|add:2001,inc,refund,39,e0|rm:e0|rm:e0|undo:0
add:1000,exp,food,200,,193|add:2000,inc,refund,39,e0|add:2001,inc,refund,50,e0|add:2002,inc,refund,41,e0|add:2003,inc,refund,97,e0|rm:e3|rm:e0|rm:e1
add:1000,exp,food,200,,8|add:2000,inc,refund,31,e0|add:2001,inc,refund,36,e0|rm:e1|rm:e2|rm:e0|undo:0
add:1000,exp,food,200,,3|add:2000,inc,refund,96,e0|add:2001,inc,refund,98,e0|rm:e2|rm:e0|rm:e2|undo:0
add:1000,exp,food,200,,49|add:2000,inc,refund,98,e0|add:2001,inc,refund,74,e0|add:2002,inc,refund,52,e0|add:2003,inc,refund,22,e0|rm:e0
add:1000,exp,food,200,,149|add:2000,inc,refund,78,e0|add:2001,inc,refund,3,e0|rm:e1|rm:e1|rm:e2
add:1000,exp,food,200,,120|add:2000,inc,refund,95,e0|add:2001,inc,refund,69,e0|add:2002,inc,refund,81,e0|rm:e1|rm:e1|rm:e0|undo:0
add:1000,exp,food,200,,96|add:2000,inc,refund,76,e0|add:2001,inc,refund,22,e0|rm:e1|rm:e1|rm:e1
add:1000,exp,food,200,,56|add:2000,inc,refund,46,e0|add:2001,inc,refund,92,e0|rm:e1|rm:e2
add:1000,exp,food,200,,87|add:2000,inc,refund,27,e0|add:2001,inc,refund,25,e0|rm:e1|rm:e0|rm:e0|undo:0
add:1000,exp,food,200,,124|add:2000,inc,refund,35,e0|add:2001,inc,refund,74,e0|add:2002,inc,refund,21,e0|rm:e2|undo:0
add:1000,exp,food,200,,75|add:2000,inc,refund,28,e0|add:2001,inc,refund,10,e0|add:2002,inc,refund,77,e0|rm:e2|undo:0
add:1000,exp,food,200,,22|add:2000,inc,refund,16,e0|add:2001,inc,refund,84,e0|add:2002,inc,refund,77,e0|add:2003,inc,refund,77,e0|rm:e4|rm:e4|undo:0
add:1000,exp,food,200,,8|add:2000,inc,refund,53,e0|add:2001,inc,refund,85,e0|rm:e1|rm:e2|rm:e2
add:1000,exp,food,200,,91|add:2000,inc,refund,10,e0|add:2001,inc,refund,59,e0|add:2002,inc,refund,83,e0|rm:e1|rm:e3|rm:e0
add:1000,exp,food,200,,129|add:2000,inc,refund,36,e0|add:2001,inc,refund,16,e0|add:2002,inc,refund,7,e0|rm:e2|rm:e3|rm:e0|undo:0
add:1000,exp,food,200,,32|add:2000,inc,refund,35,e0|add:2001,inc,refund,0,e0|rm:e0
add:1000,exp,food,200,,63|add:2000,inc,refund,1,e0|add:2001,inc,refund,62,e0|add:2002,inc,refund,53,e0|rm:e3|undo:0
add:1000,exp,food,200,,58|add:2000,inc,refund,29,e0|add:2001,inc,refund,19,e0|add:2002,inc,refund,59,e0|rm:e1|rm:e2
add:1000,exp,food,200,,97|add:2000,inc,refund,55,e0|add:2001,inc,refund,93,e0|add:2002,inc,refund,43,e0|add:2003,inc,refund,84,e0|rm:e0|rm:e3|rm:e2|undo:0
add:1000,exp,food,200,,33|add:2000,inc,refund,12,e0|add:2001,inc,refund,39,e0|add:2002,inc,refund,76,e0|rm:e0|rm:e1
add:1000,exp,food,200,,60|add:2000,inc,refund,29,e0|add:2001,inc,refund,43,e0|add:2002,inc,refund,38,e0|add:2003,inc,refund,49,e0|rm:e0|rm:e4|rm:e4|undo:0
add:1000,exp,food,200,,126|add:2000,inc,refund,48,e0|add:2001,inc,refund,72,e0|add:2002,inc,refund,45,e0|add:2003,inc,refund,21,e0|rm:e3|rm:e4|undo:0
add:1000,exp,food,200,,157|add:2000,inc,refund,49,e0|add:2001,inc,refund,10,e0|add:2002,inc,refund,79,e0|add:2003,inc,refund,66,e0|rm:e1
add:1000,exp,food,200,,165|add:2000,inc,refund,92,e0|add:2001,inc,refund,20,e0|add:2002,inc,refund,36,e0|rm:e3|rm:e2|undo:0
add:1000,exp,food,200,,80|add:2000,inc,refund,82,e0|add:2001,inc,refund,58,e0|add:2002,inc,refund,84,e0|add:2003,inc,refund,26,e0|rm:e4|rm:e1
add:1000,exp,food,200,,102|add:2000,inc,refund,72,e0|add:2001,inc,refund,30,e0|rm:e2|rm:e2|rm:e1|undo:0
add:1000,exp,food,200,,149|add:2000,inc,refund,28,e0|add:2001,inc,refund,67,e0|add:2002,inc,refund,79,e0|rm:e2|rm:e2
add:1000,exp,food,200,,0|add:2000,inc,refund,86,e0|add:2001,inc,refund,23,e0|add:2002,inc,refund,81,e0|add:2003,inc,refund,0,e0|rm:e2|rm:e0|undo:0
add:1000,exp,food,200,,84|add:2000,inc,refund,36,e0|add:2001,inc,refund,46,e0|add:2002,inc,refund,70,e0|add:2003,inc,refund,81,e0|rm:e3
add:1000,exp,food,200,,49|add:2000,inc,refund,45,e0|add:2001,inc,refund,47,e0|rm:e2|rm:e0
add:1000,exp,food,200,,21|add:2000,inc,refund,46,e0|add:2001,inc,refund,40,e0|add:2002,inc,refund,87,e0|add:2003,inc,refund,41,e0|rm:e1|undo:0
add:1000,exp,food,200,,79|add:2000,inc,refund,100,e0|add:2001,inc,refund,23,e0|add:2002,inc,refund,17,e0|add:2003,inc,refund,28,e0|rm:e0|rm:e2|rm:e3
add:1000,exp,food,200,,82|add:2000,inc,refund,35,e0|add:2001,inc,refund,31,e0|add:2002,inc,refund,23,e0|rm:e3
add:1000,exp,food,200,,7|add:2000,inc,refund,87,e0|add:2001,inc,refund,20,e0|add:2002,inc,refund,7,e0|rm:e1
add:1000,exp,food,200,,103|add:2000,inc,refund,32,e0|add:2001,inc,refund,46,e0|rm:e2|rm:e0|undo:0
add:1000,exp,food,200,,64|add:2000,inc,refund,98,e0|add:2001,inc,refund,52,e0|add:2002,inc,refund,56,e0|add:2003,inc,refund,97,e0|rm:e2|rm:e3
add:1000,exp,food,200,,16|add:2000,inc,refund,49,e0|add:2001,inc,refund,39,e0|add:2002,inc,refund,62,e0|add:2003,inc,refund,83,e0|rm:e1|rm:e2|undo:0
add:1000,exp,food,200,,199|add:2000,inc,refund,97,e0|add:2001,inc,refund,73,e0|add:2002,inc,refund,50,e0|rm:e3
add:1000,exp,food,200,,167|add:2000,inc,refund,38,e0|add:2001,inc,refund,40,e0|add:2002,inc,refund,25,e0|rm:e0|undo:0
add:1000,exp,food,200,,1|add:2000,inc,refund,15,e0|add:2001,inc,refund,57,e0|add:2002,inc,refund,88,e0|add:2003,inc,refund,78,e0|rm:e0|rm:e0|rm:e0|undo:0
add:1000,exp,food,200,,124|add:2000,inc,refund,56,e0|add:2001,inc,refund,67,e0|rm:e0
add:1000,exp,food,200,,173|add:2000,inc,refund,64,e0|add:2001,inc,refund,13,e0|rm:e1|rm:e0|undo:0
add:1000,exp,food,200,,135|add:2000,inc,refund,68,e0|add:2001,inc,refund,18,e0|add:2002,inc,refund,90,e0|rm:e2|rm:e1|undo:0
add:1000,exp,food,200,,83|add:2000,inc,refund,65,e0|add:2001,inc,refund,63,e0|add:2002,inc,refund,67,e0|add:2003,inc,refund,55,e0|rm:e1|undo:0
add:1000,exp,food,200,,88|add:2000,inc,refund,12,e0|add:2001,inc,refund,30,e0|add:2002,inc,refund,41,e0|add:2003,inc,refund,23,e0|rm:e0|rm:e3|rm:e3
add:1000,exp,food,200,,110|add:2000,inc,refund,41,e0|add:2001,inc,refund,42,e0|add:2002,inc,refund,83,e0|add:2003,inc,refund,83,e0|rm:e2|rm:e1
add:1000,exp,food,200,,79|add:2000,inc,refund,32,e0|add:2001,inc,refund,74,e0|rm:e2|rm:e2|rm:e1
add:1000,exp,food,200,,22|add:2000,inc,refund,0,e0|add:2001,inc,refund,51,e0|add:2002,inc,refund,15,e0|add:2003,inc,refund,78,e0|rm:e2|undo:0
add:1000,exp,food,200,,76|add:2000,inc,refund,89,e0|add:2001,inc,refund,52,e0|add:2002,inc,refund,29,e0|rm:e0|rm:e0|rm:e0
add:1000,exp,food,200,,154|add:2000,inc,refund,91,e0|add:2001,inc,refund,67,e0|rm:e1
add:1000,exp,food,200,,98|add:2000,inc,refund,55,e0|add:2001,inc,refund,41,e0|rm:e2|rm:e2
add:1000,exp,food,200,,131|add:2000,inc,refund,27,e0|add:2001,inc,refund,43,e0|add:2002,inc,refund,67,e0|rm:e2
add:1000,exp,food,200,,3|add:2000,inc,refund,40,e0|add:2001,inc,refund,69,e0|add:2002,inc,refund,8,e0|add:2003,inc,refund,6,e0|rm:e3|undo:0
add:1000,exp,food,200,,176|add:2000,inc,refund,55,e0|add:2001,inc,refund,60,e0|rm:e2|rm:e1|rm:e1|undo:0
add:1000,exp,food,200,,195|add:2000,inc,refund,76,e0|add:2001,inc,refund,18,e0|add:2002,inc,refund,60,e0|add:2003,inc,refund,58,e0|rm:e3|undo:0
add:1000,exp,food,200,,195|add:2000,inc,refund,100,e0|add:2001,inc,refund,14,e0|add:2002,inc,refund,69,e0|add:2003,inc,refund,85,e0|rm:e3
add:1000,exp,food,200,,76|add:2000,inc,refund,73,e0|add:2001,inc,refund,45,e0|rm:e0|rm:e1|undo:0
