fmtnum	0
fmt	0|￥
fmtshort	0|￥
fmt	0|$
fmtshort	0|$
fmt	0|A$
fmtshort	0|A$
fmt	0|HK$
fmtshort	0|HK$
fmt	0|XYZ 
fmtshort	0|XYZ 
fmtnum	-0
fmt	-0|￥
fmtshort	-0|￥
fmt	-0|$
fmtshort	-0|$
fmt	-0|A$
fmtshort	-0|A$
fmt	-0|HK$
fmtshort	-0|HK$
fmt	-0|XYZ 
fmtshort	-0|XYZ 
fmtnum	0.001
fmt	0.001|￥
fmtshort	0.001|￥
fmt	0.001|$
fmtshort	0.001|$
fmt	0.001|A$
fmtshort	0.001|A$
fmt	0.001|HK$
fmtshort	0.001|HK$
fmt	0.001|XYZ 
fmtshort	0.001|XYZ 
fmtnum	0.005
fmt	0.005|￥
fmtshort	0.005|￥
fmt	0.005|$
fmtshort	0.005|$
fmt	0.005|A$
fmtshort	0.005|A$
fmt	0.005|HK$
fmtshort	0.005|HK$
fmt	0.005|XYZ 
fmtshort	0.005|XYZ 
fmtnum	0.005
fmt	0.005|￥
fmtshort	0.005|￥
fmt	0.005|$
fmtshort	0.005|$
fmt	0.005|A$
fmtshort	0.005|A$
fmt	0.005|HK$
fmtshort	0.005|HK$
fmt	0.005|XYZ 
fmtshort	0.005|XYZ 
fmtnum	0.5
fmt	0.5|￥
fmtshort	0.5|￥
fmt	0.5|$
fmtshort	0.5|$
fmt	0.5|A$
fmtshort	0.5|A$
fmt	0.5|HK$
fmtshort	0.5|HK$
fmt	0.5|XYZ 
fmtshort	0.5|XYZ 
fmtnum	1
fmt	1|￥
fmtshort	1|￥
fmt	1|$
fmtshort	1|$
fmt	1|A$
fmtshort	1|A$
fmt	1|HK$
fmtshort	1|HK$
fmt	1|XYZ 
fmtshort	1|XYZ 
fmtnum	5
fmt	5|￥
fmtshort	5|￥
fmt	5|$
fmtshort	5|$
fmt	5|A$
fmtshort	5|A$
fmt	5|HK$
fmtshort	5|HK$
fmt	5|XYZ 
fmtshort	5|XYZ 
fmtnum	5.125
fmt	5.125|￥
fmtshort	5.125|￥
fmt	5.125|$
fmtshort	5.125|$
fmt	5.125|A$
fmtshort	5.125|A$
fmt	5.125|HK$
fmtshort	5.125|HK$
fmt	5.125|XYZ 
fmtshort	5.125|XYZ 
fmtnum	5.135
fmt	5.135|￥
fmtshort	5.135|￥
fmt	5.135|$
fmtshort	5.135|$
fmt	5.135|A$
fmtshort	5.135|A$
fmt	5.135|HK$
fmtshort	5.135|HK$
fmt	5.135|XYZ 
fmtshort	5.135|XYZ 
fmtnum	9.999
fmt	9.999|￥
fmtshort	9.999|￥
fmt	9.999|$
fmtshort	9.999|$
fmt	9.999|A$
fmtshort	9.999|A$
fmt	9.999|HK$
fmtshort	9.999|HK$
fmt	9.999|XYZ 
fmtshort	9.999|XYZ 
fmtnum	99.995
fmt	99.995|￥
fmtshort	99.995|￥
fmt	99.995|$
fmtshort	99.995|$
fmt	99.995|A$
fmtshort	99.995|A$
fmt	99.995|HK$
fmtshort	99.995|HK$
fmt	99.995|XYZ 
fmtshort	99.995|XYZ 
fmtnum	999
fmt	999|￥
fmtshort	999|￥
fmt	999|$
fmtshort	999|$
fmt	999|A$
fmtshort	999|A$
fmt	999|HK$
fmtshort	999|HK$
fmt	999|XYZ 
fmtshort	999|XYZ 
fmtnum	999.994
fmt	999.994|￥
fmtshort	999.994|￥
fmt	999.994|$
fmtshort	999.994|$
fmt	999.994|A$
fmtshort	999.994|A$
fmt	999.994|HK$
fmtshort	999.994|HK$
fmt	999.994|XYZ 
fmtshort	999.994|XYZ 
fmtnum	999.995
fmt	999.995|￥
fmtshort	999.995|￥
fmt	999.995|$
fmtshort	999.995|$
fmt	999.995|A$
fmtshort	999.995|A$
fmt	999.995|HK$
fmtshort	999.995|HK$
fmt	999.995|XYZ 
fmtshort	999.995|XYZ 
fmtnum	1000
fmt	1000|￥
fmtshort	1000|￥
fmt	1000|$
fmtshort	1000|$
fmt	1000|A$
fmtshort	1000|A$
fmt	1000|HK$
fmtshort	1000|HK$
fmt	1000|XYZ 
fmtshort	1000|XYZ 
fmtnum	1234.5
fmt	1234.5|￥
fmtshort	1234.5|￥
fmt	1234.5|$
fmtshort	1234.5|$
fmt	1234.5|A$
fmtshort	1234.5|A$
fmt	1234.5|HK$
fmtshort	1234.5|HK$
fmt	1234.5|XYZ 
fmtshort	1234.5|XYZ 
fmtnum	9999.99
fmt	9999.99|￥
fmtshort	9999.99|￥
fmt	9999.99|$
fmtshort	9999.99|$
fmt	9999.99|A$
fmtshort	9999.99|A$
fmt	9999.99|HK$
fmtshort	9999.99|HK$
fmt	9999.99|XYZ 
fmtshort	9999.99|XYZ 
fmtnum	10000
fmt	10000|￥
fmtshort	10000|￥
fmt	10000|$
fmtshort	10000|$
fmt	10000|A$
fmtshort	10000|A$
fmt	10000|HK$
fmtshort	10000|HK$
fmt	10000|XYZ 
fmtshort	10000|XYZ 
fmtnum	99999.5
fmt	99999.5|￥
fmtshort	99999.5|￥
fmt	99999.5|$
fmtshort	99999.5|$
fmt	99999.5|A$
fmtshort	99999.5|A$
fmt	99999.5|HK$
fmtshort	99999.5|HK$
fmt	99999.5|XYZ 
fmtshort	99999.5|XYZ 
fmtnum	100000
fmt	100000|￥
fmtshort	100000|￥
fmt	100000|$
fmtshort	100000|$
fmt	100000|A$
fmtshort	100000|A$
fmt	100000|HK$
fmtshort	100000|HK$
fmt	100000|XYZ 
fmtshort	100000|XYZ 
fmtnum	999999.99
fmt	999999.99|￥
fmtshort	999999.99|￥
fmt	999999.99|$
fmtshort	999999.99|$
fmt	999999.99|A$
fmtshort	999999.99|A$
fmt	999999.99|HK$
fmtshort	999999.99|HK$
fmt	999999.99|XYZ 
fmtshort	999999.99|XYZ 
fmtnum	1000000
fmt	1000000|￥
fmtshort	1000000|￥
fmt	1000000|$
fmtshort	1000000|$
fmt	1000000|A$
fmtshort	1000000|A$
fmt	1000000|HK$
fmtshort	1000000|HK$
fmt	1000000|XYZ 
fmtshort	1000000|XYZ 
fmtnum	1234567.5
fmt	1234567.5|￥
fmtshort	1234567.5|￥
fmt	1234567.5|$
fmtshort	1234567.5|$
fmt	1234567.5|A$
fmtshort	1234567.5|A$
fmt	1234567.5|HK$
fmtshort	1234567.5|HK$
fmt	1234567.5|XYZ 
fmtshort	1234567.5|XYZ 
fmtnum	12345678.9
fmt	12345678.9|￥
fmtshort	12345678.9|￥
fmt	12345678.9|$
fmtshort	12345678.9|$
fmt	12345678.9|A$
fmtshort	12345678.9|A$
fmt	12345678.9|HK$
fmtshort	12345678.9|HK$
fmt	12345678.9|XYZ 
fmtshort	12345678.9|XYZ 
fmtnum	999999999.99
fmt	999999999.99|￥
fmtshort	999999999.99|￥
fmt	999999999.99|$
fmtshort	999999999.99|$
fmt	999999999.99|A$
fmtshort	999999999.99|A$
fmt	999999999.99|HK$
fmtshort	999999999.99|HK$
fmt	999999999.99|XYZ 
fmtshort	999999999.99|XYZ 
fmtnum	-1
fmt	-1|￥
fmtshort	-1|￥
fmt	-1|$
fmtshort	-1|$
fmt	-1|A$
fmtshort	-1|A$
fmt	-1|HK$
fmtshort	-1|HK$
fmt	-1|XYZ 
fmtshort	-1|XYZ 
fmtnum	-0.5
fmt	-0.5|￥
fmtshort	-0.5|￥
fmt	-0.5|$
fmtshort	-0.5|$
fmt	-0.5|A$
fmtshort	-0.5|A$
fmt	-0.5|HK$
fmtshort	-0.5|HK$
fmt	-0.5|XYZ 
fmtshort	-0.5|XYZ 
fmtnum	-1234.5
fmt	-1234.5|￥
fmtshort	-1234.5|￥
fmt	-1234.5|$
fmtshort	-1234.5|$
fmt	-1234.5|A$
fmtshort	-1234.5|A$
fmt	-1234.5|HK$
fmtshort	-1234.5|HK$
fmt	-1234.5|XYZ 
fmtshort	-1234.5|XYZ 
fmtnum	-999.995
fmt	-999.995|￥
fmtshort	-999.995|￥
fmt	-999.995|$
fmtshort	-999.995|$
fmt	-999.995|A$
fmtshort	-999.995|A$
fmt	-999.995|HK$
fmtshort	-999.995|HK$
fmt	-999.995|XYZ 
fmtshort	-999.995|XYZ 
fmtnum	-1000000.005
fmt	-1000000.005|￥
fmtshort	-1000000.005|￥
fmt	-1000000.005|$
fmtshort	-1000000.005|$
fmt	-1000000.005|A$
fmtshort	-1000000.005|A$
fmt	-1000000.005|HK$
fmtshort	-1000000.005|HK$
fmt	-1000000.005|XYZ 
fmtshort	-1000000.005|XYZ 
fmtnum	1e21
fmt	1e21|￥
fmtshort	1e21|￥
fmt	1e21|$
fmtshort	1e21|$
fmt	1e21|A$
fmtshort	1e21|A$
fmt	1e21|HK$
fmtshort	1e21|HK$
fmt	1e21|XYZ 
fmtshort	1e21|XYZ 
fmtnum	0.0001
fmt	0.0001|￥
fmtshort	0.0001|￥
fmt	0.0001|$
fmtshort	0.0001|$
fmt	0.0001|A$
fmtshort	0.0001|A$
fmt	0.0001|HK$
fmtshort	0.0001|HK$
fmt	0.0001|XYZ 
fmtshort	0.0001|XYZ 
fmtnum	0.784911
fmtshort	0.784911|$
fmtnum	-99681.695
fmtshort	-99681.695|$
fmtnum	-2.605
fmtshort	-2.605|￥
fmtnum	89720.145
fmtshort	89720.145|￥
fmtnum	113.891583
fmtshort	113.891583|￥
fmtnum	4.145
fmtshort	4.145|$
fmtnum	6582892.985
fmtshort	6582892.985|￥
fmtnum	232841.296305
fmtshort	232841.296305|￥
fmtnum	191513.415
fmtshort	191513.415|A$
fmtnum	69549.005998
fmtshort	69549.005998|￥
fmtnum	48019341.99377
fmtshort	48019341.99377|A$
fmtnum	-89.055
fmtshort	-89.055|$
fmtnum	-1136581.72457
fmtshort	-1136581.72457|￥
fmtnum	2837078.753803
fmtshort	2837078.753803|$
fmtnum	-3011774.443709
fmtshort	-3011774.443709|￥
fmtnum	-6874.700931
fmtshort	-6874.700931|￥
fmtnum	-5057963.83703
fmtshort	-5057963.83703|$
fmtnum	753.765
fmtshort	753.765|$
fmtnum	2.027875
fmtshort	2.027875|￥
fmtnum	-648495.822743
fmtshort	-648495.822743|$
fmtnum	652548836.840479
fmtshort	652548836.840479|A$
fmtnum	-58885117.140848
fmtshort	-58885117.140848|A$
fmtnum	6154.371816
fmtshort	6154.371816|￥
fmtnum	1.970829
fmtshort	1.970829|￥
fmtnum	80415.097261
fmtshort	80415.097261|A$
fmtnum	-6409.769188
fmtshort	-6409.769188|A$
fmtnum	-429249434.366932
fmtshort	-429249434.366932|￥
fmtnum	-3.921923
fmtshort	-3.921923|A$
fmtnum	2.605075
fmtshort	2.605075|$
fmtnum	36941.222986
fmtshort	36941.222986|A$
fmtnum	6.359266
fmtshort	6.359266|A$
fmtnum	0.875
fmtshort	0.875|$
fmtnum	-730994793.535
fmtshort	-730994793.535|￥
fmtnum	-391.853504
fmtshort	-391.853504|A$
fmtnum	-10687581.978655
fmtshort	-10687581.978655|￥
fmtnum	-435959786.524211
fmtshort	-435959786.524211|$
fmtnum	-541.831365
fmtshort	-541.831365|￥
fmtnum	24.985
fmtshort	24.985|￥
fmtnum	6.955
fmtshort	6.955|￥
fmtnum	-73887.555
fmtshort	-73887.555|￥
fmtnum	46026.715581
fmtshort	46026.715581|$
fmtnum	-0.583258
fmtshort	-0.583258|￥
fmtnum	63771676.225
fmtshort	63771676.225|$
fmtnum	94550.173702
fmtshort	94550.173702|￥
fmtnum	-225402576.195
fmtshort	-225402576.195|$
fmtnum	-633970.932188
fmtshort	-633970.932188|$
fmtnum	-71.528956
fmtshort	-71.528956|$
fmtnum	5910196.607141
fmtshort	5910196.607141|￥
fmtnum	-841.39119
fmtshort	-841.39119|$
fmtnum	74.123166
fmtshort	74.123166|$
fmtnum	0.145
fmtshort	0.145|$
fmtnum	784369245.130631
fmtshort	784369245.130631|$
fmtnum	308.641189
fmtshort	308.641189|$
fmtnum	0.125
fmtshort	0.125|￥
fmtnum	-45829736.488349
fmtshort	-45829736.488349|$
fmtnum	-3103754.548168
fmtshort	-3103754.548168|￥
fmtnum	9.665
fmtshort	9.665|￥
fmtnum	-6.397817
fmtshort	-6.397817|A$
fmtnum	1068713.854232
fmtshort	1068713.854232|￥
fmtnum	0.605
fmtshort	0.605|$
fmtnum	-0.210215
fmtshort	-0.210215|A$
fmtnum	-2274330.159181
fmtshort	-2274330.159181|￥
fmtnum	170041.447252
fmtshort	170041.447252|￥
fmtnum	1025.143874
fmtshort	1025.143874|A$
fmtnum	207082.835
fmtshort	207082.835|$
fmtnum	-60915.725
fmtshort	-60915.725|A$
fmtnum	950003975.582067
fmtshort	950003975.582067|￥
fmtnum	8447.79151
fmtshort	8447.79151|￥
fmtnum	6587183.992068
fmtshort	6587183.992068|￥
fmtnum	620079790.431652
fmtshort	620079790.431652|A$
fmtnum	278636067.394392
fmtshort	278636067.394392|$
fmtnum	315398544.774316
fmtshort	315398544.774316|A$
fmtnum	93142661.755
fmtshort	93142661.755|$
fmtnum	-215060504.05683
fmtshort	-215060504.05683|￥
fmtnum	66883.698215
fmtshort	66883.698215|￥
fmtnum	-59324288.309455
fmtshort	-59324288.309455|A$
fmtnum	0.936579
fmtshort	0.936579|$
fmtnum	-92.995
fmtshort	-92.995|$
fmtnum	5197.909958
fmtshort	5197.909958|$
fmtnum	669576.712099
fmtshort	669576.712099|￥
fmtnum	16642.485
fmtshort	16642.485|A$
fmtnum	-34282414.205
fmtshort	-34282414.205|A$
fmtnum	94148.958834
fmtshort	94148.958834|$
fmtnum	-4814787.938203
fmtshort	-4814787.938203|A$
fmtnum	-79165.255
fmtshort	-79165.255|$
fmtnum	-5163.917421
fmtshort	-5163.917421|$
fmtnum	501747854.304109
fmtshort	501747854.304109|A$
fmtnum	93770708.725816
fmtshort	93770708.725816|￥
fmtnum	49681.603189
fmtshort	49681.603189|￥
fmtnum	13335.787169
fmtshort	13335.787169|$
fmtnum	9502.237948
fmtshort	9502.237948|￥
fmtnum	86392324.264047
fmtshort	86392324.264047|$
fmtnum	0.171558
fmtshort	0.171558|A$
fmtnum	-955.545
fmtshort	-955.545|A$
fmtnum	64.512444
fmtshort	64.512444|A$
fmtnum	88.415
fmtshort	88.415|$
fmtnum	-0.285
fmtshort	-0.285|$
fmtnum	6586.435969
fmtshort	6586.435969|A$
fmtnum	80169.110752
fmtshort	80169.110752|$
fmtnum	1808317.040873
fmtshort	1808317.040873|$
fmtnum	-0.525
fmtshort	-0.525|$
fmtnum	6.858022
fmtshort	6.858022|A$
fmtnum	86.075
fmtshort	86.075|$
fmtnum	683899.296524
fmtshort	683899.296524|￥
fmtnum	1.115
fmtshort	1.115|A$
fmtnum	78.945175
fmtshort	78.945175|$
fmtnum	-49399477.475
fmtshort	-49399477.475|A$
fmtnum	45.904593
fmtshort	45.904593|￥
fmtnum	80349185.400693
fmtshort	80349185.400693|￥
fmtnum	996147.316885
fmtshort	996147.316885|A$
fmtnum	0.530353
fmtshort	0.530353|￥
fmtnum	20522881.255
fmtshort	20522881.255|A$
fmtnum	800199012.048982
fmtshort	800199012.048982|￥
fmtnum	665.81227
fmtshort	665.81227|A$
fmtnum	4403593.54594
fmtshort	4403593.54594|A$
fmtnum	-226333750.402778
fmtshort	-226333750.402778|￥
fmtnum	2437721.24173
fmtshort	2437721.24173|A$
fmtnum	-35944.355
fmtshort	-35944.355|$
fmtnum	840752186.720721
fmtshort	840752186.720721|A$
fmtnum	910.235
fmtshort	910.235|￥
fmtnum	4973987.328427
fmtshort	4973987.328427|$
fmtnum	31332.615
fmtshort	31332.615|A$
fmtnum	-2223301.938282
fmtshort	-2223301.938282|A$
fmtnum	971.87017
fmtshort	971.87017|￥
fmtnum	18364.198571
fmtshort	18364.198571|$
fmtnum	590.503205
fmtshort	590.503205|￥
fmtnum	2166.325
fmtshort	2166.325|￥
fmtnum	2709418.715
fmtshort	2709418.715|A$
fmtnum	1405.525
fmtshort	1405.525|$
fmtnum	-5.620577
fmtshort	-5.620577|A$
fmtnum	-5.495
fmtshort	-5.495|A$
fmtnum	1106.959
fmtshort	1106.959|A$
fmtnum	4112.892521
fmtshort	4112.892521|A$
fmtnum	0.535
fmtshort	0.535|￥
fmtnum	59967613.326843
fmtshort	59967613.326843|$
fmtnum	-66164.395
fmtshort	-66164.395|￥
fmtnum	463682.412677
fmtshort	463682.412677|￥
fmtnum	-606.559622
fmtshort	-606.559622|$
fmtnum	6.145
fmtshort	6.145|A$
fmtnum	59.315
fmtshort	59.315|￥
fmtnum	28366610.253012
fmtshort	28366610.253012|￥
fmtnum	392.062663
fmtshort	392.062663|$
fmtnum	-3105.763844
fmtshort	-3105.763844|A$
fmtnum	930.481872
fmtshort	930.481872|￥
fmtnum	333.625
fmtshort	333.625|$
fmtnum	585838.665
fmtshort	585838.665|￥
fmtnum	1340.9959
fmtshort	1340.9959|￥
fmtnum	-94.411924
fmtshort	-94.411924|A$
fmtnum	-715990.034423
fmtshort	-715990.034423|A$
fmtnum	3192.735
fmtshort	3192.735|A$
fmtnum	-817372631.355874
fmtshort	-817372631.355874|$
fmtnum	73.928566
fmtshort	73.928566|$
fmtnum	819.925112
fmtshort	819.925112|￥
fmtnum	660270521.713197
fmtshort	660270521.713197|$
fmtnum	134321278.946743
fmtshort	134321278.946743|￥
fmtnum	5390.954826
fmtshort	5390.954826|$
fmtnum	-56379792.185
fmtshort	-56379792.185|￥
fmtnum	54082863.371816
fmtshort	54082863.371816|A$
fmtnum	-21.383678
fmtshort	-21.383678|$
fmtnum	626166177.325
fmtshort	626166177.325|￥
fmtnum	727.885
fmtshort	727.885|$
fmtnum	672636234.897365
fmtshort	672636234.897365|$
fmtnum	44.405
fmtshort	44.405|A$
fmtnum	35477654.291075
fmtshort	35477654.291075|$
fmtnum	-185.502685
fmtshort	-185.502685|$
fmtnum	-90692.584989
fmtshort	-90692.584989|$
fmtnum	861.605
fmtshort	861.605|A$
fmtnum	49101.611822
fmtshort	49101.611822|A$
fmtnum	-833106474.592525
fmtshort	-833106474.592525|A$
fmtnum	-93620039.444849
fmtshort	-93620039.444849|A$
fmtnum	17.805
fmtshort	17.805|￥
fmtnum	-1464.751091
fmtshort	-1464.751091|$
fmtnum	4388267.935
fmtshort	4388267.935|$
fmtnum	83.607769
fmtshort	83.607769|A$
fmtnum	540.705966
fmtshort	540.705966|A$
fmtnum	-399234418.985
fmtshort	-399234418.985|￥
fmtnum	-7830.445
fmtshort	-7830.445|A$
fmtnum	108979.405
fmtshort	108979.405|$
fmtnum	-65461.201614
fmtshort	-65461.201614|$
fmtnum	7299.305
fmtshort	7299.305|$
fmtnum	916986.595
fmtshort	916986.595|A$
fmtnum	-65.932037
fmtshort	-65.932037|$
fmtnum	997.865
fmtshort	997.865|A$
fmtnum	-4422557.985
fmtshort	-4422557.985|A$
fmtnum	70.975
fmtshort	70.975|￥
fmtnum	30176.98038
fmtshort	30176.98038|$
fmtnum	57.965302
fmtshort	57.965302|￥
fmtnum	7154.849684
fmtshort	7154.849684|￥
fmtnum	638.479373
fmtshort	638.479373|$
fmtnum	304500415.194832
fmtshort	304500415.194832|￥
fmtnum	6153070.445596
fmtshort	6153070.445596|A$
fmtnum	41860164.045003
fmtshort	41860164.045003|A$
fmtnum	-44172.716436
fmtshort	-44172.716436|$
fmtnum	0.618345
fmtshort	0.618345|￥
fmtnum	85596327.695
fmtshort	85596327.695|￥
fmtnum	1147.495
fmtshort	1147.495|$
fmtnum	29.856696
fmtshort	29.856696|A$
fmtnum	313.062678
fmtshort	313.062678|$
fmtnum	-3.375
fmtshort	-3.375|￥
fmtnum	51202.776987
fmtshort	51202.776987|$
fmtnum	0.945
fmtshort	0.945|$
fmtnum	-13.098616
fmtshort	-13.098616|$
fmtnum	810713560.335
fmtshort	810713560.335|￥
fmtnum	4976708.595
fmtshort	4976708.595|￥
fmtnum	0.336765
fmtshort	0.336765|￥
fmtnum	577593.155
fmtshort	577593.155|A$
fmtnum	549.701272
fmtshort	549.701272|￥
fmtnum	2795.325
fmtshort	2795.325|A$
fmtnum	-125.458548
fmtshort	-125.458548|￥
fmtnum	40.723111
fmtshort	40.723111|A$
fmtnum	-4800145.646539
fmtshort	-4800145.646539|￥
fmtnum	-3103.887181
fmtshort	-3103.887181|$
fmtnum	-70726.375
fmtshort	-70726.375|A$
fmtnum	52613.205
fmtshort	52613.205|$
fmtnum	97980036.525
fmtshort	97980036.525|A$
fmtnum	40119.959237
fmtshort	40119.959237|A$
fmtnum	118385.761782
fmtshort	118385.761782|￥
fmtnum	9.473917
fmtshort	9.473917|￥
fmtnum	6371339.005
fmtshort	6371339.005|￥
fmtnum	5602876.656011
fmtshort	5602876.656011|$
fmtnum	5684186.133428
fmtshort	5684186.133428|$
fmtnum	-77549.686038
fmtshort	-77549.686038|A$
fmtnum	288756952.04395
fmtshort	288756952.04395|A$
fmtnum	295.145
fmtshort	295.145|A$
fmtnum	1071.49023
fmtshort	1071.49023|￥
fmtnum	-310539375.363822
fmtshort	-310539375.363822|$
fmtnum	-704958926.195252
fmtshort	-704958926.195252|￥
fmtnum	9810.337621
fmtshort	9810.337621|$
fmtnum	4.445403
fmtshort	4.445403|A$
fmtnum	0.725051
fmtshort	0.725051|￥
fmtnum	64.245579
fmtshort	64.245579|￥
fmtnum	-9.429404
fmtshort	-9.429404|￥
fmtnum	80839.774308
fmtshort	80839.774308|$
fmtnum	-567368.086907
fmtshort	-567368.086907|$
fmtnum	676.509864
fmtshort	676.509864|$
fmtnum	7.529027
fmtshort	7.529027|A$
fmtnum	28405274.413508
fmtshort	28405274.413508|A$
fmtnum	6.119045
fmtshort	6.119045|A$
fmtnum	98092323.665
fmtshort	98092323.665|A$
fmtnum	-1580.985
fmtshort	-1580.985|A$
fmtnum	769592549.51642
fmtshort	769592549.51642|A$
fmtnum	8496.691151
fmtshort	8496.691151|￥
fmtnum	8034.508199
fmtshort	8034.508199|A$
fmtnum	-9929.195243
fmtshort	-9929.195243|A$
fmtnum	5759.336251
fmtshort	5759.336251|A$
fmtnum	653538.085172
fmtshort	653538.085172|￥
fmtnum	-654057506.885006
fmtshort	-654057506.885006|A$
fmtnum	1325421.258797
fmtshort	1325421.258797|A$
fmtnum	11.186135
fmtshort	11.186135|￥
fmtnum	15434.20614
fmtshort	15434.20614|A$
fmtnum	-78.500143
fmtshort	-78.500143|A$
fmtnum	589.849814
fmtshort	589.849814|A$
fmtnum	-69992846.285266
fmtshort	-69992846.285266|￥
fmtnum	0.310029
fmtshort	0.310029|￥
fmtnum	416.804923
fmtshort	416.804923|$
fmtnum	96.865
fmtshort	96.865|A$
fmtnum	4285510.601991
fmtshort	4285510.601991|$
fmtnum	-62213518.155
fmtshort	-62213518.155|￥
fmtnum	0.567221
fmtshort	0.567221|A$
fmtnum	42559.002171
fmtshort	42559.002171|￥
fmtnum	7313757.485
fmtshort	7313757.485|A$
fmtnum	-192.045
fmtshort	-192.045|$
fmtnum	165.784442
fmtshort	165.784442|￥
fmtnum	10749.505
fmtshort	10749.505|A$
fmtnum	2.212879
fmtshort	2.212879|A$
fmtnum	-304.657042
fmtshort	-304.657042|￥
fmtnum	469.770698
fmtshort	469.770698|￥
fmtnum	0.875
fmtshort	0.875|A$
fmtnum	875859.395
fmtshort	875859.395|A$
fmtnum	0.755
fmtshort	0.755|$
fmtnum	8288.105323
fmtshort	8288.105323|$
fmtnum	908.775
fmtshort	908.775|￥
fmtnum	66712455.117114
fmtshort	66712455.117114|￥
fmtnum	682650805.300822
fmtshort	682650805.300822|A$
fmtnum	14789926.219609
fmtshort	14789926.219609|￥
fmtnum	910027.979809
fmtshort	910027.979809|$
fmtnum	5086822.562194
fmtshort	5086822.562194|$
fmtnum	4092714.492331
fmtshort	4092714.492331|A$
fmtnum	2427.723706
fmtshort	2427.723706|$
fmtnum	77607063.322196
fmtshort	77607063.322196|A$
fmtnum	0.706651
fmtshort	0.706651|￥
fmtnum	21631.138218
fmtshort	21631.138218|￥
fmtnum	7027.766882
fmtshort	7027.766882|$
fmtnum	750802.775
fmtshort	750802.775|A$
fmtnum	772940.295
fmtshort	772940.295|￥
fmtnum	316.19654
fmtshort	316.19654|￥
fmtnum	8997.09068
fmtshort	8997.09068|￥
fmtnum	-8.855
fmtshort	-8.855|A$
fmtnum	-74462.735
fmtshort	-74462.735|$
fmtnum	9142521.459912
fmtshort	9142521.459912|$
fmtnum	798864.495
fmtshort	798864.495|￥
fmtnum	8865.187018
fmtshort	8865.187018|$
fmtnum	49.94276
fmtshort	49.94276|$
fmtnum	1.916617
fmtshort	1.916617|￥
fmtnum	-844928425.44761
fmtshort	-844928425.44761|￥
fmtnum	15.804598
fmtshort	15.804598|￥
fmtnum	1545.645
fmtshort	1545.645|A$
fmtnum	8.123959
fmtshort	8.123959|￥
fmtnum	87393202.895457
fmtshort	87393202.895457|$
fmtnum	77.630594
fmtshort	77.630594|$
fmtnum	-99670884.620244
fmtshort	-99670884.620244|A$
fmtnum	157.959274
fmtshort	157.959274|￥
fmtnum	-4611206.271552
fmtshort	-4611206.271552|￥
fmtnum	1338.436862
fmtshort	1338.436862|￥
fmtnum	502.761458
fmtshort	502.761458|$
fmtnum	3.485
fmtshort	3.485|A$
fmtnum	-991544961.424283
fmtshort	-991544961.424283|A$
fmtnum	1231134.812659
fmtshort	1231134.812659|$
fmtnum	-1802824.555
fmtshort	-1802824.555|￥
fmtnum	-0.075
fmtshort	-0.075|￥
fmtnum	296566046.142512
fmtshort	296566046.142512|￥
fmtnum	96.225
fmtshort	96.225|A$
fmtnum	350931.770539
fmtshort	350931.770539|￥
fmtnum	-52959748.115
fmtshort	-52959748.115|￥
fmtnum	47.115181
fmtshort	47.115181|￥
fmtnum	5735.924721
fmtshort	5735.924721|￥
fmtnum	-457455.782721
fmtshort	-457455.782721|A$
fmtnum	-73.981774
fmtshort	-73.981774|A$
fmtnum	0.735
fmtshort	0.735|A$
fmtnum	8655104.465
fmtshort	8655104.465|A$
fmtnum	579570140.765
fmtshort	579570140.765|A$
fmtnum	924042.216086
fmtshort	924042.216086|$
fmtnum	612855323.785
fmtshort	612855323.785|￥
fmtnum	161.155
fmtshort	161.155|$
fmtnum	2.715
fmtshort	2.715|$
fmtnum	2296.236387
fmtshort	2296.236387|$
fmtnum	-1851737.42423
fmtshort	-1851737.42423|$
fmtnum	26033.526584
fmtshort	26033.526584|￥
fmtnum	-0.593256
fmtshort	-0.593256|A$
fmtnum	78036426.135297
fmtshort	78036426.135297|￥
fmtnum	-3331179.179195
fmtshort	-3331179.179195|$
fmtnum	-13.218319
fmtshort	-13.218319|$
fmtnum	-8342.185
fmtshort	-8342.185|A$
fmtnum	-425381.432928
fmtshort	-425381.432928|$
fmtnum	260629658.560661
fmtshort	260629658.560661|￥
fmtnum	590.354805
fmtshort	590.354805|￥
fmtnum	-719.345
fmtshort	-719.345|$
fmtnum	1446.834232
fmtshort	1446.834232|A$
fmtnum	-3690340.436267
fmtshort	-3690340.436267|A$
fmtnum	769.695
fmtshort	769.695|￥
fmtnum	583143480.911525
fmtshort	583143480.911525|￥
fmtnum	-605991.746462
fmtshort	-605991.746462|A$
fmtnum	23.580223
fmtshort	23.580223|$
fmtnum	83.845
fmtshort	83.845|A$
fmtnum	7487.565
fmtshort	7487.565|￥
fmtnum	74423.964808
fmtshort	74423.964808|$
fmtnum	30357.605
fmtshort	30357.605|$
fmtnum	603.473568
fmtshort	603.473568|A$
fmtnum	1522.732859
fmtshort	1522.732859|A$
fmtnum	326.965
fmtshort	326.965|￥
fmtnum	49963379.245
fmtshort	49963379.245|￥
fmtnum	-249090.126439
fmtshort	-249090.126439|A$
fmtnum	645080.952542
fmtshort	645080.952542|￥
fmtnum	75.413911
fmtshort	75.413911|A$
fmtnum	144200031.187756
fmtshort	144200031.187756|$
fmtnum	85747.505
fmtshort	85747.505|$
fmtnum	-50.325
fmtshort	-50.325|$
fmtnum	399.345
fmtshort	399.345|A$
fmtnum	20.105
fmtshort	20.105|A$
fmtnum	801755310.473376
fmtshort	801755310.473376|￥
fmtnum	-50.225
fmtshort	-50.225|A$
fmtnum	-844.262424
fmtshort	-844.262424|￥
fmtnum	1.967145
fmtshort	1.967145|￥
fmtnum	98.275
fmtshort	98.275|A$
fmtnum	-3420.388524
fmtshort	-3420.388524|$
fmtnum	23.90817
fmtshort	23.90817|￥
fmtnum	955.716083
fmtshort	955.716083|$
fmtnum	5439.086243
fmtshort	5439.086243|$
fmtnum	41460.898626
fmtshort	41460.898626|￥
fmtnum	-130.315
fmtshort	-130.315|$
fmtnum	47.142177
fmtshort	47.142177|$
fmtnum	15299.285649
fmtshort	15299.285649|$
fmtnum	765565660.574473
fmtshort	765565660.574473|A$
fmtnum	-11908.587663
fmtshort	-11908.587663|A$
fmtnum	-3.135
fmtshort	-3.135|$
fmtnum	-990858468.213067
fmtshort	-990858468.213067|A$
fmtnum	0.995
fmtshort	0.995|￥
fmtnum	62775018.78517
fmtshort	62775018.78517|A$
fmtnum	998531.355
fmtshort	998531.355|$
fmtnum	688045.925
fmtshort	688045.925|￥
fmtnum	87388.435
fmtshort	87388.435|￥
fmtnum	167.175
fmtshort	167.175|$
fmtnum	-6.815
fmtshort	-6.815|$
fmtnum	6109144.935
fmtshort	6109144.935|A$
fmtnum	-715725.018446
fmtshort	-715725.018446|￥
fmtnum	-288878324.266839
fmtshort	-288878324.266839|$
fmtnum	15.277034
fmtshort	15.277034|￥
fmtnum	1064.047101
fmtshort	1064.047101|￥
fmtnum	9312628.925042
fmtshort	9312628.925042|A$
fmtnum	-735.778827
fmtshort	-735.778827|$
fmtnum	-301200.742139
fmtshort	-301200.742139|A$
fmtnum	21040014.386696
fmtshort	21040014.386696|A$
fmtnum	0.505
fmtshort	0.505|A$
fmtnum	887706.426143
fmtshort	887706.426143|$
fmtnum	5982.275
fmtshort	5982.275|A$
fmtnum	-55.561116
fmtshort	-55.561116|￥
fmtnum	2181836.503371
fmtshort	2181836.503371|￥
fmtnum	-1431.898522
fmtshort	-1431.898522|$
fmtnum	86043.307694
fmtshort	86043.307694|A$
fmtnum	90642647.536056
fmtshort	90642647.536056|￥
fmtnum	4179078.540226
fmtshort	4179078.540226|A$
fmtnum	-9.275
fmtshort	-9.275|￥
fmtnum	84137.475
fmtshort	84137.475|$
fmtnum	-59.034524
fmtshort	-59.034524|$
fmtnum	3838.310179
fmtshort	3838.310179|A$
fmtnum	8668037.037149
fmtshort	8668037.037149|A$
fmtnum	5.526525
fmtshort	5.526525|$
fmtnum	44096.143615
fmtshort	44096.143615|$
fmtnum	1.745
fmtshort	1.745|$
fmtnum	8729419.792875
fmtshort	8729419.792875|A$
fmtnum	-9019.951316
fmtshort	-9019.951316|￥
fmtnum	72430204.855
fmtshort	72430204.855|$
fmtnum	-271.422217
fmtshort	-271.422217|A$
fmtnum	556.265
fmtshort	556.265|A$
fmtnum	-43585.635
fmtshort	-43585.635|￥
fmtnum	861190488.591362
fmtshort	861190488.591362|A$
fmtnum	68187.784239
fmtshort	68187.784239|$
fmtnum	55973132.270514
fmtshort	55973132.270514|$
fmtnum	-8.801227
fmtshort	-8.801227|A$
fmtnum	0.205
fmtshort	0.205|￥
fmtnum	199.65624
fmtshort	199.65624|A$
fmtnum	0.145
fmtshort	0.145|A$
fmtnum	-283714.9019
fmtshort	-283714.9019|$
fmtnum	0.875484
fmtshort	0.875484|￥
fmtnum	14841242.345
fmtshort	14841242.345|$
fmtnum	3945.424376
fmtshort	3945.424376|$
fmtnum	0.965
fmtshort	0.965|A$
fmtnum	-960.175
fmtshort	-960.175|￥
fmtnum	154.37709
fmtshort	154.37709|A$
fmtnum	54787.777357
fmtshort	54787.777357|A$
fmtnum	7.903729
fmtshort	7.903729|￥
fmtnum	54146834.351356
fmtshort	54146834.351356|$
fmtnum	-31.295
fmtshort	-31.295|￥
fmtnum	-19669.585
fmtshort	-19669.585|A$
fmtnum	94419711.425
fmtshort	94419711.425|$
fmtnum	33648633.454074
fmtshort	33648633.454074|$
fmtnum	703.552755
fmtshort	703.552755|$
fmtnum	171276.925
fmtshort	171276.925|$
fmtnum	-2178.617128
fmtshort	-2178.617128|￥
fmtnum	-91.311953
fmtshort	-91.311953|$
fmtnum	8293701.322095
fmtshort	8293701.322095|$
fmtnum	-360.71627
fmtshort	-360.71627|A$
fmtnum	9.840868
fmtshort	9.840868|￥
fmtnum	55.595
fmtshort	55.595|A$
fmtnum	746685.560831
fmtshort	746685.560831|$
fmtnum	448666.347713
fmtshort	448666.347713|￥
fmtnum	4960.429329
fmtshort	4960.429329|￥
fmtnum	588519.375
fmtshort	588519.375|￥
fmtnum	808981067.739927
fmtshort	808981067.739927|￥
fmtnum	-326.72975
fmtshort	-326.72975|A$
fmtnum	0.166243
fmtshort	0.166243|$
fmtnum	-3977.572255
fmtshort	-3977.572255|A$
fmtnum	8516.085
fmtshort	8516.085|￥
fmtnum	82530054.530142
fmtshort	82530054.530142|￥
fmtnum	643601.655009
fmtshort	643601.655009|￥
fmtnum	497993.835
fmtshort	497993.835|￥
fmtnum	-1398.628193
fmtshort	-1398.628193|$
fmtnum	74134.698576
fmtshort	74134.698576|A$
fmtnum	957716.637583
fmtshort	957716.637583|￥
fmtnum	-0.739639
fmtshort	-0.739639|￥
fmtnum	80.355
fmtshort	80.355|￥
fmtnum	266297226.475
fmtshort	266297226.475|￥
fmtnum	26.316288
fmtshort	26.316288|￥
fmtnum	117024.175
fmtshort	117024.175|$
fmtnum	2.215095
fmtshort	2.215095|$
fmtnum	-49058.193617
fmtshort	-49058.193617|$
fmtnum	-9.205
fmtshort	-9.205|$
fmtnum	92983.985
fmtshort	92983.985|A$
fmtnum	387722479.995289
fmtshort	387722479.995289|$
fmtnum	429.605894
fmtshort	429.605894|A$
fmtnum	-4.633532
fmtshort	-4.633532|￥
fmtnum	-88.826664
fmtshort	-88.826664|$
fmtnum	6002.935
fmtshort	6002.935|￥
fmtnum	1046.215
fmtshort	1046.215|$
fmtnum	16.667467
fmtshort	16.667467|A$
fmtnum	-48151211.478596
fmtshort	-48151211.478596|￥
fmtnum	3171.504973
fmtshort	3171.504973|A$
fmtnum	0.277388
fmtshort	0.277388|A$
fmtnum	85871845.955
fmtshort	85871845.955|$
fmtnum	-33.355
fmtshort	-33.355|￥
fmtnum	0.453372
fmtshort	0.453372|$
fmtnum	718190995.655
fmtshort	718190995.655|￥
fmtnum	4985277.803047
fmtshort	4985277.803047|A$
fmtnum	8993.559539
fmtshort	8993.559539|A$
fmtnum	4.61547
fmtshort	4.61547|￥
fmtnum	765601099.375
fmtshort	765601099.375|$
fmtnum	-0.485
fmtshort	-0.485|$
fmtnum	971450.671906
fmtshort	971450.671906|A$
fmtnum	-1.204361
fmtshort	-1.204361|￥
fmtnum	-31.744591
fmtshort	-31.744591|￥
fmtnum	706.535
fmtshort	706.535|$
fmtnum	-422112.17383
fmtshort	-422112.17383|$
fmtnum	-568.058263
fmtshort	-568.058263|$
fmtnum	0.773058
fmtshort	0.773058|A$
fmtnum	764664398.580808
fmtshort	764664398.580808|￥
fmtnum	24.965
fmtshort	24.965|$
fmtnum	47809276.277887
fmtshort	47809276.277887|A$
fmtnum	37.534117
fmtshort	37.534117|A$
fmtnum	-75.205
fmtshort	-75.205|A$
fmtnum	2.263857
fmtshort	2.263857|A$
cursym	CNY
cursym	USD
cursym	AUD
cursym	EUR
cursym	GBP
cursym	JPY
cursym	HKD
cursym	KRW
cursym	CAD
cursym	SGD
cursym	XYZ
cursym	
cursym	usd
cursym	ZERO
tobase	0||
tobase	0||7.5
tobase	0||0
tobase	0||-1
tobase	0|CNY|
tobase	0|CNY|7.5
tobase	0|CNY|0
tobase	0|CNY|-1
tobase	0|USD|
tobase	0|USD|7.5
tobase	0|USD|0
tobase	0|USD|-1
tobase	0|JPY|
tobase	0|JPY|7.5
tobase	0|JPY|0
tobase	0|JPY|-1
tobase	0|EUR|
tobase	0|EUR|7.5
tobase	0|EUR|0
tobase	0|EUR|-1
tobase	0|ZERO|
tobase	0|ZERO|7.5
tobase	0|ZERO|0
tobase	0|ZERO|-1
tobase	0|UNKNOWN|
tobase	0|UNKNOWN|7.5
tobase	0|UNKNOWN|0
tobase	0|UNKNOWN|-1
tobase	1||
tobase	1||7.5
tobase	1||0
tobase	1||-1
tobase	1|CNY|
tobase	1|CNY|7.5
tobase	1|CNY|0
tobase	1|CNY|-1
tobase	1|USD|
tobase	1|USD|7.5
tobase	1|USD|0
tobase	1|USD|-1
tobase	1|JPY|
tobase	1|JPY|7.5
tobase	1|JPY|0
tobase	1|JPY|-1
tobase	1|EUR|
tobase	1|EUR|7.5
tobase	1|EUR|0
tobase	1|EUR|-1
tobase	1|ZERO|
tobase	1|ZERO|7.5
tobase	1|ZERO|0
tobase	1|ZERO|-1
tobase	1|UNKNOWN|
tobase	1|UNKNOWN|7.5
tobase	1|UNKNOWN|0
tobase	1|UNKNOWN|-1
tobase	10||
tobase	10||7.5
tobase	10||0
tobase	10||-1
tobase	10|CNY|
tobase	10|CNY|7.5
tobase	10|CNY|0
tobase	10|CNY|-1
tobase	10|USD|
tobase	10|USD|7.5
tobase	10|USD|0
tobase	10|USD|-1
tobase	10|JPY|
tobase	10|JPY|7.5
tobase	10|JPY|0
tobase	10|JPY|-1
tobase	10|EUR|
tobase	10|EUR|7.5
tobase	10|EUR|0
tobase	10|EUR|-1
tobase	10|ZERO|
tobase	10|ZERO|7.5
tobase	10|ZERO|0
tobase	10|ZERO|-1
tobase	10|UNKNOWN|
tobase	10|UNKNOWN|7.5
tobase	10|UNKNOWN|0
tobase	10|UNKNOWN|-1
tobase	100.5||
tobase	100.5||7.5
tobase	100.5||0
tobase	100.5||-1
tobase	100.5|CNY|
tobase	100.5|CNY|7.5
tobase	100.5|CNY|0
tobase	100.5|CNY|-1
tobase	100.5|USD|
tobase	100.5|USD|7.5
tobase	100.5|USD|0
tobase	100.5|USD|-1
tobase	100.5|JPY|
tobase	100.5|JPY|7.5
tobase	100.5|JPY|0
tobase	100.5|JPY|-1
tobase	100.5|EUR|
tobase	100.5|EUR|7.5
tobase	100.5|EUR|0
tobase	100.5|EUR|-1
tobase	100.5|ZERO|
tobase	100.5|ZERO|7.5
tobase	100.5|ZERO|0
tobase	100.5|ZERO|-1
tobase	100.5|UNKNOWN|
tobase	100.5|UNKNOWN|7.5
tobase	100.5|UNKNOWN|0
tobase	100.5|UNKNOWN|-1
tobase	-25||
tobase	-25||7.5
tobase	-25||0
tobase	-25||-1
tobase	-25|CNY|
tobase	-25|CNY|7.5
tobase	-25|CNY|0
tobase	-25|CNY|-1
tobase	-25|USD|
tobase	-25|USD|7.5
tobase	-25|USD|0
tobase	-25|USD|-1
tobase	-25|JPY|
tobase	-25|JPY|7.5
tobase	-25|JPY|0
tobase	-25|JPY|-1
tobase	-25|EUR|
tobase	-25|EUR|7.5
tobase	-25|EUR|0
tobase	-25|EUR|-1
tobase	-25|ZERO|
tobase	-25|ZERO|7.5
tobase	-25|ZERO|0
tobase	-25|ZERO|-1
tobase	-25|UNKNOWN|
tobase	-25|UNKNOWN|7.5
tobase	-25|UNKNOWN|0
tobase	-25|UNKNOWN|-1
tobase	1e6||
tobase	1e6||7.5
tobase	1e6||0
tobase	1e6||-1
tobase	1e6|CNY|
tobase	1e6|CNY|7.5
tobase	1e6|CNY|0
tobase	1e6|CNY|-1
tobase	1e6|USD|
tobase	1e6|USD|7.5
tobase	1e6|USD|0
tobase	1e6|USD|-1
tobase	1e6|JPY|
tobase	1e6|JPY|7.5
tobase	1e6|JPY|0
tobase	1e6|JPY|-1
tobase	1e6|EUR|
tobase	1e6|EUR|7.5
tobase	1e6|EUR|0
tobase	1e6|EUR|-1
tobase	1e6|ZERO|
tobase	1e6|ZERO|7.5
tobase	1e6|ZERO|0
tobase	1e6|ZERO|-1
tobase	1e6|UNKNOWN|
tobase	1e6|UNKNOWN|7.5
tobase	1e6|UNKNOWN|0
tobase	1e6|UNKNOWN|-1
