amount	付款 ¥35.00
amount	¥35.00 已支付
amount	付款 ￥1,234.00
amount	￥1,234.00 已支付
amount	付款 RMB 12
amount	RMB 12 已支付
amount	付款 人民币 8.5
amount	人民币 8.5 已支付
amount	付款 35元
amount	35元 已支付
amount	付款 35 块
amount	35 块 已支付
amount	付款 ０.０１
amount	０.０１ 已支付
amount	付款 ¥0.00
amount	¥0.00 已支付
amount	付款 ¥3５
amount	¥3５ 已支付
amount	付款 35
amount	35 已支付
amount	付款 1234
amount	1234 已支付
amount	付款 ¥99999999.99
amount	¥99999999.99 已支付
amount	付款 ¥0.005
amount	¥0.005 已支付
amount	付款 ¥.5
amount	¥.5 已支付
amount	付款 ¥1,2,3.45
amount	¥1,2,3.45 已支付
io	付款
io	支付
io	消费
io	扣款
io	到账
io	收款
io	退款
io	转入
io	转出
io	缴费
io	返现
io	优惠券
io	立减
io	积分
io	签到
io	待还款
io	账单已出
io	验证码
io	邀请
io	升级
io	支付宝
io	微信支付
io	云闪付
io	银联
io	财付通
io	支付宝 消费
io	微信支付到账
merchant	向 星巴克 付款
merchant	向　星巴克　付款
merchant	向 星巴克 付款
merchant	向星巴克付款
merchant	在星巴克消费
merchant	在星巴克消费
merchant	在星巴克消费
merchant	在星巴克消费
merchant	收到星巴克的转账
merchant	收到星巴克的转账
merchant	收到星巴克的转账
merchant	收到星巴克的转账
merchant	星巴克向你付款
merchant	星巴克向你付款
merchant	星巴克向你付款
merchant	星巴克向你付款
merchant	商户：星巴克 
merchant	商户：星巴克 
merchant	商户：星巴克 
merchant	商户：星巴克 
merchant	商户:星巴克
merchant	商户:星巴克
merchant	商户:星巴克
merchant	商户:星巴克
merchant	向 麦当劳 付款
merchant	向　麦当劳　付款
merchant	向 麦当劳 付款
merchant	向麦当劳付款
merchant	在麦当劳消费
merchant	在麦当劳消费
merchant	在麦当劳消费
merchant	在麦当劳消费
merchant	收到麦当劳的转账
merchant	收到麦当劳的转账
merchant	收到麦当劳的转账
merchant	收到麦当劳的转账
merchant	麦当劳向你付款
merchant	麦当劳向你付款
merchant	麦当劳向你付款
merchant	麦当劳向你付款
merchant	商户：麦当劳 
merchant	商户：麦当劳 
merchant	商户：麦当劳 
merchant	商户：麦当劳 
merchant	商户:麦当劳
merchant	商户:麦当劳
merchant	商户:麦当劳
merchant	商户:麦当劳
merchant	向 全家便利店 付款
merchant	向　全家便利店　付款
merchant	向 全家便利店 付款
merchant	向全家便利店付款
merchant	在全家便利店消费
merchant	在全家便利店消费
merchant	在全家便利店消费
merchant	在全家便利店消费
merchant	收到全家便利店的转账
merchant	收到全家便利店的转账
merchant	收到全家便利店的转账
merchant	收到全家便利店的转账
merchant	全家便利店向你付款
merchant	全家便利店向你付款
merchant	全家便利店向你付款
merchant	全家便利店向你付款
merchant	商户：全家便利店 
merchant	商户：全家便利店 
merchant	商户：全家便利店 
merchant	商户：全家便利店 
merchant	商户:全家便利店
merchant	商户:全家便利店
merchant	商户:全家便利店
merchant	商户:全家便利店
merchant	向 张三 付款
merchant	向　张三　付款
merchant	向 张三 付款
merchant	向张三付款
merchant	在张三消费
merchant	在张三消费
merchant	在张三消费
merchant	在张三消费
merchant	收到张三的转账
merchant	收到张三的转账
merchant	收到张三的转账
merchant	收到张三的转账
merchant	张三向你付款
merchant	张三向你付款
merchant	张三向你付款
merchant	张三向你付款
merchant	商户：张三 
merchant	商户：张三 
merchant	商户：张三 
merchant	商户：张三 
merchant	商户:张三
merchant	商户:张三
merchant	商户:张三
merchant	商户:张三
merchant	向 李四 付款
merchant	向　李四　付款
merchant	向 李四 付款
merchant	向李四付款
merchant	在李四消费
merchant	在李四消费
merchant	在李四消费
merchant	在李四消费
merchant	收到李四的转账
merchant	收到李四的转账
merchant	收到李四的转账
merchant	收到李四的转账
merchant	李四向你付款
merchant	李四向你付款
merchant	李四向你付款
merchant	李四向你付款
merchant	商户：李四 
merchant	商户：李四 
merchant	商户：李四 
merchant	商户：李四 
merchant	商户:李四
merchant	商户:李四
merchant	商户:李四
merchant	商户:李四
merchant	向 对方 付款
merchant	向　对方　付款
merchant	向 对方 付款
merchant	向对方付款
merchant	在对方消费
merchant	在对方消费
merchant	在对方消费
merchant	在对方消费
merchant	收到对方的转账
merchant	收到对方的转账
merchant	收到对方的转账
merchant	收到对方的转账
merchant	对方向你付款
merchant	对方向你付款
merchant	对方向你付款
merchant	对方向你付款
merchant	商户：对方 
merchant	商户：对方 
merchant	商户：对方 
merchant	商户：对方 
merchant	商户:对方
merchant	商户:对方
merchant	商户:对方
merchant	商户:对方
merchant	向 好友 付款
merchant	向　好友　付款
merchant	向 好友 付款
merchant	向好友付款
merchant	在好友消费
merchant	在好友消费
merchant	在好友消费
merchant	在好友消费
merchant	收到好友的转账
merchant	收到好友的转账
merchant	收到好友的转账
merchant	收到好友的转账
merchant	好友向你付款
merchant	好友向你付款
merchant	好友向你付款
merchant	好友向你付款
merchant	商户：好友 
merchant	商户：好友 
merchant	商户：好友 
merchant	商户：好友 
merchant	商户:好友
merchant	商户:好友
merchant	商户:好友
merchant	商户:好友
merchant	向 12345 付款
merchant	向　12345　付款
merchant	向 12345 付款
merchant	向12345付款
merchant	在12345消费
merchant	在12345消费
merchant	在12345消费
merchant	在12345消费
merchant	收到12345的转账
merchant	收到12345的转账
merchant	收到12345的转账
merchant	收到12345的转账
merchant	12345向你付款
merchant	12345向你付款
merchant	12345向你付款
merchant	12345向你付款
merchant	商户：12345 
merchant	商户：12345 
merchant	商户：12345 
merchant	商户：12345 
merchant	商户:12345
merchant	商户:12345
merchant	商户:12345
merchant	商户:12345
merchant	向 滴滴出行 付款
merchant	向　滴滴出行　付款
merchant	向 滴滴出行 付款
merchant	向滴滴出行付款
merchant	在滴滴出行消费
merchant	在滴滴出行消费
merchant	在滴滴出行消费
merchant	在滴滴出行消费
merchant	收到滴滴出行的转账
merchant	收到滴滴出行的转账
merchant	收到滴滴出行的转账
merchant	收到滴滴出行的转账
merchant	滴滴出行向你付款
merchant	滴滴出行向你付款
merchant	滴滴出行向你付款
merchant	滴滴出行向你付款
merchant	商户：滴滴出行 
merchant	商户：滴滴出行 
merchant	商户：滴滴出行 
merchant	商户：滴滴出行 
merchant	商户:滴滴出行
merchant	商户:滴滴出行
merchant	商户:滴滴出行
merchant	商户:滴滴出行
merchant	向 星巴克咖啡☕ 付款
merchant	向　星巴克咖啡☕　付款
merchant	向 星巴克咖啡☕ 付款
merchant	向星巴克咖啡☕付款
merchant	在星巴克咖啡☕消费
merchant	在星巴克咖啡☕消费
merchant	在星巴克咖啡☕消费
merchant	在星巴克咖啡☕消费
merchant	收到星巴克咖啡☕的转账
merchant	收到星巴克咖啡☕的转账
merchant	收到星巴克咖啡☕的转账
merchant	收到星巴克咖啡☕的转账
merchant	星巴克咖啡☕向你付款
merchant	星巴克咖啡☕向你付款
merchant	星巴克咖啡☕向你付款
merchant	星巴克咖啡☕向你付款
merchant	商户：星巴克咖啡☕ 
merchant	商户：星巴克咖啡☕ 
merchant	商户：星巴克咖啡☕ 
merchant	商户：星巴克咖啡☕ 
merchant	商户:星巴克咖啡☕
merchant	商户:星巴克咖啡☕
merchant	商户:星巴克咖啡☕
merchant	商户:星巴克咖啡☕
merchant	向 一二三四五六七八九十一二三四五六七八九十一二 付款
merchant	向　一二三四五六七八九十一二三四五六七八九十一二　付款
merchant	向 一二三四五六七八九十一二三四五六七八九十一二 付款
merchant	向一二三四五六七八九十一二三四五六七八九十一二付款
merchant	在一二三四五六七八九十一二三四五六七八九十一二消费
merchant	在一二三四五六七八九十一二三四五六七八九十一二消费
merchant	在一二三四五六七八九十一二三四五六七八九十一二消费
merchant	在一二三四五六七八九十一二三四五六七八九十一二消费
merchant	收到一二三四五六七八九十一二三四五六七八九十一二的转账
merchant	收到一二三四五六七八九十一二三四五六七八九十一二的转账
merchant	收到一二三四五六七八九十一二三四五六七八九十一二的转账
merchant	收到一二三四五六七八九十一二三四五六七八九十一二的转账
merchant	一二三四五六七八九十一二三四五六七八九十一二向你付款
merchant	一二三四五六七八九十一二三四五六七八九十一二向你付款
merchant	一二三四五六七八九十一二三四五六七八九十一二向你付款
merchant	一二三四五六七八九十一二三四五六七八九十一二向你付款
merchant	商户：一二三四五六七八九十一二三四五六七八九十一二 
merchant	商户：一二三四五六七八九十一二三四五六七八九十一二 
merchant	商户：一二三四五六七八九十一二三四五六七八九十一二 
merchant	商户：一二三四五六七八九十一二三四五六七八九十一二 
merchant	商户:一二三四五六七八九十一二三四五六七八九十一二
merchant	商户:一二三四五六七八九十一二三四五六七八九十一二
merchant	商户:一二三四五六七八九十一二三四五六七八九十一二
merchant	商户:一二三四五六七八九十一二三四五六七八九十一二
merchant	向 余额宝 付款
merchant	向　余额宝　付款
merchant	向 余额宝 付款
merchant	向余额宝付款
merchant	在余额宝消费
merchant	在余额宝消费
merchant	在余额宝消费
merchant	在余额宝消费
merchant	收到余额宝的转账
merchant	收到余额宝的转账
merchant	收到余额宝的转账
merchant	收到余额宝的转账
merchant	余额宝向你付款
merchant	余额宝向你付款
merchant	余额宝向你付款
merchant	余额宝向你付款
merchant	商户：余额宝 
merchant	商户：余额宝 
merchant	商户：余额宝 
merchant	商户：余额宝 
merchant	商户:余额宝
merchant	商户:余额宝
merchant	商户:余额宝
merchant	商户:余额宝
merchant	向 KTV名字 付款
merchant	向　KTV名字　付款
merchant	向 KTV名字 付款
merchant	向KTV名字付款
merchant	在KTV名字消费
merchant	在KTV名字消费
merchant	在KTV名字消费
merchant	在KTV名字消费
merchant	收到KTV名字的转账
merchant	收到KTV名字的转账
merchant	收到KTV名字的转账
merchant	收到KTV名字的转账
merchant	KTV名字向你付款
merchant	KTV名字向你付款
merchant	KTV名字向你付款
merchant	KTV名字向你付款
merchant	商户：KTV名字 
merchant	商户：KTV名字 
merchant	商户：KTV名字 
merchant	商户：KTV名字 
merchant	商户:KTV名字
merchant	商户:KTV名字
merchant	商户:KTV名字
merchant	商户:KTV名字
text	com.tencent.mm|支付宝|付款成功|付款成功|1000
text	com.tencent.mm||付款|¥35|1000
text	com.tencent.mm|  ||付款|1000
text	com.tencent.mm|A|B|C|1000
text	com.tencent.mm|同|同|同|1000
text	com.tencent.mm||||1000
source	com.eg.android.AlipayGphone||随便||1000
source	com.eg.android.AlipayGphone||尾号1234 消费||1000
source	com.eg.android.AlipayGphone||尾号 123 消费||1000
source	com.eg.android.AlipayGphone||尾号12 消费||1000
source	com.eg.android.AlipayGphone||信用卡||1000
source	com.eg.android.AlipayGphone||储蓄卡||1000
source	com.eg.android.AlipayGphone||借记卡||1000
source	com.eg.android.AlipayGphone||尾号１２３４||1000
source	com.alipay.android.app||随便||1000
source	com.alipay.android.app||尾号1234 消费||1000
source	com.alipay.android.app||尾号 123 消费||1000
source	com.alipay.android.app||尾号12 消费||1000
source	com.alipay.android.app||信用卡||1000
source	com.alipay.android.app||储蓄卡||1000
source	com.alipay.android.app||借记卡||1000
source	com.alipay.android.app||尾号１２３４||1000
source	com.tencent.mm||随便||1000
source	com.tencent.mm||尾号1234 消费||1000
source	com.tencent.mm||尾号 123 消费||1000
source	com.tencent.mm||尾号12 消费||1000
source	com.tencent.mm||信用卡||1000
source	com.tencent.mm||储蓄卡||1000
source	com.tencent.mm||借记卡||1000
source	com.tencent.mm||尾号１２３４||1000
source	com.unionpay||随便||1000
source	com.unionpay||尾号1234 消费||1000
source	com.unionpay||尾号 123 消费||1000
source	com.unionpay||尾号12 消费||1000
source	com.unionpay||信用卡||1000
source	com.unionpay||储蓄卡||1000
source	com.unionpay||借记卡||1000
source	com.unionpay||尾号１２３４||1000
source	com.example.chat||随便||1000
source	com.example.chat||尾号1234 消费||1000
source	com.example.chat||尾号 123 消费||1000
source	com.example.chat||尾号12 消费||1000
source	com.example.chat||信用卡||1000
source	com.example.chat||储蓄卡||1000
source	com.example.chat||借记卡||1000
source	com.example.chat||尾号１２３４||1000
source	com.icbc||随便||1000
source	com.icbc||尾号1234 消费||1000
source	com.icbc||尾号 123 消费||1000
source	com.icbc||尾号12 消费||1000
source	com.icbc||信用卡||1000
source	com.icbc||储蓄卡||1000
source	com.icbc||借记卡||1000
source	com.icbc||尾号１２３４||1000
source	||随便||1000
source	||尾号1234 消费||1000
source	||尾号 123 消费||1000
source	||尾号12 消费||1000
source	||信用卡||1000
source	||储蓄卡||1000
source	||借记卡||1000
source	||尾号１２３４||1000
parse	com.eg.android.AlipayGphone||向 星巴克 付款 ¥35.00||1700000000000
parse	com.eg.android.AlipayGphone||在麦当劳消费 ¥12.50||1700000000000
parse	com.eg.android.AlipayGphone||收到张三的转账 ¥200||1700000000000
parse	com.eg.android.AlipayGphone||李四向你付款 ¥50||1700000000000
parse	com.eg.android.AlipayGphone||商户：全家便利店 消费￥8.80||1700000000000
parse	com.eg.android.AlipayGphone||消费 ¥35.00||1700000000000
parse	com.eg.android.AlipayGphone||退款¥32.00已原路返回||1700000000000
parse	com.eg.android.AlipayGphone||优惠券到账 ¥10||1700000000000
parse	com.eg.android.AlipayGphone||账单已出 ¥1,200 待还款||1700000000000
parse	com.eg.android.AlipayGphone||老王: 350元那个我转你||1700000000000
parse	com.eg.android.AlipayGphone||微信支付 向 老王 付款 ¥350||1700000000000
parse	com.eg.android.AlipayGphone||支付宝||1700000000000
parse	com.eg.android.AlipayGphone||尾号1234 消费 ¥66||1700000000000
parse	com.eg.android.AlipayGphone||向 对方 付款 ¥9||1700000000000
parse	com.eg.android.AlipayGphone||向 12345 付款 ¥9||1700000000000
parse	com.eg.android.AlipayGphone||付款 ¥３５||1700000000000
parse	com.eg.android.AlipayGphone||收款到账 35元||1700000000000
parse	com.eg.android.AlipayGphone||缴费 ¥120 电费||1700000000000
parse	com.eg.android.AlipayGphone||向 滴滴出行 付款 ¥23.4||1700000000000
parse	com.eg.android.AlipayGphone||向 星巴克咖啡☕ 付款 ¥35||1700000000000
parse	com.alipay.android.app||向 星巴克 付款 ¥35.00||1700000000000
parse	com.alipay.android.app||在麦当劳消费 ¥12.50||1700000000000
parse	com.alipay.android.app||收到张三的转账 ¥200||1700000000000
parse	com.alipay.android.app||李四向你付款 ¥50||1700000000000
parse	com.alipay.android.app||商户：全家便利店 消费￥8.80||1700000000000
parse	com.alipay.android.app||消费 ¥35.00||1700000000000
parse	com.alipay.android.app||退款¥32.00已原路返回||1700000000000
parse	com.alipay.android.app||优惠券到账 ¥10||1700000000000
parse	com.alipay.android.app||账单已出 ¥1,200 待还款||1700000000000
parse	com.alipay.android.app||老王: 350元那个我转你||1700000000000
parse	com.alipay.android.app||微信支付 向 老王 付款 ¥350||1700000000000
parse	com.alipay.android.app||支付宝||1700000000000
parse	com.alipay.android.app||尾号1234 消费 ¥66||1700000000000
parse	com.alipay.android.app||向 对方 付款 ¥9||1700000000000
parse	com.alipay.android.app||向 12345 付款 ¥9||1700000000000
parse	com.alipay.android.app||付款 ¥３５||1700000000000
parse	com.alipay.android.app||收款到账 35元||1700000000000
parse	com.alipay.android.app||缴费 ¥120 电费||1700000000000
parse	com.alipay.android.app||向 滴滴出行 付款 ¥23.4||1700000000000
parse	com.alipay.android.app||向 星巴克咖啡☕ 付款 ¥35||1700000000000
parse	com.tencent.mm||向 星巴克 付款 ¥35.00||1700000000000
parse	com.tencent.mm||在麦当劳消费 ¥12.50||1700000000000
parse	com.tencent.mm||收到张三的转账 ¥200||1700000000000
parse	com.tencent.mm||李四向你付款 ¥50||1700000000000
parse	com.tencent.mm||商户：全家便利店 消费￥8.80||1700000000000
parse	com.tencent.mm||消费 ¥35.00||1700000000000
parse	com.tencent.mm||退款¥32.00已原路返回||1700000000000
parse	com.tencent.mm||优惠券到账 ¥10||1700000000000
parse	com.tencent.mm||账单已出 ¥1,200 待还款||1700000000000
parse	com.tencent.mm||老王: 350元那个我转你||1700000000000
parse	com.tencent.mm||微信支付 向 老王 付款 ¥350||1700000000000
parse	com.tencent.mm||支付宝||1700000000000
parse	com.tencent.mm||尾号1234 消费 ¥66||1700000000000
parse	com.tencent.mm||向 对方 付款 ¥9||1700000000000
parse	com.tencent.mm||向 12345 付款 ¥9||1700000000000
parse	com.tencent.mm||付款 ¥３５||1700000000000
parse	com.tencent.mm||收款到账 35元||1700000000000
parse	com.tencent.mm||缴费 ¥120 电费||1700000000000
parse	com.tencent.mm||向 滴滴出行 付款 ¥23.4||1700000000000
parse	com.tencent.mm||向 星巴克咖啡☕ 付款 ¥35||1700000000000
parse	com.unionpay||向 星巴克 付款 ¥35.00||1700000000000
parse	com.unionpay||在麦当劳消费 ¥12.50||1700000000000
parse	com.unionpay||收到张三的转账 ¥200||1700000000000
parse	com.unionpay||李四向你付款 ¥50||1700000000000
parse	com.unionpay||商户：全家便利店 消费￥8.80||1700000000000
parse	com.unionpay||消费 ¥35.00||1700000000000
parse	com.unionpay||退款¥32.00已原路返回||1700000000000
parse	com.unionpay||优惠券到账 ¥10||1700000000000
parse	com.unionpay||账单已出 ¥1,200 待还款||1700000000000
parse	com.unionpay||老王: 350元那个我转你||1700000000000
parse	com.unionpay||微信支付 向 老王 付款 ¥350||1700000000000
parse	com.unionpay||支付宝||1700000000000
parse	com.unionpay||尾号1234 消费 ¥66||1700000000000
parse	com.unionpay||向 对方 付款 ¥9||1700000000000
parse	com.unionpay||向 12345 付款 ¥9||1700000000000
parse	com.unionpay||付款 ¥３５||1700000000000
parse	com.unionpay||收款到账 35元||1700000000000
parse	com.unionpay||缴费 ¥120 电费||1700000000000
parse	com.unionpay||向 滴滴出行 付款 ¥23.4||1700000000000
parse	com.unionpay||向 星巴克咖啡☕ 付款 ¥35||1700000000000
parse	com.example.chat||向 星巴克 付款 ¥35.00||1700000000000
parse	com.example.chat||在麦当劳消费 ¥12.50||1700000000000
parse	com.example.chat||收到张三的转账 ¥200||1700000000000
parse	com.example.chat||李四向你付款 ¥50||1700000000000
parse	com.example.chat||商户：全家便利店 消费￥8.80||1700000000000
parse	com.example.chat||消费 ¥35.00||1700000000000
parse	com.example.chat||退款¥32.00已原路返回||1700000000000
parse	com.example.chat||优惠券到账 ¥10||1700000000000
parse	com.example.chat||账单已出 ¥1,200 待还款||1700000000000
parse	com.example.chat||老王: 350元那个我转你||1700000000000
parse	com.example.chat||微信支付 向 老王 付款 ¥350||1700000000000
parse	com.example.chat||支付宝||1700000000000
parse	com.example.chat||尾号1234 消费 ¥66||1700000000000
parse	com.example.chat||向 对方 付款 ¥9||1700000000000
parse	com.example.chat||向 12345 付款 ¥9||1700000000000
parse	com.example.chat||付款 ¥３５||1700000000000
parse	com.example.chat||收款到账 35元||1700000000000
parse	com.example.chat||缴费 ¥120 电费||1700000000000
parse	com.example.chat||向 滴滴出行 付款 ¥23.4||1700000000000
parse	com.example.chat||向 星巴克咖啡☕ 付款 ¥35||1700000000000
parse	com.icbc||向 星巴克 付款 ¥35.00||1700000000000
parse	com.icbc||在麦当劳消费 ¥12.50||1700000000000
parse	com.icbc||收到张三的转账 ¥200||1700000000000
parse	com.icbc||李四向你付款 ¥50||1700000000000
parse	com.icbc||商户：全家便利店 消费￥8.80||1700000000000
parse	com.icbc||消费 ¥35.00||1700000000000
parse	com.icbc||退款¥32.00已原路返回||1700000000000
parse	com.icbc||优惠券到账 ¥10||1700000000000
parse	com.icbc||账单已出 ¥1,200 待还款||1700000000000
parse	com.icbc||老王: 350元那个我转你||1700000000000
parse	com.icbc||微信支付 向 老王 付款 ¥350||1700000000000
parse	com.icbc||支付宝||1700000000000
parse	com.icbc||尾号1234 消费 ¥66||1700000000000
parse	com.icbc||向 对方 付款 ¥9||1700000000000
parse	com.icbc||向 12345 付款 ¥9||1700000000000
parse	com.icbc||付款 ¥３５||1700000000000
parse	com.icbc||收款到账 35元||1700000000000
parse	com.icbc||缴费 ¥120 电费||1700000000000
parse	com.icbc||向 滴滴出行 付款 ¥23.4||1700000000000
parse	com.icbc||向 星巴克咖啡☕ 付款 ¥35||1700000000000
parse	||向 星巴克 付款 ¥35.00||1700000000000
parse	||在麦当劳消费 ¥12.50||1700000000000
parse	||收到张三的转账 ¥200||1700000000000
parse	||李四向你付款 ¥50||1700000000000
parse	||商户：全家便利店 消费￥8.80||1700000000000
parse	||消费 ¥35.00||1700000000000
parse	||退款¥32.00已原路返回||1700000000000
parse	||优惠券到账 ¥10||1700000000000
parse	||账单已出 ¥1,200 待还款||1700000000000
parse	||老王: 350元那个我转你||1700000000000
parse	||微信支付 向 老王 付款 ¥350||1700000000000
parse	||支付宝||1700000000000
parse	||尾号1234 消费 ¥66||1700000000000
parse	||向 对方 付款 ¥9||1700000000000
parse	||向 12345 付款 ¥9||1700000000000
parse	||付款 ¥３５||1700000000000
parse	||收款到账 35元||1700000000000
parse	||缴费 ¥120 电费||1700000000000
parse	||向 滴滴出行 付款 ¥23.4||1700000000000
parse	||向 星巴克咖啡☕ 付款 ¥35||1700000000000
batch	com.eg.android.AlipayGphone||向 星巴克 付款 ¥35.00||1000;;com.eg.android.AlipayGphone||消费 ¥35.00||61000
batch	com.eg.android.AlipayGphone||向 星巴克 付款 ¥35.00||1000;;com.eg.android.AlipayGphone||消费 ¥35.00||181001
batch	com.eg.android.AlipayGphone||向 星巴克 付款 ¥35.00||1000;;com.eg.android.AlipayGphone||消费 ¥36.00||61000
batch	com.eg.android.AlipayGphone||向 星巴克 付款 ¥35.00||1000;;com.eg.android.AlipayGphone||收款 ¥35.00||61000
merchant	对方 扣款 缴费
io	返现　¥99999999.99
io	到账　返现
io	好友
io	０.０１　¥35.00　12345
amount	1234　一二三四五六七八九十一二三四五六七八九十一二
io	积分　好友
merchant	35元　签到　验证码
io	￥1,234.00 全家便利店
io	在
parse	com.alipay.android.app||支付 ¥35.00||491677762525
amount	返现　尾号　35 块
io	签到 消费 星巴克咖啡☕
parse	com.icbc||的||956119874954
merchant	缴费　￥1,234.00
merchant	退款缴费全家便利店
io	消费 星巴克 验证码
amount	麦当劳 转入
io	转入退款
io	转出
amount	转入 ¥0.005
merchant	¥35.00 ¥99999999.99 麦当劳
amount	扣款星巴克咖啡☕
parse	com.eg.android.AlipayGphone||到账¥99999999.99０.０１||818938715157
amount	的
amount	RMB 12
parse	||签到 您 人民币 8.5||205846437001
io	转出
merchant	李四　扣款
merchant	人民币 8.5　待还款
parse	||升级||936491178043
parse	com.example.chat||转入||892700223107
io	你您
io	1234　在
io	¥.5 KTV名字 尾号
merchant	李四收款
parse	com.example.chat||返现　优惠券　扣款||88656148243
parse	com.icbc||转出||655635771684
parse	com.tencent.mm||一二三四五六七八九十一二三四五六七八九十一二1234余额宝||557891727459
merchant	０.０１的
io	一二三四五六七八九十一二三四五六七八九十一二验证码
amount	¥1,2,3.45 ¥3５ 全家便利店
merchant	返现 余额宝 一二三四五六七八九十一二三四五六七八九十一二
parse	com.alipay.android.app||¥99999999.99||829838725692
merchant	35元消费返现
io	星巴克咖啡☕ 一二三四五六七八九十一二三四五六七八九十一二
io	人民币 8.5
merchant	RMB 12向尾号
parse	com.tencent.mm||35元　人民币 8.5　¥0.005||133439460156
io	¥0.00￥1,234.00
merchant	好友 积分 签到
io	1234余额宝您
parse	com.unionpay||向||300266337285
io	KTV名字扣款
io	12345 在
merchant	验证码您
io	到账 35 消费
merchant	验证码 验证码 支付
parse	com.unionpay||星巴克咖啡☕ 退款||274552524298
amount	一二三四五六七八九十一二三四五六七八九十一二　人民币 8.5　向
io	35 块 在
parse	||尾号||964604593822
amount	¥0.005
parse	com.unionpay||优惠券 返现 到账||625874760655
parse	com.tencent.mm||¥35.00||424456152336
merchant	尾号支付
io	¥0.00支付的
parse	com.alipay.android.app||¥0.005立减||691367186584
io	消费　星巴克咖啡☕　尾号
io	李四
amount	余额宝
io	向余额宝¥0.00
io	好友 待还款 ¥0.005
merchant	¥0.00
merchant	麦当劳
merchant	12345 你
parse	com.unionpay||积分　向　邀请||1029337850623
amount	的
parse	com.unionpay||对方||1045439038380
merchant	返现
merchant	¥1,2,3.45　¥35.00　35元
parse	com.icbc||¥35.00 12345||666290520198
amount	的立减余额宝
merchant	收款 转出
parse	com.eg.android.AlipayGphone||退款 转出||291823443278
io	¥3５　余额宝　RMB 12
merchant	¥35.00
io	KTV名字　商户：　滴滴出行
amount	¥0.00 余额宝
parse	com.unionpay||支付||379191750700
amount	李四 消费 ¥99999999.99
merchant	1234 1234
io	收款
parse	com.tencent.mm||收款||106247787173
merchant	收款
merchant	星巴克 转入 收到
io	¥.5 星巴克 积分
io	收到
io	全家便利店
amount	退款 35
io	支付
amount	积分 你 ￥1,234.00
amount	KTV名字　收到　向
merchant	商户： 35元 返现
merchant	张三 35元
parse	com.icbc||扣款转出KTV名字||1004289629393
io	¥0.005 ￥1,234.00
parse	com.example.chat||邀请 签到||572012190993
amount	¥3５ ¥99999999.99 一二三四五六七八九十一二三四五六七八九十一二
io	向 对方
amount	¥3５
merchant	的 尾号
parse	com.unionpay||消费 35元 一二三四五六七八九十一二三四五六七八九十一二||997414818510
io	验证码
amount	12345
parse	||¥1,2,3.45在||519067836470
io	一二三四五六七八九十一二三四五六七八九十一二　星巴克　¥0.005
io	立减1234立减
merchant	星巴克咖啡☕　向
io	¥.5 李四
io	支付
amount	35您
merchant	转入
amount	收到 签到 收到
io	滴滴出行
parse	||RMB 12||588688642746
amount	好友
merchant	转出星巴克咖啡☕
merchant	￥1,234.00 待还款 积分
io	RMB 12
amount	一二三四五六七八九十一二三四五六七八九十一二
parse	com.alipay.android.app||优惠券 你||869668768910
parse	com.tencent.mm||收到星巴克||835175400286
parse	||星巴克咖啡☕ 李四||615868900209
parse	com.alipay.android.app||¥99999999.99 ０.０１||4625483262
merchant	好友　人民币 8.5　商户：
merchant	人民币 8.5 余额宝 ¥0.005
merchant	到账　支付　退款
amount	转入
merchant	升级待还款35
io	转出待还款
merchant	滴滴出行　缴费
merchant	对方 35 块 收款
merchant	收款 返现
io	张三
amount	对方¥99999999.99邀请
io	余额宝待还款
merchant	消费
merchant	到账　¥3５
parse	com.icbc||０.０１ 扣款 支付||663137100421
merchant	RMB 12
io	的
merchant	转出 立减 你
amount	¥1,2,3.45支付
merchant	转入　立减　星巴克
parse	com.tencent.mm||35元 ¥0.005 积分||220553612292
io	优惠券　RMB 12
parse	com.tencent.mm||¥0.005向||607723436479
merchant	验证码　验证码　缴费
amount	1234 商户：
parse	com.example.chat||待还款||947374292142
merchant	尾号 转出
io	转入
io	尾号好友
parse	||尾号收到||1086494454817
merchant	在 李四
io	积分 ¥.5 人民币 8.5
merchant	星巴克咖啡☕ 收款 扣款
merchant	收款
amount	积分
merchant	退款验证码
amount	邀请
merchant	返现 12345 ０.０１
parse	com.icbc||¥.5麦当劳||721735330157
io	¥0.005 滴滴出行
merchant	扣款 全家便利店
merchant	KTV名字麦当劳退款
merchant	账单已出 立减
parse	com.example.chat||¥3５ 验证码 立减||658151657937
io	收款
parse	com.tencent.mm||张三　¥0.00　星巴克||869120902240
parse	com.example.chat||¥35.00||554724169144
parse	||¥0.00||456828681086
parse	com.example.chat||消费 ¥0.00||117201488404
io	张三　¥0.00　邀请
parse	||1234　０.０１　KTV名字||767823441459
io	李四
merchant	商户： 向 积分
parse	com.example.chat||邀请||273650288435
io	¥35.00¥35.00一二三四五六七八九十一二三四五六七八九十一二
io	¥99999999.99 麦当劳 商户：
io	¥1,2,3.45 ０.０１ 滴滴出行
merchant	¥0.005
merchant	麦当劳
parse	com.alipay.android.app||¥99999999.99　你　升级||378455852474
parse	com.example.chat||您||487926147721
amount	人民币 8.5 商户：
io	35元 ¥1,2,3.45
parse	com.eg.android.AlipayGphone||李四 张三 消费||650539814027
io	￥1,234.00　扣款　邀请
io	积分　¥99999999.99　35元
io	验证码
io	尾号
merchant	35 块 收到
amount	张三　好友
parse	com.example.chat||一二三四五六七八九十一二三四五六七八九十一二 人民币 8.5 的||61230031405
parse	com.example.chat||待还款 扣款||400055734378
parse	||到账||250525072799
amount	¥1,2,3.45
io	账单已出 全家便利店
amount	好友 ¥0.00
merchant	¥.5　人民币 8.5
parse	com.unionpay||对方 35 ¥35.00||779017074212
parse	com.alipay.android.app||尾号 1234||300861586348
merchant	对方　积分　¥3５
amount	KTV名字支付
io	星巴克 RMB 12
merchant	商户：
parse	com.unionpay||¥1,2,3.45　35 块　￥1,234.00||481798309585
parse	com.unionpay||好友 ¥3５ 在||858238789054
amount	立减
amount	星巴克咖啡☕ 向
merchant	商户： 立减
parse	com.eg.android.AlipayGphone||向 ¥0.005||408942280674
merchant	星巴克咖啡☕
io	1234
io	星巴克 支付 人民币 8.5
merchant	35 全家便利店 全家便利店
merchant	¥3５　对方
amount	滴滴出行　一二三四五六七八九十一二三四五六七八九十一二　尾号
amount	麦当劳 付款
io	星巴克咖啡☕０.０１
io	¥.5一二三四五六七八九十一二三四五六七八九十一二
merchant	KTV名字
io	升级
parse	com.alipay.android.app||星巴克咖啡☕邀请的||197356659633
parse	com.icbc||缴费||663009594286
parse	com.unionpay||1234 消费 ¥0.00||516577682607
io	积分
parse	com.tencent.mm||签到 账单已出 签到||270437023994
parse	com.eg.android.AlipayGphone||您 签到||301889243276
parse	com.eg.android.AlipayGphone||¥1,2,3.45　1234　转入||59819852469
parse	||余额宝||434130445359
io	尾号 退款
amount	¥.5 尾号 人民币 8.5
io	向 付款 尾号
io	您
merchant	收到 邀请
amount	¥1,2,3.45
io	¥0.00　收到
parse	||验证码||564483737478
parse	com.example.chat||35元||528312165274
amount	人民币 8.5
parse	com.example.chat||¥1,2,3.45　验证码||586577244002
io	一二三四五六七八九十一二三四五六七八九十一二 消费
io	０.０１ 全家便利店 ￥1,234.00
io	全家便利店
parse	com.unionpay||０.０１ 一二三四五六七八九十一二三四五六七八九十一二||314815153370
parse	com.alipay.android.app||的　收到||1020610343479
amount	一二三四五六七八九十一二三四五六七八九十一二
parse	com.eg.android.AlipayGphone||全家便利店　待还款　０.０１||584648082552
io	余额宝　KTV名字
parse	com.unionpay||您||293890939401
merchant	邀请星巴克
merchant	人民币 8.5
io	待还款
io	退款到账人民币 8.5
amount	签到退款
parse	com.example.chat||12345 支付 验证码||247717256124
merchant	1234
io	12345 全家便利店
io	积分 ¥0.005
amount	缴费好友
merchant	转出
merchant	你 转入 ¥.5
merchant	35优惠券
merchant	积分
amount	到账
merchant	尾号
amount	张三 您 优惠券
io	尾号
io	KTV名字
amount	收款 向 账单已出
merchant	扣款
io	邀请
merchant	RMB 12 支付 退款
io	收到 向
io	立减
merchant	星巴克　０.０１
io	￥1,234.00验证码
parse	com.tencent.mm||返现收到35元||756136778717
parse	com.icbc||签到||566868122291
amount	KTV名字　RMB 12　¥3５
io	优惠券
amount	转出 张三
parse	com.icbc||余额宝收到在||458534399033
merchant	RMB 12 验证码
merchant	星巴克咖啡☕　对方
amount	滴滴出行
io	邀请 12345
parse	com.eg.android.AlipayGphone||到账¥1,2,3.45在||573741647625
io	人民币 8.5　转入　RMB 12
merchant	支付
parse	com.eg.android.AlipayGphone||缴费||919285196123
io	35 块 ¥35.00 星巴克咖啡☕
parse	com.alipay.android.app||尾号 立减 ￥1,234.00||746929933342
amount	待还款
merchant	０.０１的
io	缴费 付款 12345
merchant	消费 转出 收到
amount	¥0.005　35元
io	您
amount	０.０１
io	全家便利店 KTV名字
io	转入 向
merchant	在
amount	星巴克 35 块 待还款
merchant	退款 升级 人民币 8.5
amount	退款　星巴克咖啡☕
amount	转入　你　待还款
io	转入麦当劳转出
merchant	张三 收款 账单已出
merchant	退款
parse	com.alipay.android.app||在　邀请||55837500588
amount	退款
parse	com.alipay.android.app||积分 ¥0.005 扣款||539603602317
io	支付35星巴克
merchant	人民币 8.5
merchant	¥0.005 转出 全家便利店
merchant	余额宝　人民币 8.5　星巴克咖啡☕
parse	com.alipay.android.app||￥1,234.00０.０１||503415013729
amount	￥1,234.00 支付 麦当劳
io	¥35.00
parse	com.icbc||支付||188681311610
parse	com.eg.android.AlipayGphone||商户： 升级||80939310987
amount	商户： 转出
merchant	缴费
merchant	支付
parse	com.tencent.mm||¥1,2,3.45||758016760937
io	¥3５ 向
merchant	余额宝 缴费
amount	升级　星巴克
io	KTV名字
amount	返现 支付 ¥35.00
amount	你 待还款
amount	到账　退款
merchant	缴费
merchant	立减向
io	¥0.005 账单已出
io	收到　收到　转入
parse	com.unionpay||1234||405955860451
amount	收款 付款
amount	人民币 8.5
io	消费
parse	com.icbc||邀请 您||81869755273
amount	滴滴出行 ￥1,234.00
io	¥3５人民币 8.5收款
io	35在
merchant	尾号余额宝
merchant	¥0.005 收到 待还款
merchant	麦当劳 消费 收到
amount	￥1,234.00你
amount	滴滴出行 ０.０１
io	全家便利店 升级 ¥99999999.99
io	转出　升级
amount	商户：¥99999999.99RMB 12
amount	签到转入
merchant	您 ¥0.00 缴费
parse	com.icbc||¥.5　收款||520360694917
amount	的
io	1234缴费一二三四五六七八九十一二三四五六七八九十一二
merchant	￥1,234.00 返现 星巴克咖啡☕
parse	com.eg.android.AlipayGphone||的||520024143740
parse	com.unionpay||你||195592389516
io	账单已出　签到　退款
parse	com.alipay.android.app||一二三四五六七八九十一二三四五六七八九十一二||573128113966
amount	缴费
parse	||升级好友升级||599764326834
io	立减　星巴克咖啡☕
io	转入 ￥1,234.00
merchant	您 优惠券 张三
merchant	验证码
io	商户： 立减 到账
io	好友
parse	com.example.chat||好友 麦当劳||247071111607
io	余额宝
io	账单已出 在 RMB 12
merchant	０.０１　转入
merchant	一二三四五六七八九十一二三四五六七八九十一二 商户： ¥1,2,3.45
io	¥.5您KTV名字
merchant	收到 12345
io	¥99999999.99 您
amount	升级 收款
io	35元 全家便利店
amount	转出
merchant	付款转出
merchant	好友
parse	com.tencent.mm||在 滴滴出行||536265486741
amount	到账　李四
merchant	好友
merchant	尾号　返现
io	人民币 8.5星巴克咖啡☕
amount	商户： KTV名字 KTV名字
io	KTV名字　李四
io	全家便利店 缴费
amount	收到升级
amount	商户：　35元　余额宝
parse	com.icbc||余额宝￥1,234.00||710440376030
parse	com.alipay.android.app||余额宝　支付||1003868965454
merchant	李四 升级
parse	com.icbc||星巴克　35　尾号||1085351388287
merchant	付款
merchant	转出 转入 ¥0.00
parse	com.icbc||积分 全家便利店||980601444245
parse	com.unionpay||RMB 12||73287150949
amount	验证码 立减 35元
io	滴滴出行退款签到
merchant	向 邀请 12345
merchant	转出
io	到账 麦当劳 ￥1,234.00
amount	￥1,234.00 邀请
parse	||对方　李四　¥0.005||415159946449
merchant	转入
io	收到 RMB 12
merchant	积分 验证码
parse	com.eg.android.AlipayGphone||收款　转出　好友||53532842918
io	35　¥0.005
merchant	在 ¥35.00
merchant	张三 35 块
amount	收款 的
io	¥0.005 ¥35.00
parse	com.example.chat||验证码||1065507150502
amount	签到 签到
parse	||尾号||833689906584
parse	com.example.chat||积分||1089906921261
amount	退款
merchant	立减
amount	35元 ¥0.00 35元
io	转入
merchant	张三 ¥99999999.99
amount	李四　在　验证码
merchant	的
amount	收到　35元　¥35.00
amount	升级 付款 RMB 12
amount	账单已出 ¥0.00 35 块
parse	com.alipay.android.app||在||750709115230
parse	com.alipay.android.app||优惠券向星巴克咖啡☕||1014214022572
amount	优惠券
parse	com.alipay.android.app||邀请 张三 张三||367754917603
merchant	星巴克咖啡☕　收款　¥0.005
io	转入消费
amount	全家便利店消费
io	¥3５
io	对方 ¥0.00
amount	的
io	35元你
amount	¥0.00KTV名字
merchant	¥99999999.99 全家便利店
amount	一二三四五六七八九十一二三四五六七八九十一二 对方 ¥.5
amount	尾号　星巴克咖啡☕
merchant	转出 一二三四五六七八九十一二三四五六七八九十一二 消费
amount	1234¥99999999.99消费
merchant	返现　转出
io	转出　退款　商户：
parse	com.alipay.android.app||转出 12345 收到||461914733240
amount	¥99999999.99 尾号
parse	com.icbc||退款 星巴克||382504599674
amount	返现　¥35.00　¥0.005
io	账单已出 35元 星巴克咖啡☕
parse	com.alipay.android.app||星巴克　12345||566625089806
merchant	尾号支付支付
merchant	０.０１ 对方 ¥99999999.99
parse	com.tencent.mm||立减签到||46710166896
io	的 余额宝 ¥99999999.99
io	付款
parse	com.eg.android.AlipayGphone||¥0.0012345||1044500951874
parse	com.tencent.mm||全家便利店 人民币 8.5 尾号||151300362814
merchant	李四
merchant	升级账单已出
parse	com.tencent.mm||支付||164047671153
amount	优惠券
parse	com.tencent.mm||¥1,2,3.45||38756497127
parse	com.alipay.android.app||星巴克 ￥1,234.00||819630272621
merchant	缴费 RMB 12
merchant	星巴克到账
amount	到账
io	账单已出 付款 ¥1,2,3.45
parse	com.unionpay||张三||245273589111
merchant	优惠券 RMB 12 ¥1,2,3.45
io	麦当劳　李四　¥35.00
amount	转出 RMB 12
io	滴滴出行 RMB 12
io	星巴克咖啡☕
merchant	￥1,234.0035元¥35.00
parse	com.unionpay||一二三四五六七八九十一二三四五六七八九十一二||780488387116
amount	尾号　麦当劳
merchant	在 ¥3５ ¥3５
parse	com.eg.android.AlipayGphone||转出||974533586641
merchant	转入 签到
parse	com.icbc||李四||884924668066
merchant	向 星巴克 付款
merchant	在 星巴克 消费
merchant	收到 星巴克 的 转账
merchant	星巴克 向你付款
merchant	商户： 星巴克 返现
merchant	商户： 星巴克
merchant	向 张三 付款
merchant	在 张三 消费
merchant	收到 张三 的 转账
merchant	张三 向你付款
merchant	商户： 张三 返现
merchant	商户： 张三
merchant	向 全家便利店 付款
merchant	在 全家便利店 消费
merchant	收到 全家便利店 的 转账
merchant	全家便利店 向你付款
merchant	商户： 全家便利店 返现
merchant	商户： 全家便利店
merchant	向 滴滴出行 付款
merchant	在 滴滴出行 消费
merchant	收到 滴滴出行 的 转账
merchant	滴滴出行 向你付款
merchant	商户： 滴滴出行 返现
merchant	商户： 滴滴出行
amount	付款 ¥ 35.50
amount	消费 35 元
amount	¥35 
source	com.icbc||尾号 1234 消费||1000
parse	com.eg.android.AlipayGphone||向 星巴克 付款 ¥35.00||1700000000000
merchant	向　星巴克　付款
merchant	在　星巴克　消费
merchant	收到　星巴克　的　转账
merchant	星巴克　向你付款
merchant	商户：　星巴克　返现
merchant	商户：　星巴克
merchant	向　张三　付款
merchant	在　张三　消费
merchant	收到　张三　的　转账
merchant	张三　向你付款
merchant	商户：　张三　返现
merchant	商户：　张三
merchant	向　全家便利店　付款
merchant	在　全家便利店　消费
merchant	收到　全家便利店　的　转账
merchant	全家便利店　向你付款
merchant	商户：　全家便利店　返现
merchant	商户：　全家便利店
merchant	向　滴滴出行　付款
merchant	在　滴滴出行　消费
merchant	收到　滴滴出行　的　转账
merchant	滴滴出行　向你付款
merchant	商户：　滴滴出行　返现
merchant	商户：　滴滴出行
amount	付款　¥　35.50
amount	消费　35　元
amount	¥35　
source	com.icbc||尾号　1234　消费||1000
parse	com.eg.android.AlipayGphone||向　星巴克　付款　¥35.00||1700000000000
merchant	向 星巴克 付款
merchant	在 星巴克 消费
merchant	收到 星巴克 的 转账
merchant	星巴克 向你付款
merchant	商户： 星巴克 返现
merchant	商户： 星巴克
merchant	向 张三 付款
merchant	在 张三 消费
merchant	收到 张三 的 转账
merchant	张三 向你付款
merchant	商户： 张三 返现
merchant	商户： 张三
merchant	向 全家便利店 付款
merchant	在 全家便利店 消费
merchant	收到 全家便利店 的 转账
merchant	全家便利店 向你付款
merchant	商户： 全家便利店 返现
merchant	商户： 全家便利店
merchant	向 滴滴出行 付款
merchant	在 滴滴出行 消费
merchant	收到 滴滴出行 的 转账
merchant	滴滴出行 向你付款
merchant	商户： 滴滴出行 返现
merchant	商户： 滴滴出行
amount	付款 ¥ 35.50
amount	消费 35 元
amount	¥35 
source	com.icbc||尾号 1234 消费||1000
parse	com.eg.android.AlipayGphone||向 星巴克 付款 ¥35.00||1700000000000
merchant	向 星巴克 付款
merchant	在 星巴克 消费
merchant	收到 星巴克 的 转账
merchant	星巴克 向你付款
merchant	商户： 星巴克 返现
merchant	商户： 星巴克
merchant	向 张三 付款
merchant	在 张三 消费
merchant	收到 张三 的 转账
merchant	张三 向你付款
merchant	商户： 张三 返现
merchant	商户： 张三
merchant	向 全家便利店 付款
merchant	在 全家便利店 消费
merchant	收到 全家便利店 的 转账
merchant	全家便利店 向你付款
merchant	商户： 全家便利店 返现
merchant	商户： 全家便利店
merchant	向 滴滴出行 付款
merchant	在 滴滴出行 消费
merchant	收到 滴滴出行 的 转账
merchant	滴滴出行 向你付款
merchant	商户： 滴滴出行 返现
merchant	商户： 滴滴出行
amount	付款 ¥ 35.50
amount	消费 35 元
amount	¥35 
source	com.icbc||尾号 1234 消费||1000
parse	com.eg.android.AlipayGphone||向 星巴克 付款 ¥35.00||1700000000000
merchant	向 星巴克 付款
merchant	在 星巴克 消费
merchant	收到 星巴克 的 转账
merchant	星巴克 向你付款
merchant	商户： 星巴克 返现
merchant	商户： 星巴克
merchant	向 张三 付款
merchant	在 张三 消费
merchant	收到 张三 的 转账
merchant	张三 向你付款
merchant	商户： 张三 返现
merchant	商户： 张三
merchant	向 全家便利店 付款
merchant	在 全家便利店 消费
merchant	收到 全家便利店 的 转账
merchant	全家便利店 向你付款
merchant	商户： 全家便利店 返现
merchant	商户： 全家便利店
merchant	向 滴滴出行 付款
merchant	在 滴滴出行 消费
merchant	收到 滴滴出行 的 转账
merchant	滴滴出行 向你付款
merchant	商户： 滴滴出行 返现
merchant	商户： 滴滴出行
amount	付款 ¥ 35.50
amount	消费 35 元
amount	¥35 
source	com.icbc||尾号 1234 消费||1000
parse	com.eg.android.AlipayGphone||向 星巴克 付款 ¥35.00||1700000000000
merchant	向	星巴克	付款
merchant	在	星巴克	消费
merchant	收到	星巴克	的	转账
merchant	星巴克	向你付款
merchant	商户：	星巴克	返现
merchant	商户：	星巴克
merchant	向	张三	付款
merchant	在	张三	消费
merchant	收到	张三	的	转账
merchant	张三	向你付款
merchant	商户：	张三	返现
merchant	商户：	张三
merchant	向	全家便利店	付款
merchant	在	全家便利店	消费
merchant	收到	全家便利店	的	转账
merchant	全家便利店	向你付款
merchant	商户：	全家便利店	返现
merchant	商户：	全家便利店
merchant	向	滴滴出行	付款
merchant	在	滴滴出行	消费
merchant	收到	滴滴出行	的	转账
merchant	滴滴出行	向你付款
merchant	商户：	滴滴出行	返现
merchant	商户：	滴滴出行
amount	付款	¥	35.50
amount	消费	35	元
amount	¥35	
source	com.icbc||尾号	1234	消费||1000
parse	com.eg.android.AlipayGphone||向	星巴克	付款	¥35.00||1700000000000
amount	付款 ¥３５
amount	付款 ¥3５
amount	付款 ¥３5
amount	付款 ¥35
amount	付款 ¥１２３４
amount	付款 ¥0.５
amount	付款 ￥３５
amount	付款 ￥3５
amount	付款 ￥３5
amount	付款 ￥35
amount	付款 ￥１２３４
amount	付款 ￥0.５
amount	付款 RMB ３５
amount	付款 RMB 3５
amount	付款 RMB ３5
amount	付款 RMB 35
amount	付款 RMB １２３４
amount	付款 RMB 0.５
amount	付款 人民币 ３５
amount	付款 人民币 3５
amount	付款 人民币 ３5
amount	付款 人民币 35
amount	付款 人民币 １２３４
amount	付款 人民币 0.５
amount	消费 ３５元
source	com.icbc||尾号３５１２消费||1000
amount	消费 3５元
source	com.icbc||尾号3５１２消费||1000
amount	消费 35元
source	com.icbc||尾号35１２消费||1000
merchant	向 星巴克３号店 付款
merchant	向 １２３ 付款
merchant	向 12３ 付款
source	com.icbc||尾号１２３４ 消费||1000
source	com.icbc||尾号12３4 消费||1000
