default	0	hibiscus
default	0	hibiscusDeep
default	0	hibiscusSoft
default	0	stamen
default	0	leaf
default	0	leafDeep
default	0	paper
default	0	paperWarm
default	0	ink
default	0	inkSoft
default	0	line
default	0	card
default	0	tint
default	0	tintStrong
default	0	gradFrom
default	0	gradTo
default	0	shadow
default	0	glow
default	0	overlay
default	0	isDark
default	0	swatch
default	1	hibiscus
default	1	hibiscusDeep
default	1	hibiscusSoft
default	1	stamen
default	1	leaf
default	1	leafDeep
default	1	paper
default	1	paperWarm
default	1	ink
default	1	inkSoft
default	1	line
default	1	card
default	1	tint
default	1	tintStrong
default	1	gradFrom
default	1	gradTo
default	1	shadow
default	1	glow
default	1	overlay
default	1	isDark
default	1	swatch
sakura	0	hibiscus
sakura	0	hibiscusDeep
sakura	0	hibiscusSoft
sakura	0	stamen
sakura	0	leaf
sakura	0	leafDeep
sakura	0	paper
sakura	0	paperWarm
sakura	0	ink
sakura	0	inkSoft
sakura	0	line
sakura	0	card
sakura	0	tint
sakura	0	tintStrong
sakura	0	gradFrom
sakura	0	gradTo
sakura	0	shadow
sakura	0	glow
sakura	0	overlay
sakura	0	isDark
sakura	0	swatch
sakura	1	hibiscus
sakura	1	hibiscusDeep
sakura	1	hibiscusSoft
sakura	1	stamen
sakura	1	leaf
sakura	1	leafDeep
sakura	1	paper
sakura	1	paperWarm
sakura	1	ink
sakura	1	inkSoft
sakura	1	line
sakura	1	card
sakura	1	tint
sakura	1	tintStrong
sakura	1	gradFrom
sakura	1	gradTo
sakura	1	shadow
sakura	1	glow
sakura	1	overlay
sakura	1	isDark
sakura	1	swatch
daisy	0	hibiscus
daisy	0	hibiscusDeep
daisy	0	hibiscusSoft
daisy	0	stamen
daisy	0	leaf
daisy	0	leafDeep
daisy	0	paper
daisy	0	paperWarm
daisy	0	ink
daisy	0	inkSoft
daisy	0	line
daisy	0	card
daisy	0	tint
daisy	0	tintStrong
daisy	0	gradFrom
daisy	0	gradTo
daisy	0	shadow
daisy	0	glow
daisy	0	overlay
daisy	0	isDark
daisy	0	swatch
daisy	1	hibiscus
daisy	1	hibiscusDeep
daisy	1	hibiscusSoft
daisy	1	stamen
daisy	1	leaf
daisy	1	leafDeep
daisy	1	paper
daisy	1	paperWarm
daisy	1	ink
daisy	1	inkSoft
daisy	1	line
daisy	1	card
daisy	1	tint
daisy	1	tintStrong
daisy	1	gradFrom
daisy	1	gradTo
daisy	1	shadow
daisy	1	glow
daisy	1	overlay
daisy	1	isDark
daisy	1	swatch
jasmine	0	hibiscus
jasmine	0	hibiscusDeep
jasmine	0	hibiscusSoft
jasmine	0	stamen
jasmine	0	leaf
jasmine	0	leafDeep
jasmine	0	paper
jasmine	0	paperWarm
jasmine	0	ink
jasmine	0	inkSoft
jasmine	0	line
jasmine	0	card
jasmine	0	tint
jasmine	0	tintStrong
jasmine	0	gradFrom
jasmine	0	gradTo
jasmine	0	shadow
jasmine	0	glow
jasmine	0	overlay
jasmine	0	isDark
jasmine	0	swatch
jasmine	1	hibiscus
jasmine	1	hibiscusDeep
jasmine	1	hibiscusSoft
jasmine	1	stamen
jasmine	1	leaf
jasmine	1	leafDeep
jasmine	1	paper
jasmine	1	paperWarm
jasmine	1	ink
jasmine	1	inkSoft
jasmine	1	line
jasmine	1	card
jasmine	1	tint
jasmine	1	tintStrong
jasmine	1	gradFrom
jasmine	1	gradTo
jasmine	1	shadow
jasmine	1	glow
jasmine	1	overlay
jasmine	1	isDark
jasmine	1	swatch
ocean	0	hibiscus
ocean	0	hibiscusDeep
ocean	0	hibiscusSoft
ocean	0	stamen
ocean	0	leaf
ocean	0	leafDeep
ocean	0	paper
ocean	0	paperWarm
ocean	0	ink
ocean	0	inkSoft
ocean	0	line
ocean	0	card
ocean	0	tint
ocean	0	tintStrong
ocean	0	gradFrom
ocean	0	gradTo
ocean	0	shadow
ocean	0	glow
ocean	0	overlay
ocean	0	isDark
ocean	0	swatch
ocean	1	hibiscus
ocean	1	hibiscusDeep
ocean	1	hibiscusSoft
ocean	1	stamen
ocean	1	leaf
ocean	1	leafDeep
ocean	1	paper
ocean	1	paperWarm
ocean	1	ink
ocean	1	inkSoft
ocean	1	line
ocean	1	card
ocean	1	tint
ocean	1	tintStrong
ocean	1	gradFrom
ocean	1	gradTo
ocean	1	shadow
ocean	1	glow
ocean	1	overlay
ocean	1	isDark
ocean	1	swatch
forest	0	hibiscus
forest	0	hibiscusDeep
forest	0	hibiscusSoft
forest	0	stamen
forest	0	leaf
forest	0	leafDeep
forest	0	paper
forest	0	paperWarm
forest	0	ink
forest	0	inkSoft
forest	0	line
forest	0	card
forest	0	tint
forest	0	tintStrong
forest	0	gradFrom
forest	0	gradTo
forest	0	shadow
forest	0	glow
forest	0	overlay
forest	0	isDark
forest	0	swatch
forest	1	hibiscus
forest	1	hibiscusDeep
forest	1	hibiscusSoft
forest	1	stamen
forest	1	leaf
forest	1	leafDeep
forest	1	paper
forest	1	paperWarm
forest	1	ink
forest	1	inkSoft
forest	1	line
forest	1	card
forest	1	tint
forest	1	tintStrong
forest	1	gradFrom
forest	1	gradTo
forest	1	shadow
forest	1	glow
forest	1	overlay
forest	1	isDark
forest	1	swatch
sunset	0	hibiscus
sunset	0	hibiscusDeep
sunset	0	hibiscusSoft
sunset	0	stamen
sunset	0	leaf
sunset	0	leafDeep
sunset	0	paper
sunset	0	paperWarm
sunset	0	ink
sunset	0	inkSoft
sunset	0	line
sunset	0	card
sunset	0	tint
sunset	0	tintStrong
sunset	0	gradFrom
sunset	0	gradTo
sunset	0	shadow
sunset	0	glow
sunset	0	overlay
sunset	0	isDark
sunset	0	swatch
sunset	1	hibiscus
sunset	1	hibiscusDeep
sunset	1	hibiscusSoft
sunset	1	stamen
sunset	1	leaf
sunset	1	leafDeep
sunset	1	paper
sunset	1	paperWarm
sunset	1	ink
sunset	1	inkSoft
sunset	1	line
sunset	1	card
sunset	1	tint
sunset	1	tintStrong
sunset	1	gradFrom
sunset	1	gradTo
sunset	1	shadow
sunset	1	glow
sunset	1	overlay
sunset	1	isDark
sunset	1	swatch
	0	hibiscus
	0	hibiscusDeep
	0	hibiscusSoft
	0	stamen
	0	leaf
	0	leafDeep
	0	paper
	0	paperWarm
	0	ink
	0	inkSoft
	0	line
	0	card
	0	tint
	0	tintStrong
	0	gradFrom
	0	gradTo
	0	shadow
	0	glow
	0	overlay
	0	isDark
	0	swatch
	1	hibiscus
	1	hibiscusDeep
	1	hibiscusSoft
	1	stamen
	1	leaf
	1	leafDeep
	1	paper
	1	paperWarm
	1	ink
	1	inkSoft
	1	line
	1	card
	1	tint
	1	tintStrong
	1	gradFrom
	1	gradTo
	1	shadow
	1	glow
	1	overlay
	1	isDark
	1	swatch
chrysanthemum	0	hibiscus
chrysanthemum	0	hibiscusDeep
chrysanthemum	0	hibiscusSoft
chrysanthemum	0	stamen
chrysanthemum	0	leaf
chrysanthemum	0	leafDeep
chrysanthemum	0	paper
chrysanthemum	0	paperWarm
chrysanthemum	0	ink
chrysanthemum	0	inkSoft
chrysanthemum	0	line
chrysanthemum	0	card
chrysanthemum	0	tint
chrysanthemum	0	tintStrong
chrysanthemum	0	gradFrom
chrysanthemum	0	gradTo
chrysanthemum	0	shadow
chrysanthemum	0	glow
chrysanthemum	0	overlay
chrysanthemum	0	isDark
chrysanthemum	0	swatch
chrysanthemum	1	hibiscus
chrysanthemum	1	hibiscusDeep
chrysanthemum	1	hibiscusSoft
chrysanthemum	1	stamen
chrysanthemum	1	leaf
chrysanthemum	1	leafDeep
chrysanthemum	1	paper
chrysanthemum	1	paperWarm
chrysanthemum	1	ink
chrysanthemum	1	inkSoft
chrysanthemum	1	line
chrysanthemum	1	card
chrysanthemum	1	tint
chrysanthemum	1	tintStrong
chrysanthemum	1	gradFrom
chrysanthemum	1	gradTo
chrysanthemum	1	shadow
chrysanthemum	1	glow
chrysanthemum	1	overlay
chrysanthemum	1	isDark
chrysanthemum	1	swatch
DEFAULT	0	hibiscus
DEFAULT	0	hibiscusDeep
DEFAULT	0	hibiscusSoft
DEFAULT	0	stamen
DEFAULT	0	leaf
DEFAULT	0	leafDeep
DEFAULT	0	paper
DEFAULT	0	paperWarm
DEFAULT	0	ink
DEFAULT	0	inkSoft
DEFAULT	0	line
DEFAULT	0	card
DEFAULT	0	tint
DEFAULT	0	tintStrong
DEFAULT	0	gradFrom
DEFAULT	0	gradTo
DEFAULT	0	shadow
DEFAULT	0	glow
DEFAULT	0	overlay
DEFAULT	0	isDark
DEFAULT	0	swatch
DEFAULT	1	hibiscus
DEFAULT	1	hibiscusDeep
DEFAULT	1	hibiscusSoft
DEFAULT	1	stamen
DEFAULT	1	leaf
DEFAULT	1	leafDeep
DEFAULT	1	paper
DEFAULT	1	paperWarm
DEFAULT	1	ink
DEFAULT	1	inkSoft
DEFAULT	1	line
DEFAULT	1	card
DEFAULT	1	tint
DEFAULT	1	tintStrong
DEFAULT	1	gradFrom
DEFAULT	1	gradTo
DEFAULT	1	shadow
DEFAULT	1	glow
DEFAULT	1	overlay
DEFAULT	1	isDark
DEFAULT	1	swatch
sakura 	0	hibiscus
sakura 	0	hibiscusDeep
sakura 	0	hibiscusSoft
sakura 	0	stamen
sakura 	0	leaf
sakura 	0	leafDeep
sakura 	0	paper
sakura 	0	paperWarm
sakura 	0	ink
sakura 	0	inkSoft
sakura 	0	line
sakura 	0	card
sakura 	0	tint
sakura 	0	tintStrong
sakura 	0	gradFrom
sakura 	0	gradTo
sakura 	0	shadow
sakura 	0	glow
sakura 	0	overlay
sakura 	0	isDark
sakura 	0	swatch
sakura 	1	hibiscus
sakura 	1	hibiscusDeep
sakura 	1	hibiscusSoft
sakura 	1	stamen
sakura 	1	leaf
sakura 	1	leafDeep
sakura 	1	paper
sakura 	1	paperWarm
sakura 	1	ink
sakura 	1	inkSoft
sakura 	1	line
sakura 	1	card
sakura 	1	tint
sakura 	1	tintStrong
sakura 	1	gradFrom
sakura 	1	gradTo
sakura 	1	shadow
sakura 	1	glow
sakura 	1	overlay
sakura 	1	isDark
sakura 	1	swatch
樱花	0	hibiscus
樱花	0	hibiscusDeep
樱花	0	hibiscusSoft
樱花	0	stamen
樱花	0	leaf
樱花	0	leafDeep
樱花	0	paper
樱花	0	paperWarm
樱花	0	ink
樱花	0	inkSoft
樱花	0	line
樱花	0	card
樱花	0	tint
樱花	0	tintStrong
樱花	0	gradFrom
樱花	0	gradTo
樱花	0	shadow
樱花	0	glow
樱花	0	overlay
樱花	0	isDark
樱花	0	swatch
樱花	1	hibiscus
樱花	1	hibiscusDeep
樱花	1	hibiscusSoft
樱花	1	stamen
樱花	1	leaf
樱花	1	leafDeep
樱花	1	paper
樱花	1	paperWarm
樱花	1	ink
樱花	1	inkSoft
樱花	1	line
樱花	1	card
樱花	1	tint
樱花	1	tintStrong
樱花	1	gradFrom
樱花	1	gradTo
樱花	1	shadow
樱花	1	glow
樱花	1	overlay
樱花	1	isDark
樱花	1	swatch
